/**
 * Auto-generated by tools/generate_noto_font12cn.py
 * Source font: /usr/share/fonts/opentype/noto/NotoSansCJK-Regular.ttc
 * Pixel size: 18, Glyph box: 18x21, ASCII width: 8
 */
#include "fonts.h"

const CH_CN Font12CN_Table[] = {
/*-- char:   --*/
{{"\x20\x00"},{0x00,0x00,0x00,0x00,0x00,0x00,0x00,0x00,0x00,0x00,0x00,0x00,0x00,0x00,0x00,0x00,0x00,0x00,0x00,0x00,0x00,0x00,0x00,0x00,0x00,0x00,0x00,0x00,0x00,0x00,0x00,0x00,0x00,0x00,0x00,0x00,0x00,0x00,0x00,0x00,0x00,0x00,0x00,0x00,0x00,0x00,0x00,0x00,0x00,0x00,0x00,0x00,0x00,0x00,0x00,0x00,0x00,0x00,0x00,0x00,0x00,0x00,0x00}},
/*-- char: ! --*/
{{"\x21\x00"},{0x00,0x00,0x00,0x00,0x00,0x00,0x00,0x00,0x00,0x00,0x00,0x00,0x00,0x80,0x00,0x00,0xC0,0x00,0x00,0xC0,0x00,0x00,0xC0,0x00,0x00,0xC0,0x00,0x00,0xC0,0x00,0x00,0xC0,0x00,0x00,0xC0,0x00,0x00,0xC0,0x00,0x00,0xC0,0x00,0x00,0x00,0x00,0x00,0x00,0x00,0x00,0xC0,0x00,0x00,0xC0,0x00,0x00,0x80,0x00,0x00,0x00,0x00,0x00,0x00,0x00}},
/*-- char: ? --*/
{{"\x22\x00"},{0x00,0x00,0x00,0x00,0x00,0x00,0x00,0x00,0x00,0x00,0x00,0x00,0x03,0x30,0x00,0x03,0x30,0x00,0x03,0x30,0x00,0x03,0x30,0x00,0x03,0x30,0x00,0x01,0x20,0x00,0x00,0x00,0x00,0x00,0x00,0x00,0x00,0x00,0x00,0x00,0x00,0x00,0x00,0x00,0x00,0x00,0x00,0x00,0x00,0x00,0x00,0x00,0x00,0x00,0x00,0x00,0x00,0x00,0x00,0x00,0x00,0x00,0x00}},
/*-- char: # --*/
{{"\x23\x00"},{0x00,0x00,0x00,0x00,0x00,0x00,0x00,0x00,0x00,0x00,0x00,0x00,0x00,0x00,0x00,0x01,0x90,0x00,0x01,0x90,0x00,0x01,0x10,0x00,0x07,0xF8,0x00,0x07,0xFC,0x00,0x03,0x30,0x00,0x03,0x30,0x00,0x07,0xF8,0x00,0x0F,0xF8,0x00,0x03,0x20,0x00,0x03,0x20,0x00,0x02,0x60,0x00,0x02,0x60,0x00,0x00,0x00,0x00,0x00,0x00,0x00,0x00,0x00,0x00}},
/*-- char: $ --*/
{{"\x24\x00"},{0x00,0x00,0x00,0x00,0x00,0x00,0x00,0x00,0x00,0x00,0xC0,0x00,0x00,0xC0,0x00,0x01,0xF0,0x00,0x03,0xF0,0x00,0x07,0x00,0x00,0x06,0x00,0x00,0x03,0x00,0x00,0x03,0x80,0x00,0x01,0xE0,0x00,0x00,0x70,0x00,0x00,0x38,0x00,0x00,0x18,0x00,0x00,0x18,0x00,0x07,0x38,0x00,0x03,0xF0,0x00,0x00,0xC0,0x00,0x00,0xC0,0x00,0x00,0xC0,0x00}},
/*-- char: % --*/
{{"\x25\x00"},{0x00,0x00,0x00,0x00,0x00,0x00,0x00,0x00,0x00,0x00,0x00,0x00,0x1C,0x08,0x00,0x3E,0x18,0x00,0x62,0x10,0x00,0x63,0x30,0x00,0x63,0x20,0x00,0x63,0x64,0x00,0x62,0x5F,0x00,0x36,0xDB,0x00,0x1C,0x91,0x80,0x01,0xB1,0x80,0x03,0x31,0x80,0x03,0x31,0x80,0x06,0x19,0x00,0x06,0x1F,0x00,0x04,0x04,0x00,0x00,0x00,0x00,0x00,0x00,0x00}},
/*-- char: & --*/
{{"\x26\x00"},{0x00,0x00,0x00,0x00,0x00,0x00,0x00,0x00,0x00,0x00,0x00,0x00,0x01,0x80,0x00,0x03,0xC0,0x00,0x06,0x60,0x00,0x06,0x60,0x00,0x06,0xC0,0x00,0x07,0xC0,0x00,0x03,0x84,0x00,0x07,0x04,0x00,0x0D,0x8C,0x00,0x18,0xCC,0x00,0x18,0xF8,0x00,0x18,0x78,0x00,0x0C,0x7C,0x00,0x0F,0xCE,0x00,0x03,0x00,0x00,0x00,0x00,0x00,0x00,0x00,0x00}},
/*-- char: ' --*/
{{"\x27\x00"},{0x00,0x00,0x00,0x00,0x00,0x00,0x00,0x00,0x00,0x00,0x00,0x00,0x00,0xC0,0x00,0x00,0xC0,0x00,0x00,0xC0,0x00,0x00,0xC0,0x00,0x00,0xC0,0x00,0x00,0x80,0x00,0x00,0x00,0x00,0x00,0x00,0x00,0x00,0x00,0x00,0x00,0x00,0x00,0x00,0x00,0x00,0x00,0x00,0x00,0x00,0x00,0x00,0x00,0x00,0x00,0x00,0x00,0x00,0x00,0x00,0x00,0x00,0x00,0x00}},
/*-- char: ( --*/
{{"\x28\x00"},{0x00,0x00,0x00,0x00,0x00,0x00,0x00,0x00,0x00,0x00,0x20,0x00,0x00,0x60,0x00,0x00,0x60,0x00,0x00,0x40,0x00,0x00,0xC0,0x00,0x00,0xC0,0x00,0x00,0xC0,0x00,0x01,0x80,0x00,0x01,0x80,0x00,0x01,0x80,0x00,0x01,0x80,0x00,0x01,0x80,0x00,0x00,0xC0,0x00,0x00,0xC0,0x00,0x00,0xC0,0x00,0x00,0x40,0x00,0x00,0x60,0x00,0x00,0x60,0x00}},
/*-- char: ) --*/
{{"\x29\x00"},{0x00,0x00,0x00,0x00,0x00,0x00,0x00,0x00,0x00,0x01,0x00,0x00,0x01,0x80,0x00,0x01,0x80,0x00,0x00,0xC0,0x00,0x00,0xC0,0x00,0x00,0xC0,0x00,0x00,0x40,0x00,0x00,0x60,0x00,0x00,0x60,0x00,0x00,0x60,0x00,0x00,0x60,0x00,0x00,0x60,0x00,0x00,0x40,0x00,0x00,0xC0,0x00,0x00,0xC0,0x00,0x00,0xC0,0x00,0x01,0x80,0x00,0x01,0x80,0x00}},
/*-- char: * --*/
{{"\x2A\x00"},{0x00,0x00,0x00,0x00,0x00,0x00,0x00,0x00,0x00,0x00,0x80,0x00,0x00,0xC0,0x00,0x03,0xF0,0x00,0x03,0xF0,0x00,0x01,0xC0,0x00,0x01,0x60,0x00,0x01,0x20,0x00,0x00,0x00,0x00,0x00,0x00,0x00,0x00,0x00,0x00,0x00,0x00,0x00,0x00,0x00,0x00,0x00,0x00,0x00,0x00,0x00,0x00,0x00,0x00,0x00,0x00,0x00,0x00,0x00,0x00,0x00,0x00,0x00,0x00}},
/*-- char: + --*/
{{"\x2B\x00"},{0x00,0x00,0x00,0x00,0x00,0x00,0x00,0x00,0x00,0x00,0x00,0x00,0x00,0x00,0x00,0x00,0x00,0x00,0x00,0x00,0x00,0x00,0xC0,0x00,0x00,0xC0,0x00,0x00,0xC0,0x00,0x07,0xF8,0x00,0x0F,0xFC,0x00,0x00,0xC0,0x00,0x00,0xC0,0x00,0x00,0xC0,0x00,0x00,0xC0,0x00,0x00,0x00,0x00,0x00,0x00,0x00,0x00,0x00,0x00,0x00,0x00,0x00,0x00,0x00,0x00}},
/*-- char: , --*/
{{"\x2C\x00"},{0x00,0x00,0x00,0x00,0x00,0x00,0x00,0x00,0x00,0x00,0x00,0x00,0x00,0x00,0x00,0x00,0x00,0x00,0x00,0x00,0x00,0x00,0x00,0x00,0x00,0x00,0x00,0x00,0x00,0x00,0x00,0x00,0x00,0x00,0x00,0x00,0x00,0x00,0x00,0x00,0x00,0x00,0x00,0x00,0x00,0x00,0x80,0x00,0x01,0xC0,0x00,0x00,0xE0,0x00,0x00,0x60,0x00,0x00,0xC0,0x00,0x01,0x80,0x00}},
/*-- char: - --*/
{{"\x2D\x00"},{0x00,0x00,0x00,0x00,0x00,0x00,0x00,0x00,0x00,0x00,0x00,0x00,0x00,0x00,0x00,0x00,0x00,0x00,0x00,0x00,0x00,0x00,0x00,0x00,0x00,0x00,0x00,0x00,0x00,0x00,0x00,0x00,0x00,0x00,0x00,0x00,0x03,0xE0,0x00,0x03,0xE0,0x00,0x00,0x00,0x00,0x00,0x00,0x00,0x00,0x00,0x00,0x00,0x00,0x00,0x00,0x00,0x00,0x00,0x00,0x00,0x00,0x00,0x00}},
/*-- char: . --*/
{{"\x2E\x00"},{0x00,0x00,0x00,0x00,0x00,0x00,0x00,0x00,0x00,0x00,0x00,0x00,0x00,0x00,0x00,0x00,0x00,0x00,0x00,0x00,0x00,0x00,0x00,0x00,0x00,0x00,0x00,0x00,0x00,0x00,0x00,0x00,0x00,0x00,0x00,0x00,0x00,0x00,0x00,0x00,0x00,0x00,0x00,0x00,0x00,0x00,0x00,0x00,0x00,0xC0,0x00,0x00,0xC0,0x00,0x00,0x80,0x00,0x00,0x00,0x00,0x00,0x00,0x00}},
/*-- char: / --*/
{{"\x2F\x00"},{0x00,0x00,0x00,0x00,0x00,0x00,0x00,0x00,0x00,0x00,0x10,0x00,0x00,0x30,0x00,0x00,0x30,0x00,0x00,0x30,0x00,0x00,0x60,0x00,0x00,0x60,0x00,0x00,0x60,0x00,0x00,0x40,0x00,0x00,0xC0,0x00,0x00,0xC0,0x00,0x00,0x80,0x00,0x01,0x80,0x00,0x01,0x80,0x00,0x01,0x00,0x00,0x03,0x00,0x00,0x03,0x00,0x00,0x03,0x00,0x00,0x06,0x00,0x00}},
/*-- char: 0 --*/
{{"\x30\x00"},{0x00,0x00,0x00,0x00,0x00,0x00,0x00,0x00,0x00,0x00,0x00,0x00,0x01,0xE0,0x00,0x03,0xF0,0x00,0x03,0x30,0x00,0x06,0x18,0x00,0x06,0x18,0x00,0x06,0x18,0x00,0x06,0x18,0x00,0x06,0x18,0x00,0x06,0x18,0x00,0x06,0x18,0x00,0x06,0x18,0x00,0x06,0x18,0x00,0x03,0x30,0x00,0x01,0xE0,0x00,0x00,0xC0,0x00,0x00,0x00,0x00,0x00,0x00,0x00}},
/*-- char: 1 --*/
{{"\x31\x00"},{0x00,0x00,0x00,0x00,0x00,0x00,0x00,0x00,0x00,0x00,0x00,0x00,0x00,0x40,0x00,0x03,0xC0,0x00,0x03,0xC0,0x00,0x00,0xC0,0x00,0x00,0xC0,0x00,0x00,0xC0,0x00,0x00,0xC0,0x00,0x00,0xC0,0x00,0x00,0xC0,0x00,0x00,0xC0,0x00,0x00,0xC0,0x00,0x00,0xC0,0x00,0x03,0xF0,0x00,0x07,0xF8,0x00,0x00,0x00,0x00,0x00,0x00,0x00,0x00,0x00,0x00}},
/*-- char: 2 --*/
{{"\x32\x00"},{0x00,0x00,0x00,0x00,0x00,0x00,0x00,0x00,0x00,0x00,0x00,0x00,0x01,0xC0,0x00,0x07,0xF0,0x00,0x06,0x30,0x00,0x00,0x38,0x00,0x00,0x18,0x00,0x00,0x38,0x00,0x00,0x30,0x00,0x00,0x30,0x00,0x00,0x60,0x00,0x00,0xC0,0x00,0x01,0xC0,0x00,0x03,0x80,0x00,0x07,0xF8,0x00,0x0F,0xF8,0x00,0x00,0x00,0x00,0x00,0x00,0x00,0x00,0x00,0x00}},
/*-- char: 3 --*/
{{"\x33\x00"},{0x00,0x00,0x00,0x00,0x00,0x00,0x00,0x00,0x00,0x00,0x00,0x00,0x01,0xE0,0x00,0x07,0xF0,0x00,0x06,0x38,0x00,0x00,0x18,0x00,0x00,0x18,0x00,0x00,0x30,0x00,0x01,0xE0,0x00,0x01,0xF0,0x00,0x00,0x38,0x00,0x00,0x18,0x00,0x00,0x18,0x00,0x04,0x18,0x00,0x06,0x38,0x00,0x07,0xF0,0x00,0x00,0xC0,0x00,0x00,0x00,0x00,0x00,0x00,0x00}},
/*-- char: 4 --*/
{{"\x34\x00"},{0x00,0x00,0x00,0x00,0x00,0x00,0x00,0x00,0x00,0x00,0x00,0x00,0x00,0x30,0x00,0x00,0x70,0x00,0x00,0xF0,0x00,0x00,0xF0,0x00,0x01,0xB0,0x00,0x01,0xB0,0x00,0x03,0x30,0x00,0x06,0x30,0x00,0x06,0x30,0x00,0x0F,0xFC,0x00,0x0F,0xF8,0x00,0x00,0x30,0x00,0x00,0x30,0x00,0x00,0x30,0x00,0x00,0x00,0x00,0x00,0x00,0x00,0x00,0x00,0x00}},
/*-- char: 5 --*/
{{"\x35\x00"},{0x00,0x00,0x00,0x00,0x00,0x00,0x00,0x00,0x00,0x00,0x00,0x00,0x03,0xF0,0x00,0x03,0xF8,0x00,0x03,0x00,0x00,0x07,0x00,0x00,0x06,0x00,0x00,0x07,0xE0,0x00,0x07,0xF0,0x00,0x02,0x38,0x00,0x00,0x18,0x00,0x00,0x18,0x00,0x00,0x18,0x00,0x00,0x18,0x00,0x0E,0x30,0x00,0x07,0xF0,0x00,0x00,0xC0,0x00,0x00,0x00,0x00,0x00,0x00,0x00}},
/*-- char: 6 --*/
{{"\x36\x00"},{0x00,0x00,0x00,0x00,0x00,0x00,0x00,0x00,0x00,0x00,0x00,0x00,0x00,0xF0,0x00,0x01,0xF8,0x00,0x03,0x18,0x00,0x06,0x00,0x00,0x06,0x00,0x00,0x06,0x60,0x00,0x07,0xF0,0x00,0x07,0x38,0x00,0x06,0x18,0x00,0x06,0x18,0x00,0x06,0x18,0x00,0x06,0x18,0x00,0x03,0x38,0x00,0x01,0xF0,0x00,0x00,0xC0,0x00,0x00,0x00,0x00,0x00,0x00,0x00}},
/*-- char: 7 --*/
{{"\x37\x00"},{0x00,0x00,0x00,0x00,0x00,0x00,0x00,0x00,0x00,0x00,0x00,0x00,0x07,0xF8,0x00,0x07,0xF8,0x00,0x00,0x18,0x00,0x00,0x30,0x00,0x00,0x30,0x00,0x00,0x60,0x00,0x00,0x60,0x00,0x00,0xC0,0x00,0x00,0xC0,0x00,0x00,0xC0,0x00,0x00,0xC0,0x00,0x01,0xC0,0x00,0x01,0xC0,0x00,0x01,0xC0,0x00,0x00,0x00,0x00,0x00,0x00,0x00,0x00,0x00,0x00}},
/*-- char: 8 --*/
{{"\x38\x00"},{0x00,0x00,0x00,0x00,0x00,0x00,0x00,0x00,0x00,0x00,0x00,0x00,0x01,0xE0,0x00,0x03,0xF0,0x00,0x07,0x18,0x00,0x06,0x18,0x00,0x06,0x18,0x00,0x03,0x18,0x00,0x01,0xF0,0x00,0x03,0xF0,0x00,0x06,0x38,0x00,0x06,0x18,0x00,0x06,0x18,0x00,0x06,0x18,0x00,0x07,0x38,0x00,0x03,0xF0,0x00,0x00,0xC0,0x00,0x00,0x00,0x00,0x00,0x00,0x00}},
/*-- char: 9 --*/
{{"\x39\x00"},{0x00,0x00,0x00,0x00,0x00,0x00,0x00,0x00,0x00,0x00,0x00,0x00,0x01,0xC0,0x00,0x03,0xF0,0x00,0x06,0x30,0x00,0x06,0x18,0x00,0x06,0x18,0x00,0x06,0x18,0x00,0x06,0x18,0x00,0x07,0xF8,0x00,0x03,0xD8,0x00,0x00,0x18,0x00,0x00,0x18,0x00,0x00,0x30,0x00,0x06,0x70,0x00,0x07,0xE0,0x00,0x01,0x80,0x00,0x00,0x00,0x00,0x00,0x00,0x00}},
/*-- char: : --*/
{{"\x3A\x00"},{0x00,0x00,0x00,0x00,0x00,0x00,0x00,0x00,0x00,0x00,0x00,0x00,0x00,0x00,0x00,0x00,0x00,0x00,0x00,0x00,0x00,0x00,0x00,0x00,0x00,0x80,0x00,0x01,0xC0,0x00,0x00,0xC0,0x00,0x00,0x00,0x00,0x00,0x00,0x00,0x00,0x00,0x00,0x00,0x00,0x00,0x00,0x00,0x00,0x00,0xC0,0x00,0x00,0xC0,0x00,0x00,0x80,0x00,0x00,0x00,0x00,0x00,0x00,0x00}},
/*-- char: ; --*/
{{"\x3B\x00"},{0x00,0x00,0x00,0x00,0x00,0x00,0x00,0x00,0x00,0x00,0x00,0x00,0x00,0x00,0x00,0x00,0x00,0x00,0x00,0x00,0x00,0x00,0x00,0x00,0x00,0x80,0x00,0x01,0xC0,0x00,0x00,0xC0,0x00,0x00,0x00,0x00,0x00,0x00,0x00,0x00,0x00,0x00,0x00,0x00,0x00,0x00,0x80,0x00,0x01,0xC0,0x00,0x00,0xE0,0x00,0x00,0x60,0x00,0x00,0xC0,0x00,0x01,0x80,0x00}},
/*-- char: < --*/
{{"\x3C\x00"},{0x00,0x00,0x00,0x00,0x00,0x00,0x00,0x00,0x00,0x00,0x00,0x00,0x00,0x00,0x00,0x00,0x00,0x00,0x00,0x00,0x00,0x00,0x0C,0x00,0x00,0x7C,0x00,0x01,0xF0,0x00,0x07,0x80,0x00,0x0E,0x00,0x00,0x07,0xC0,0x00,0x00,0xF8,0x00,0x00,0x1C,0x00,0x00,0x00,0x00,0x00,0x00,0x00,0x00,0x00,0x00,0x00,0x00,0x00,0x00,0x00,0x00,0x00,0x00,0x00}},
/*-- char: = --*/
{{"\x3D\x00"},{0x00,0x00,0x00,0x00,0x00,0x00,0x00,0x00,0x00,0x00,0x00,0x00,0x00,0x00,0x00,0x00,0x00,0x00,0x00,0x00,0x00,0x00,0x00,0x00,0x07,0xF8,0x00,0x0F,0xFC,0x00,0x00,0x00,0x00,0x00,0x00,0x00,0x00,0x00,0x00,0x0F,0xFC,0x00,0x07,0xF8,0x00,0x00,0x00,0x00,0x00,0x00,0x00,0x00,0x00,0x00,0x00,0x00,0x00,0x00,0x00,0x00,0x00,0x00,0x00}},
/*-- char: > --*/
{{"\x3E\x00"},{0x00,0x00,0x00,0x00,0x00,0x00,0x00,0x00,0x00,0x00,0x00,0x00,0x00,0x00,0x00,0x00,0x00,0x00,0x00,0x00,0x00,0x0C,0x00,0x00,0x0F,0x00,0x00,0x03,0xE0,0x00,0x00,0x78,0x00,0x00,0x3C,0x00,0x00,0xF0,0x00,0x07,0xC0,0x00,0x0E,0x00,0x00,0x00,0x00,0x00,0x00,0x00,0x00,0x00,0x00,0x00,0x00,0x00,0x00,0x00,0x00,0x00,0x00,0x00,0x00}},
/*-- char: ? --*/
{{"\x3F\x00"},{0x00,0x00,0x00,0x00,0x00,0x00,0x00,0x00,0x00,0x00,0x00,0x00,0x01,0xE0,0x00,0x03,0xF0,0x00,0x02,0x30,0x00,0x00,0x38,0x00,0x00,0x30,0x00,0x00,0x30,0x00,0x00,0x60,0x00,0x00,0xC0,0x00,0x00,0xC0,0x00,0x00,0xC0,0x00,0x00,0x00,0x00,0x00,0x00,0x00,0x01,0xC0,0x00,0x01,0xC0,0x00,0x00,0x80,0x00,0x00,0x00,0x00,0x00,0x00,0x00}},
/*-- char: @ --*/
{{"\x40\x00"},{0x00,0x00,0x00,0x00,0x00,0x00,0x00,0x00,0x00,0x00,0x00,0x00,0x00,0x00,0x00,0x03,0xF8,0x00,0x07,0x9C,0x00,0x0C,0x06,0x00,0x18,0x03,0x00,0x30,0xD1,0x00,0x31,0xF1,0x80,0x63,0x31,0x80,0x66,0x31,0x80,0x66,0x31,0x00,0x66,0x33,0x00,0x67,0xF6,0x00,0x23,0x9C,0x00,0x30,0x00,0x00,0x18,0x00,0x00,0x1E,0x30,0x00,0x07,0xF0,0x00}},
/*-- char: A --*/
{{"\x41\x00"},{0x00,0x00,0x00,0x00,0x00,0x00,0x00,0x00,0x00,0x00,0x00,0x00,0x00,0xC0,0x00,0x01,0xC0,0x00,0x01,0xE0,0x00,0x01,0xE0,0x00,0x03,0x60,0x00,0x03,0x30,0x00,0x03,0x30,0x00,0x06,0x30,0x00,0x07,0xF8,0x00,0x07,0xF8,0x00,0x0E,0x18,0x00,0x0C,0x1C,0x00,0x0C,0x0C,0x00,0x18,0x0C,0x00,0x00,0x00,0x00,0x00,0x00,0x00,0x00,0x00,0x00}},
/*-- char: B --*/
{{"\x42\x00"},{0x00,0x00,0x00,0x00,0x00,0x00,0x00,0x00,0x00,0x00,0x00,0x00,0x07,0xC0,0x00,0x0F,0xF0,0x00,0x06,0x38,0x00,0x06,0x1C,0x00,0x06,0x18,0x00,0x06,0x18,0x00,0x07,0xF0,0x00,0x07,0xF8,0x00,0x06,0x1C,0x00,0x06,0x0C,0x00,0x06,0x0C,0x00,0x06,0x0C,0x00,0x07,0xF8,0x00,0x07,0xF0,0x00,0x00,0x00,0x00,0x00,0x00,0x00,0x00,0x00,0x00}},
/*-- char: C --*/
{{"\x43\x00"},{0x00,0x00,0x00,0x00,0x00,0x00,0x00,0x00,0x00,0x00,0x00,0x00,0x00,0xF0,0x00,0x01,0xFC,0x00,0x03,0x0C,0x00,0x06,0x00,0x00,0x06,0x00,0x00,0x0E,0x00,0x00,0x0C,0x00,0x00,0x0C,0x00,0x00,0x0C,0x00,0x00,0x0E,0x00,0x00,0x06,0x00,0x00,0x07,0x04,0x00,0x03,0x9C,0x00,0x01,0xF8,0x00,0x00,0x60,0x00,0x00,0x00,0x00,0x00,0x00,0x00}},
/*-- char: D --*/
{{"\x44\x00"},{0x00,0x00,0x00,0x00,0x00,0x00,0x00,0x00,0x00,0x00,0x00,0x00,0x07,0x80,0x00,0x0F,0xF0,0x00,0x0C,0x78,0x00,0x0C,0x18,0x00,0x0C,0x0C,0x00,0x0C,0x0C,0x00,0x0C,0x0C,0x00,0x0C,0x0C,0x00,0x0C,0x0C,0x00,0x0C,0x0C,0x00,0x0C,0x1C,0x00,0x0C,0x38,0x00,0x0F,0xF0,0x00,0x0F,0xE0,0x00,0x00,0x00,0x00,0x00,0x00,0x00,0x00,0x00,0x00}},
/*-- char: E --*/
{{"\x45\x00"},{0x00,0x00,0x00,0x00,0x00,0x00,0x00,0x00,0x00,0x00,0x00,0x00,0x03,0xF8,0x00,0x07,0xF8,0x00,0x06,0x00,0x00,0x06,0x00,0x00,0x06,0x00,0x00,0x06,0x00,0x00,0x07,0xF0,0x00,0x07,0xF0,0x00,0x06,0x00,0x00,0x06,0x00,0x00,0x06,0x00,0x00,0x06,0x00,0x00,0x07,0xF8,0x00,0x07,0xFC,0x00,0x00,0x00,0x00,0x00,0x00,0x00,0x00,0x00,0x00}},
/*-- char: F --*/
{{"\x46\x00"},{0x00,0x00,0x00,0x00,0x00,0x00,0x00,0x00,0x00,0x00,0x00,0x00,0x03,0xF8,0x00,0x07,0xFC,0x00,0x03,0x00,0x00,0x03,0x00,0x00,0x03,0x00,0x00,0x03,0x00,0x00,0x03,0xF0,0x00,0x03,0xF8,0x00,0x03,0x00,0x00,0x03,0x00,0x00,0x03,0x00,0x00,0x03,0x00,0x00,0x03,0x00,0x00,0x03,0x00,0x00,0x00,0x00,0x00,0x00,0x00,0x00,0x00,0x00,0x00}},
/*-- char: G --*/
{{"\x47\x00"},{0x00,0x00,0x00,0x00,0x00,0x00,0x00,0x00,0x00,0x00,0x00,0x00,0x00,0xF0,0x00,0x03,0xF8,0x00,0x07,0x08,0x00,0x0E,0x00,0x00,0x0C,0x00,0x00,0x0C,0x00,0x00,0x1C,0x00,0x00,0x1C,0x7C,0x00,0x0C,0x3C,0x00,0x0C,0x0C,0x00,0x0C,0x0C,0x00,0x06,0x0C,0x00,0x07,0x9C,0x00,0x03,0xF8,0x00,0x00,0x60,0x00,0x00,0x00,0x00,0x00,0x00,0x00}},
/*-- char: H --*/
{{"\x48\x00"},{0x00,0x00,0x00,0x00,0x00,0x00,0x00,0x00,0x00,0x00,0x00,0x00,0x0C,0x0C,0x00,0x0C,0x0C,0x00,0x0C,0x0C,0x00,0x0C,0x0C,0x00,0x0C,0x0C,0x00,0x0C,0x0C,0x00,0x0F,0xFC,0x00,0x0F,0xFC,0x00,0x0C,0x0C,0x00,0x0C,0x0C,0x00,0x0C,0x0C,0x00,0x0C,0x0C,0x00,0x0C,0x0C,0x00,0x0C,0x0C,0x00,0x00,0x00,0x00,0x00,0x00,0x00,0x00,0x00,0x00}},
/*-- char: I --*/
{{"\x49\x00"},{0x00,0x00,0x00,0x00,0x00,0x00,0x00,0x00,0x00,0x00,0x00,0x00,0x00,0xC0,0x00,0x00,0xC0,0x00,0x00,0xC0,0x00,0x00,0xC0,0x00,0x00,0xC0,0x00,0x00,0xC0,0x00,0x00,0xC0,0x00,0x00,0xC0,0x00,0x00,0xC0,0x00,0x00,0xC0,0x00,0x00,0xC0,0x00,0x00,0xC0,0x00,0x00,0xC0,0x00,0x00,0xC0,0x00,0x00,0x00,0x00,0x00,0x00,0x00,0x00,0x00,0x00}},
/*-- char: J --*/
{{"\x4A\x00"},{0x00,0x00,0x00,0x00,0x00,0x00,0x00,0x00,0x00,0x00,0x00,0x00,0x00,0x30,0x00,0x00,0x30,0x00,0x00,0x30,0x00,0x00,0x30,0x00,0x00,0x30,0x00,0x00,0x30,0x00,0x00,0x30,0x00,0x00,0x30,0x00,0x00,0x30,0x00,0x00,0x30,0x00,0x00,0x30,0x00,0x04,0x30,0x00,0x06,0x70,0x00,0x07,0xE0,0x00,0x01,0x80,0x00,0x00,0x00,0x00,0x00,0x00,0x00}},
/*-- char: K --*/
{{"\x4B\x00"},{0x00,0x00,0x00,0x00,0x00,0x00,0x00,0x00,0x00,0x00,0x00,0x00,0x04,0x0C,0x00,0x06,0x1C,0x00,0x06,0x38,0x00,0x06,0x70,0x00,0x06,0x60,0x00,0x06,0xC0,0x00,0x07,0xC0,0x00,0x07,0xE0,0x00,0x07,0x70,0x00,0x06,0x30,0x00,0x06,0x18,0x00,0x06,0x18,0x00,0x06,0x0C,0x00,0x06,0x0C,0x00,0x00,0x00,0x00,0x00,0x00,0x00,0x00,0x00,0x00}},
/*-- char: L --*/
{{"\x4C\x00"},{0x00,0x00,0x00,0x00,0x00,0x00,0x00,0x00,0x00,0x00,0x00,0x00,0x02,0x00,0x00,0x03,0x00,0x00,0x03,0x00,0x00,0x03,0x00,0x00,0x03,0x00,0x00,0x03,0x00,0x00,0x03,0x00,0x00,0x03,0x00,0x00,0x03,0x00,0x00,0x03,0x00,0x00,0x03,0x00,0x00,0x03,0x00,0x00,0x03,0xF8,0x00,0x03,0xFC,0x00,0x00,0x00,0x00,0x00,0x00,0x00,0x00,0x00,0x00}},
/*-- char: M --*/
{{"\x4D\x00"},{0x00,0x00,0x00,0x00,0x00,0x00,0x00,0x00,0x00,0x00,0x00,0x00,0x08,0x04,0x00,0x1C,0x0E,0x00,0x1C,0x0E,0x00,0x1E,0x1E,0x00,0x1E,0x1E,0x00,0x1E,0x16,0x00,0x1B,0x36,0x00,0x1B,0x36,0x00,0x19,0x26,0x00,0x19,0xE6,0x00,0x19,0xE6,0x00,0x18,0xC6,0x00,0x18,0xC6,0x00,0x18,0x06,0x00,0x00,0x00,0x00,0x00,0x00,0x00,0x00,0x00,0x00}},
/*-- char: N --*/
{{"\x4E\x00"},{0x00,0x00,0x00,0x00,0x00,0x00,0x00,0x00,0x00,0x00,0x00,0x00,0x0C,0x08,0x00,0x0E,0x0C,0x00,0x0E,0x0C,0x00,0x0F,0x0C,0x00,0x0F,0x0C,0x00,0x0D,0x8C,0x00,0x0D,0x8C,0x00,0x0C,0xCC,0x00,0x0C,0xEC,0x00,0x0C,0x6C,0x00,0x0C,0x3C,0x00,0x0C,0x3C,0x00,0x0C,0x1C,0x00,0x0C,0x1C,0x00,0x00,0x00,0x00,0x00,0x00,0x00,0x00,0x00,0x00}},
/*-- char: O --*/
{{"\x4F\x00"},{0x00,0x00,0x00,0x00,0x00,0x00,0x00,0x00,0x00,0x00,0x00,0x00,0x01,0xE0,0x00,0x07,0xF8,0x00,0x06,0x18,0x00,0x0C,0x0C,0x00,0x0C,0x0C,0x00,0x1C,0x0E,0x00,0x18,0x06,0x00,0x18,0x06,0x00,0x18,0x06,0x00,0x1C,0x0E,0x00,0x0C,0x0C,0x00,0x0E,0x0C,0x00,0x07,0x38,0x00,0x03,0xF0,0x00,0x00,0xC0,0x00,0x00,0x00,0x00,0x00,0x00,0x00}},
/*-- char: P --*/
{{"\x50\x00"},{0x00,0x00,0x00,0x00,0x00,0x00,0x00,0x00,0x00,0x00,0x00,0x00,0x07,0xC0,0x00,0x07,0xF8,0x00,0x06,0x1C,0x00,0x06,0x0C,0x00,0x06,0x0C,0x00,0x06,0x0C,0x00,0x06,0x1C,0x00,0x07,0xF8,0x00,0x07,0xE0,0x00,0x06,0x00,0x00,0x06,0x00,0x00,0x06,0x00,0x00,0x06,0x00,0x00,0x06,0x00,0x00,0x00,0x00,0x00,0x00,0x00,0x00,0x00,0x00,0x00}},
/*-- char: Q --*/
{{"\x51\x00"},{0x00,0x00,0x00,0x00,0x00,0x00,0x00,0x00,0x00,0x00,0x00,0x00,0x01,0xE0,0x00,0x07,0xF8,0x00,0x06,0x18,0x00,0x0C,0x0C,0x00,0x0C,0x0C,0x00,0x1C,0x0E,0x00,0x18,0x06,0x00,0x18,0x06,0x00,0x18,0x06,0x00,0x1C,0x0E,0x00,0x0C,0x0C,0x00,0x0C,0x0C,0x00,0x07,0x38,0x00,0x03,0xF0,0x00,0x00,0xE0,0x00,0x00,0x70,0x00,0x00,0x3E,0x00}},
/*-- char: R --*/
{{"\x52\x00"},{0x00,0x00,0x00,0x00,0x00,0x00,0x00,0x00,0x00,0x00,0x00,0x00,0x07,0xE0,0x00,0x07,0xF8,0x00,0x06,0x1C,0x00,0x06,0x0C,0x00,0x06,0x0C,0x00,0x06,0x0C,0x00,0x06,0x1C,0x00,0x07,0xF8,0x00,0x07,0xE0,0x00,0x06,0x30,0x00,0x06,0x30,0x00,0x06,0x18,0x00,0x06,0x1C,0x00,0x06,0x0C,0x00,0x00,0x00,0x00,0x00,0x00,0x00,0x00,0x00,0x00}},
/*-- char: S --*/
{{"\x53\x00"},{0x00,0x00,0x00,0x00,0x00,0x00,0x00,0x00,0x00,0x00,0x00,0x00,0x01,0xE0,0x00,0x03,0xF8,0x00,0x07,0x18,0x00,0x06,0x00,0x00,0x06,0x00,0x00,0x07,0x00,0x00,0x03,0xC0,0x00,0x00,0xF0,0x00,0x00,0x38,0x00,0x00,0x1C,0x00,0x00,0x0C,0x00,0x04,0x0C,0x00,0x07,0x38,0x00,0x03,0xF0,0x00,0x00,0xC0,0x00,0x00,0x00,0x00,0x00,0x00,0x00}},
/*-- char: T --*/
{{"\x54\x00"},{0x00,0x00,0x00,0x00,0x00,0x00,0x00,0x00,0x00,0x00,0x00,0x00,0x0F,0xFC,0x00,0x0F,0xFC,0x00,0x00,0xC0,0x00,0x00,0xC0,0x00,0x00,0xC0,0x00,0x00,0xC0,0x00,0x00,0xC0,0x00,0x00,0xC0,0x00,0x00,0xC0,0x00,0x00,0xC0,0x00,0x00,0xC0,0x00,0x00,0xC0,0x00,0x00,0xC0,0x00,0x00,0xC0,0x00,0x00,0x00,0x00,0x00,0x00,0x00,0x00,0x00,0x00}},
/*-- char: U --*/
{{"\x55\x00"},{0x00,0x00,0x00,0x00,0x00,0x00,0x00,0x00,0x00,0x00,0x00,0x00,0x0C,0x0C,0x00,0x0C,0x0C,0x00,0x0C,0x0C,0x00,0x0C,0x0C,0x00,0x0C,0x0C,0x00,0x0C,0x0C,0x00,0x0C,0x0C,0x00,0x0C,0x0C,0x00,0x0C,0x0C,0x00,0x0C,0x0C,0x00,0x0C,0x0C,0x00,0x0E,0x18,0x00,0x07,0x38,0x00,0x03,0xF0,0x00,0x00,0xC0,0x00,0x00,0x00,0x00,0x00,0x00,0x00}},
/*-- char: V --*/
{{"\x56\x00"},{0x00,0x00,0x00,0x00,0x00,0x00,0x00,0x00,0x00,0x00,0x00,0x00,0x08,0x0C,0x00,0x0C,0x0C,0x00,0x0C,0x0C,0x00,0x0E,0x18,0x00,0x06,0x18,0x00,0x06,0x18,0x00,0x06,0x30,0x00,0x03,0x30,0x00,0x03,0x30,0x00,0x03,0x20,0x00,0x01,0x60,0x00,0x01,0xE0,0x00,0x01,0xE0,0x00,0x00,0xC0,0x00,0x00,0x00,0x00,0x00,0x00,0x00,0x00,0x00,0x00}},
/*-- char: W --*/
{{"\x57\x00"},{0x00,0x00,0x00,0x00,0x00,0x00,0x00,0x00,0x00,0x00,0x00,0x00,0x20,0xC1,0x00,0x70,0xC3,0x00,0x31,0xC3,0x00,0x31,0xE3,0x00,0x31,0xE3,0x00,0x31,0xE3,0x00,0x3B,0x26,0x00,0x1B,0x36,0x00,0x1B,0x36,0x00,0x1B,0x36,0x00,0x1E,0x3E,0x00,0x1E,0x1C,0x00,0x0E,0x1C,0x00,0x0E,0x1C,0x00,0x00,0x00,0x00,0x00,0x00,0x00,0x00,0x00,0x00}},
/*-- char: X --*/
{{"\x58\x00"},{0x00,0x00,0x00,0x00,0x00,0x00,0x00,0x00,0x00,0x00,0x00,0x00,0x0C,0x08,0x00,0x0E,0x18,0x00,0x06,0x18,0x00,0x03,0x30,0x00,0x03,0x30,0x00,0x01,0xE0,0x00,0x01,0xC0,0x00,0x01,0xC0,0x00,0x01,0xE0,0x00,0x03,0x60,0x00,0x03,0x30,0x00,0x06,0x30,0x00,0x06,0x18,0x00,0x0C,0x1C,0x00,0x00,0x00,0x00,0x00,0x00,0x00,0x00,0x00,0x00}},
/*-- char: Y --*/
{{"\x59\x00"},{0x00,0x00,0x00,0x00,0x00,0x00,0x00,0x00,0x00,0x00,0x00,0x00,0x0C,0x0C,0x00,0x0E,0x0C,0x00,0x06,0x18,0x00,0x03,0x18,0x00,0x03,0x30,0x00,0x03,0x30,0x00,0x01,0xE0,0x00,0x01,0xE0,0x00,0x00,0xC0,0x00,0x00,0xC0,0x00,0x00,0xC0,0x00,0x00,0xC0,0x00,0x00,0xC0,0x00,0x00,0xC0,0x00,0x00,0x00,0x00,0x00,0x00,0x00,0x00,0x00,0x00}},
/*-- char: Z --*/
{{"\x5A\x00"},{0x00,0x00,0x00,0x00,0x00,0x00,0x00,0x00,0x00,0x00,0x00,0x00,0x07,0xF8,0x00,0x07,0xFC,0x00,0x00,0x18,0x00,0x00,0x30,0x00,0x00,0x70,0x00,0x00,0x60,0x00,0x00,0xC0,0x00,0x00,0xC0,0x00,0x01,0x80,0x00,0x03,0x00,0x00,0x03,0x00,0x00,0x06,0x00,0x00,0x0F,0xF8,0x00,0x0F,0xFC,0x00,0x00,0x00,0x00,0x00,0x00,0x00,0x00,0x00,0x00}},
/*-- char: [ --*/
{{"\x5B\x00"},{0x00,0x00,0x00,0x00,0x00,0x00,0x00,0x00,0x00,0x00,0xE0,0x00,0x00,0xF0,0x00,0x00,0x80,0x00,0x00,0x80,0x00,0x00,0x80,0x00,0x00,0x80,0x00,0x00,0x80,0x00,0x00,0x80,0x00,0x00,0x80,0x00,0x00,0x80,0x00,0x00,0x80,0x00,0x00,0x80,0x00,0x00,0x80,0x00,0x00,0x80,0x00,0x00,0x80,0x00,0x00,0x80,0x00,0x00,0x80,0x00,0x00,0xF0,0x00}},
/*-- char: ? --*/
{{"\x5C\x00"},{0x00,0x00,0x00,0x00,0x00,0x00,0x00,0x00,0x00,0x02,0x00,0x00,0x02,0x00,0x00,0x03,0x00,0x00,0x03,0x00,0x00,0x01,0x00,0x00,0x01,0x80,0x00,0x01,0x80,0x00,0x01,0x80,0x00,0x00,0x80,0x00,0x00,0xC0,0x00,0x00,0xC0,0x00,0x00,0x40,0x00,0x00,0x60,0x00,0x00,0x60,0x00,0x00,0x20,0x00,0x00,0x30,0x00,0x00,0x30,0x00,0x00,0x10,0x00}},
/*-- char: ] --*/
{{"\x5D\x00"},{0x00,0x00,0x00,0x00,0x00,0x00,0x00,0x00,0x00,0x01,0xC0,0x00,0x03,0xE0,0x00,0x00,0x60,0x00,0x00,0x60,0x00,0x00,0x60,0x00,0x00,0x60,0x00,0x00,0x60,0x00,0x00,0x60,0x00,0x00,0x60,0x00,0x00,0x60,0x00,0x00,0x60,0x00,0x00,0x60,0x00,0x00,0x60,0x00,0x00,0x60,0x00,0x00,0x60,0x00,0x00,0x60,0x00,0x00,0x60,0x00,0x03,0xE0,0x00}},
/*-- char: ^ --*/
{{"\x5E\x00"},{0x00,0x00,0x00,0x00,0x00,0x00,0x00,0x00,0x00,0x00,0x00,0x00,0x00,0xC0,0x00,0x00,0xC0,0x00,0x01,0xE0,0x00,0x01,0xE0,0x00,0x03,0x30,0x00,0x03,0x30,0x00,0x03,0x30,0x00,0x06,0x18,0x00,0x00,0x00,0x00,0x00,0x00,0x00,0x00,0x00,0x00,0x00,0x00,0x00,0x00,0x00,0x00,0x00,0x00,0x00,0x00,0x00,0x00,0x00,0x00,0x00,0x00,0x00,0x00}},
/*-- char: _ --*/
{{"\x5F\x00"},{0x00,0x00,0x00,0x00,0x00,0x00,0x00,0x00,0x00,0x00,0x00,0x00,0x00,0x00,0x00,0x00,0x00,0x00,0x00,0x00,0x00,0x00,0x00,0x00,0x00,0x00,0x00,0x00,0x00,0x00,0x00,0x00,0x00,0x00,0x00,0x00,0x00,0x00,0x00,0x00,0x00,0x00,0x00,0x00,0x00,0x00,0x00,0x00,0x00,0x00,0x00,0x00,0x00,0x00,0x00,0x00,0x00,0x0F,0xFC,0x00,0x0F,0xFC,0x00}},
/*-- char: ` --*/
{{"\x60\x00"},{0x00,0x00,0x00,0x00,0x00,0x00,0x03,0x00,0x00,0x03,0x00,0x00,0x01,0x80,0x00,0x00,0xC0,0x00,0x00,0x00,0x00,0x00,0x00,0x00,0x00,0x00,0x00,0x00,0x00,0x00,0x00,0x00,0x00,0x00,0x00,0x00,0x00,0x00,0x00,0x00,0x00,0x00,0x00,0x00,0x00,0x00,0x00,0x00,0x00,0x00,0x00,0x00,0x00,0x00,0x00,0x00,0x00,0x00,0x00,0x00,0x00,0x00,0x00}},
/*-- char: a --*/
{{"\x61\x00"},{0x00,0x00,0x00,0x00,0x00,0x00,0x00,0x00,0x00,0x00,0x00,0x00,0x00,0x00,0x00,0x00,0x00,0x00,0x00,0x00,0x00,0x00,0x00,0x00,0x03,0xE0,0x00,0x07,0xF0,0x00,0x00,0x18,0x00,0x00,0x18,0x00,0x01,0xF8,0x00,0x03,0xD8,0x00,0x06,0x18,0x00,0x06,0x18,0x00,0x06,0x78,0x00,0x03,0xF8,0x00,0x01,0x80,0x00,0x00,0x00,0x00,0x00,0x00,0x00}},
/*-- char: b --*/
{{"\x62\x00"},{0x00,0x00,0x00,0x00,0x00,0x00,0x00,0x00,0x00,0x06,0x00,0x00,0x06,0x00,0x00,0x06,0x00,0x00,0x06,0x00,0x00,0x06,0x00,0x00,0x07,0xF0,0x00,0x07,0xF8,0x00,0x06,0x18,0x00,0x06,0x1C,0x00,0x06,0x1C,0x00,0x06,0x0C,0x00,0x06,0x1C,0x00,0x06,0x18,0x00,0x07,0x38,0x00,0x07,0xF0,0x00,0x00,0xC0,0x00,0x00,0x00,0x00,0x00,0x00,0x00}},
/*-- char: c --*/
{{"\x63\x00"},{0x00,0x00,0x00,0x00,0x00,0x00,0x00,0x00,0x00,0x00,0x00,0x00,0x00,0x00,0x00,0x00,0x00,0x00,0x00,0x00,0x00,0x00,0x00,0x00,0x00,0xF0,0x00,0x03,0xF8,0x00,0x03,0x00,0x00,0x06,0x00,0x00,0x06,0x00,0x00,0x06,0x00,0x00,0x06,0x00,0x00,0x07,0x00,0x00,0x03,0x98,0x00,0x01,0xF8,0x00,0x00,0x60,0x00,0x00,0x00,0x00,0x00,0x00,0x00}},
/*-- char: d --*/
{{"\x64\x00"},{0x00,0x00,0x00,0x00,0x00,0x00,0x00,0x00,0x00,0x00,0x18,0x00,0x00,0x18,0x00,0x00,0x18,0x00,0x00,0x18,0x00,0x00,0x18,0x00,0x03,0xF8,0x00,0x07,0xF8,0x00,0x06,0x18,0x00,0x0E,0x18,0x00,0x0C,0x18,0x00,0x0C,0x18,0x00,0x0C,0x18,0x00,0x0E,0x18,0x00,0x07,0x38,0x00,0x03,0xF8,0x00,0x01,0x80,0x00,0x00,0x00,0x00,0x00,0x00,0x00}},
/*-- char: e --*/
{{"\x65\x00"},{0x00,0x00,0x00,0x00,0x00,0x00,0x00,0x00,0x00,0x00,0x00,0x00,0x00,0x00,0x00,0x00,0x00,0x00,0x00,0x00,0x00,0x00,0x00,0x00,0x01,0xF0,0x00,0x03,0xF8,0x00,0x06,0x18,0x00,0x06,0x18,0x00,0x07,0xFC,0x00,0x07,0xF8,0x00,0x06,0x00,0x00,0x06,0x00,0x00,0x03,0x98,0x00,0x01,0xF8,0x00,0x00,0x60,0x00,0x00,0x00,0x00,0x00,0x00,0x00}},
/*-- char: f --*/
{{"\x66\x00"},{0x00,0x00,0x00,0x00,0x00,0x00,0x00,0x00,0x00,0x00,0x60,0x00,0x00,0xF0,0x00,0x00,0xC0,0x00,0x01,0xC0,0x00,0x01,0xC0,0x00,0x03,0xF0,0x00,0x03,0xF0,0x00,0x01,0xC0,0x00,0x01,0xC0,0x00,0x01,0xC0,0x00,0x01,0xC0,0x00,0x01,0xC0,0x00,0x01,0xC0,0x00,0x01,0xC0,0x00,0x01,0xC0,0x00,0x00,0x00,0x00,0x00,0x00,0x00,0x00,0x00,0x00}},
/*-- char: g --*/
{{"\x67\x00"},{0x00,0x00,0x00,0x00,0x00,0x00,0x00,0x00,0x00,0x00,0x00,0x00,0x00,0x00,0x00,0x00,0x00,0x00,0x00,0x00,0x00,0x00,0x00,0x00,0x01,0xFC,0x00,0x03,0xFC,0x00,0x06,0x10,0x00,0x06,0x18,0x00,0x06,0x18,0x00,0x03,0x30,0x00,0x03,0xE0,0x00,0x06,0x00,0x00,0x06,0x00,0x00,0x03,0xF8,0x00,0x06,0xFC,0x00,0x06,0x0C,0x00,0x06,0x0C,0x00}},
/*-- char: h --*/
{{"\x68\x00"},{0x00,0x00,0x00,0x00,0x00,0x00,0x00,0x00,0x00,0x06,0x00,0x00,0x06,0x00,0x00,0x06,0x00,0x00,0x06,0x00,0x00,0x06,0x00,0x00,0x06,0xF0,0x00,0x07,0xF8,0x00,0x06,0x18,0x00,0x06,0x18,0x00,0x06,0x18,0x00,0x06,0x18,0x00,0x06,0x18,0x00,0x06,0x18,0x00,0x06,0x18,0x00,0x06,0x18,0x00,0x00,0x00,0x00,0x00,0x00,0x00,0x00,0x00,0x00}},
/*-- char: i --*/
{{"\x69\x00"},{0x00,0x00,0x00,0x00,0x00,0x00,0x00,0x00,0x00,0x00,0x00,0x00,0x00,0xC0,0x00,0x00,0xC0,0x00,0x00,0x80,0x00,0x00,0x00,0x00,0x00,0xC0,0x00,0x00,0xC0,0x00,0x00,0xC0,0x00,0x00,0xC0,0x00,0x00,0xC0,0x00,0x00,0xC0,0x00,0x00,0xC0,0x00,0x00,0xC0,0x00,0x00,0xC0,0x00,0x00,0xC0,0x00,0x00,0x00,0x00,0x00,0x00,0x00,0x00,0x00,0x00}},
/*-- char: j --*/
{{"\x6A\x00"},{0x00,0x00,0x00,0x00,0x00,0x00,0x00,0x00,0x00,0x00,0x00,0x00,0x00,0xC0,0x00,0x00,0xE0,0x00,0x00,0x40,0x00,0x00,0x00,0x00,0x00,0xE0,0x00,0x00,0xE0,0x00,0x00,0xE0,0x00,0x00,0xE0,0x00,0x00,0xE0,0x00,0x00,0xE0,0x00,0x00,0xE0,0x00,0x00,0xE0,0x00,0x00,0xE0,0x00,0x00,0xE0,0x00,0x00,0xE0,0x00,0x00,0xE0,0x00,0x00,0xC0,0x00}},
/*-- char: k --*/
{{"\x6B\x00"},{0x00,0x00,0x00,0x00,0x00,0x00,0x00,0x00,0x00,0x02,0x00,0x00,0x07,0x00,0x00,0x07,0x00,0x00,0x07,0x00,0x00,0x07,0x00,0x00,0x07,0x18,0x00,0x07,0x38,0x00,0x07,0x70,0x00,0x07,0x60,0x00,0x07,0xE0,0x00,0x07,0xE0,0x00,0x07,0x30,0x00,0x07,0x30,0x00,0x07,0x18,0x00,0x07,0x1C,0x00,0x00,0x00,0x00,0x00,0x00,0x00,0x00,0x00,0x00}},
/*-- char: l --*/
{{"\x6C\x00"},{0x00,0x00,0x00,0x00,0x00,0x00,0x00,0x00,0x00,0x00,0x80,0x00,0x00,0xC0,0x00,0x00,0xC0,0x00,0x00,0xC0,0x00,0x00,0xC0,0x00,0x00,0xC0,0x00,0x00,0xC0,0x00,0x00,0xC0,0x00,0x00,0xC0,0x00,0x00,0xC0,0x00,0x00,0xC0,0x00,0x00,0xC0,0x00,0x00,0xC0,0x00,0x00,0xC0,0x00,0x00,0xE0,0x00,0x00,0x60,0x00,0x00,0x00,0x00,0x00,0x00,0x00}},
/*-- char: m --*/
{{"\x6D\x00"},{0x00,0x00,0x00,0x00,0x00,0x00,0x00,0x00,0x00,0x00,0x00,0x00,0x00,0x00,0x00,0x00,0x00,0x00,0x00,0x00,0x00,0x00,0x00,0x00,0x37,0x9E,0x00,0x3F,0xFF,0x00,0x38,0xE3,0x00,0x30,0xC3,0x00,0x30,0xC3,0x00,0x30,0xC3,0x00,0x30,0xC3,0x00,0x30,0xC3,0x00,0x30,0xC3,0x00,0x30,0xC3,0x00,0x00,0x00,0x00,0x00,0x00,0x00,0x00,0x00,0x00}},
/*-- char: n --*/
{{"\x6E\x00"},{0x00,0x00,0x00,0x00,0x00,0x00,0x00,0x00,0x00,0x00,0x00,0x00,0x00,0x00,0x00,0x00,0x00,0x00,0x00,0x00,0x00,0x00,0x00,0x00,0x04,0xF0,0x00,0x07,0xF8,0x00,0x06,0x18,0x00,0x06,0x18,0x00,0x06,0x18,0x00,0x06,0x18,0x00,0x06,0x18,0x00,0x06,0x18,0x00,0x06,0x18,0x00,0x06,0x18,0x00,0x00,0x00,0x00,0x00,0x00,0x00,0x00,0x00,0x00}},
/*-- char: o --*/
{{"\x6F\x00"},{0x00,0x00,0x00,0x00,0x00,0x00,0x00,0x00,0x00,0x00,0x00,0x00,0x00,0x00,0x00,0x00,0x00,0x00,0x00,0x00,0x00,0x00,0x00,0x00,0x03,0xE0,0x00,0x07,0xF0,0x00,0x06,0x18,0x00,0x0C,0x18,0x00,0x0C,0x1C,0x00,0x0C,0x1C,0x00,0x0C,0x18,0x00,0x06,0x18,0x00,0x07,0x38,0x00,0x03,0xF0,0x00,0x00,0xC0,0x00,0x00,0x00,0x00,0x00,0x00,0x00}},
/*-- char: p --*/
{{"\x70\x00"},{0x00,0x00,0x00,0x00,0x00,0x00,0x00,0x00,0x00,0x00,0x00,0x00,0x00,0x00,0x00,0x00,0x00,0x00,0x00,0x00,0x00,0x00,0x00,0x00,0x04,0xF0,0x00,0x07,0xF8,0x00,0x06,0x18,0x00,0x06,0x1C,0x00,0x06,0x1C,0x00,0x06,0x0C,0x00,0x06,0x1C,0x00,0x06,0x18,0x00,0x07,0x38,0x00,0x07,0xF0,0x00,0x06,0xC0,0x00,0x06,0x00,0x00,0x06,0x00,0x00}},
/*-- char: q --*/
{{"\x71\x00"},{0x00,0x00,0x00,0x00,0x00,0x00,0x00,0x00,0x00,0x00,0x00,0x00,0x00,0x00,0x00,0x00,0x00,0x00,0x00,0x00,0x00,0x00,0x00,0x00,0x03,0xF8,0x00,0x07,0xF8,0x00,0x06,0x18,0x00,0x0E,0x18,0x00,0x0C,0x18,0x00,0x0C,0x18,0x00,0x0C,0x18,0x00,0x0E,0x18,0x00,0x07,0x38,0x00,0x03,0xF8,0x00,0x01,0x98,0x00,0x00,0x18,0x00,0x00,0x18,0x00}},
/*-- char: r --*/
{{"\x72\x00"},{0x00,0x00,0x00,0x00,0x00,0x00,0x00,0x00,0x00,0x00,0x00,0x00,0x00,0x00,0x00,0x00,0x00,0x00,0x00,0x00,0x00,0x00,0x00,0x00,0x01,0x30,0x00,0x01,0xF0,0x00,0x01,0xC0,0x00,0x01,0x80,0x00,0x01,0x80,0x00,0x01,0x80,0x00,0x01,0x80,0x00,0x01,0x80,0x00,0x01,0x80,0x00,0x01,0x80,0x00,0x00,0x00,0x00,0x00,0x00,0x00,0x00,0x00,0x00}},
/*-- char: s --*/
{{"\x73\x00"},{0x00,0x00,0x00,0x00,0x00,0x00,0x00,0x00,0x00,0x00,0x00,0x00,0x00,0x00,0x00,0x00,0x00,0x00,0x00,0x00,0x00,0x00,0x00,0x00,0x01,0xF0,0x00,0x03,0xF0,0x00,0x03,0x00,0x00,0x03,0x00,0x00,0x03,0xC0,0x00,0x00,0xF0,0x00,0x00,0x30,0x00,0x00,0x18,0x00,0x06,0x30,0x00,0x03,0xF0,0x00,0x00,0xC0,0x00,0x00,0x00,0x00,0x00,0x00,0x00}},
/*-- char: t --*/
{{"\x74\x00"},{0x00,0x00,0x00,0x00,0x00,0x00,0x00,0x00,0x00,0x00,0x00,0x00,0x00,0x00,0x00,0x00,0x80,0x00,0x00,0xC0,0x00,0x01,0xC0,0x00,0x03,0xF0,0x00,0x03,0xF0,0x00,0x01,0xC0,0x00,0x01,0xC0,0x00,0x01,0xC0,0x00,0x01,0xC0,0x00,0x01,0xC0,0x00,0x01,0xC0,0x00,0x00,0xC0,0x00,0x00,0xF0,0x00,0x00,0x60,0x00,0x00,0x00,0x00,0x00,0x00,0x00}},
/*-- char: u --*/
{{"\x75\x00"},{0x00,0x00,0x00,0x00,0x00,0x00,0x00,0x00,0x00,0x00,0x00,0x00,0x00,0x00,0x00,0x00,0x00,0x00,0x00,0x00,0x00,0x00,0x00,0x00,0x06,0x18,0x00,0x06,0x18,0x00,0x06,0x18,0x00,0x06,0x18,0x00,0x06,0x18,0x00,0x06,0x18,0x00,0x06,0x18,0x00,0x06,0x38,0x00,0x07,0x78,0x00,0x03,0xD8,0x00,0x01,0x80,0x00,0x00,0x00,0x00,0x00,0x00,0x00}},
/*-- char: v --*/
{{"\x76\x00"},{0x00,0x00,0x00,0x00,0x00,0x00,0x00,0x00,0x00,0x00,0x00,0x00,0x00,0x00,0x00,0x00,0x00,0x00,0x00,0x00,0x00,0x00,0x00,0x00,0x04,0x08,0x00,0x06,0x18,0x00,0x06,0x18,0x00,0x07,0x18,0x00,0x03,0x30,0x00,0x03,0x30,0x00,0x01,0xB0,0x00,0x01,0xE0,0x00,0x01,0xE0,0x00,0x00,0xC0,0x00,0x00,0x00,0x00,0x00,0x00,0x00,0x00,0x00,0x00}},
/*-- char: w --*/
{{"\x77\x00"},{0x00,0x00,0x00,0x00,0x00,0x00,0x00,0x00,0x00,0x00,0x00,0x00,0x00,0x00,0x00,0x00,0x00,0x00,0x00,0x00,0x00,0x00,0x00,0x00,0x30,0xC3,0x00,0x30,0xC3,0x00,0x19,0xE6,0x00,0x19,0xE6,0x00,0x19,0x66,0x00,0x1B,0x24,0x00,0x0F,0x3C,0x00,0x0F,0x3C,0x00,0x0E,0x3C,0x00,0x06,0x18,0x00,0x00,0x00,0x00,0x00,0x00,0x00,0x00,0x00,0x00}},
/*-- char: x --*/
{{"\x78\x00"},{0x00,0x00,0x00,0x00,0x00,0x00,0x00,0x00,0x00,0x00,0x00,0x00,0x00,0x00,0x00,0x00,0x00,0x00,0x00,0x00,0x00,0x00,0x00,0x00,0x06,0x18,0x00,0x07,0x30,0x00,0x03,0x30,0x00,0x01,0xE0,0x00,0x01,0xC0,0x00,0x01,0xC0,0x00,0x01,0xE0,0x00,0x03,0x70,0x00,0x06,0x30,0x00,0x06,0x18,0x00,0x00,0x00,0x00,0x00,0x00,0x00,0x00,0x00,0x00}},
/*-- char: y --*/
{{"\x79\x00"},{0x00,0x00,0x00,0x00,0x00,0x00,0x00,0x00,0x00,0x00,0x00,0x00,0x00,0x00,0x00,0x00,0x00,0x00,0x00,0x00,0x00,0x00,0x00,0x00,0x06,0x08,0x00,0x06,0x18,0x00,0x06,0x18,0x00,0x03,0x18,0x00,0x03,0x30,0x00,0x03,0x30,0x00,0x01,0xB0,0x00,0x01,0xE0,0x00,0x00,0xE0,0x00,0x00,0xE0,0x00,0x00,0xC0,0x00,0x00,0xC0,0x00,0x01,0x80,0x00}},
/*-- char: z --*/
{{"\x7A\x00"},{0x00,0x00,0x00,0x00,0x00,0x00,0x00,0x00,0x00,0x00,0x00,0x00,0x00,0x00,0x00,0x00,0x00,0x00,0x00,0x00,0x00,0x00,0x00,0x00,0x03,0xF8,0x00,0x03,0xF8,0x00,0x00,0x30,0x00,0x00,0x60,0x00,0x00,0xC0,0x00,0x00,0xC0,0x00,0x01,0x80,0x00,0x03,0x00,0x00,0x03,0xF8,0x00,0x07,0xF8,0x00,0x00,0x00,0x00,0x00,0x00,0x00,0x00,0x00,0x00}},
/*-- char: { --*/
{{"\x7B\x00"},{0x00,0x00,0x00,0x00,0x00,0x00,0x00,0x00,0x00,0x00,0x20,0x00,0x00,0xF0,0x00,0x00,0xC0,0x00,0x00,0xC0,0x00,0x00,0xC0,0x00,0x00,0xC0,0x00,0x00,0xC0,0x00,0x00,0xC0,0x00,0x00,0xC0,0x00,0x03,0x80,0x00,0x00,0xC0,0x00,0x00,0xC0,0x00,0x00,0xC0,0x00,0x00,0xC0,0x00,0x00,0xC0,0x00,0x00,0xC0,0x00,0x00,0xC0,0x00,0x00,0x70,0x00}},
/*-- char: | --*/
{{"\x7C\x00"},{0x00,0x00,0x00,0x00,0x00,0x00,0x00,0x00,0x00,0x00,0xC0,0x00,0x00,0xC0,0x00,0x00,0xC0,0x00,0x00,0xC0,0x00,0x00,0xC0,0x00,0x00,0xC0,0x00,0x00,0xC0,0x00,0x00,0xC0,0x00,0x00,0xC0,0x00,0x00,0xC0,0x00,0x00,0xC0,0x00,0x00,0xC0,0x00,0x00,0xC0,0x00,0x00,0xC0,0x00,0x00,0xC0,0x00,0x00,0xC0,0x00,0x00,0xC0,0x00,0x00,0xC0,0x00}},
/*-- char: } --*/
{{"\x7D\x00"},{0x00,0x00,0x00,0x00,0x00,0x00,0x00,0x00,0x00,0x01,0x00,0x00,0x03,0xC0,0x00,0x00,0xC0,0x00,0x00,0xC0,0x00,0x00,0xC0,0x00,0x00,0xC0,0x00,0x00,0xC0,0x00,0x00,0xC0,0x00,0x00,0xE0,0x00,0x00,0x70,0x00,0x00,0xC0,0x00,0x00,0xC0,0x00,0x00,0xC0,0x00,0x00,0xC0,0x00,0x00,0xC0,0x00,0x00,0xC0,0x00,0x00,0xC0,0x00,0x03,0x80,0x00}},
/*-- char: ~ --*/
{{"\x7E\x00"},{0x00,0x00,0x00,0x00,0x00,0x00,0x00,0x00,0x00,0x00,0x00,0x00,0x00,0x00,0x00,0x00,0x00,0x00,0x00,0x00,0x00,0x00,0x00,0x00,0x00,0x00,0x00,0x00,0x00,0x00,0x03,0x80,0x00,0x07,0xF8,0x00,0x00,0x70,0x00,0x00,0x00,0x00,0x00,0x00,0x00,0x00,0x00,0x00,0x00,0x00,0x00,0x00,0x00,0x00,0x00,0x00,0x00,0x00,0x00,0x00,0x00,0x00,0x00}},
/*-- char: · --*/
{{"\xA1\xA4"},{0x00,0x00,0x00,0x00,0x00,0x00,0x00,0x00,0x00,0x00,0x00,0x00,0x00,0x00,0x00,0x00,0x00,0x00,0x00,0x00,0x00,0x00,0x00,0x00,0x00,0x00,0x00,0x00,0x00,0x00,0x00,0xC0,0x00,0x00,0xC0,0x00,0x00,0xC0,0x00,0x00,0x00,0x00,0x00,0x00,0x00,0x00,0x00,0x00,0x00,0x00,0x00,0x00,0x00,0x00,0x00,0x00,0x00,0x00,0x00,0x00,0x00,0x00,0x00}},
/*-- char: — --*/
{{"\xA1\xAA"},{0x00,0x00,0x00,0x00,0x00,0x00,0x00,0x00,0x00,0x00,0x00,0x00,0x00,0x00,0x00,0x00,0x00,0x00,0x00,0x00,0x00,0x00,0x00,0x00,0x00,0x00,0x00,0x00,0x00,0x00,0x00,0x00,0x00,0x00,0x00,0x00,0x3F,0xFF,0x00,0x3F,0xFF,0x00,0x00,0x00,0x00,0x00,0x00,0x00,0x00,0x00,0x00,0x00,0x00,0x00,0x00,0x00,0x00,0x00,0x00,0x00,0x00,0x00,0x00}},
/*-- char: ‘ --*/
{{"\xA1\xAE"},{0x00,0x00,0x00,0x00,0x00,0x00,0x00,0x00,0x00,0x00,0x00,0x00,0x00,0xC0,0x00,0x00,0xC0,0x00,0x01,0x80,0x00,0x01,0xC0,0x00,0x01,0xC0,0x00,0x00,0x80,0x00,0x00,0x00,0x00,0x00,0x00,0x00,0x00,0x00,0x00,0x00,0x00,0x00,0x00,0x00,0x00,0x00,0x00,0x00,0x00,0x00,0x00,0x00,0x00,0x00,0x00,0x00,0x00,0x00,0x00,0x00,0x00,0x00,0x00}},
/*-- char: ’ --*/
{{"\xA1\xAF"},{0x00,0x00,0x00,0x00,0x00,0x00,0x00,0x00,0x00,0x00,0x00,0x00,0x00,0xC0,0x00,0x00,0xC0,0x00,0x00,0x40,0x00,0x00,0xC0,0x00,0x00,0x80,0x00,0x00,0x00,0x00,0x00,0x00,0x00,0x00,0x00,0x00,0x00,0x00,0x00,0x00,0x00,0x00,0x00,0x00,0x00,0x00,0x00,0x00,0x00,0x00,0x00,0x00,0x00,0x00,0x00,0x00,0x00,0x00,0x00,0x00,0x00,0x00,0x00}},
/*-- char: “ --*/
{{"\xA1\xB0"},{0x00,0x00,0x00,0x00,0x00,0x00,0x00,0x00,0x00,0x00,0x00,0x00,0x01,0x30,0x00,0x03,0x20,0x00,0x02,0x60,0x00,0x03,0x70,0x00,0x03,0x70,0x00,0x01,0x20,0x00,0x00,0x00,0x00,0x00,0x00,0x00,0x00,0x00,0x00,0x00,0x00,0x00,0x00,0x00,0x00,0x00,0x00,0x00,0x00,0x00,0x00,0x00,0x00,0x00,0x00,0x00,0x00,0x00,0x00,0x00,0x00,0x00,0x00}},
/*-- char: ” --*/
{{"\xA1\xB1"},{0x00,0x00,0x00,0x00,0x00,0x00,0x00,0x00,0x00,0x00,0x00,0x00,0x03,0x30,0x00,0x03,0xB0,0x00,0x01,0x90,0x00,0x01,0x30,0x00,0x03,0x60,0x00,0x00,0x00,0x00,0x00,0x00,0x00,0x00,0x00,0x00,0x00,0x00,0x00,0x00,0x00,0x00,0x00,0x00,0x00,0x00,0x00,0x00,0x00,0x00,0x00,0x00,0x00,0x00,0x00,0x00,0x00,0x00,0x00,0x00,0x00,0x00,0x00}},
/*-- char: … --*/
{{"\xA1\xAD"},{0x00,0x00,0x00,0x00,0x00,0x00,0x00,0x00,0x00,0x00,0x00,0x00,0x00,0x00,0x00,0x00,0x00,0x00,0x00,0x00,0x00,0x00,0x00,0x00,0x00,0x00,0x00,0x00,0x00,0x00,0x30,0xC3,0x00,0x30,0xC3,0x00,0x00,0x00,0x00,0x00,0x00,0x00,0x00,0x00,0x00,0x00,0x00,0x00,0x00,0x00,0x00,0x00,0x00,0x00,0x00,0x00,0x00,0x00,0x00,0x00,0x00,0x00,0x00}},
/*-- char: 、 --*/
{{"\xA1\xA2"},{0x00,0x00,0x00,0x00,0x00,0x00,0x00,0x00,0x00,0x00,0x00,0x00,0x00,0x00,0x00,0x00,0x00,0x00,0x00,0x00,0x00,0x00,0x00,0x00,0x00,0x00,0x00,0x00,0x00,0x00,0x00,0x00,0x00,0x00,0x00,0x00,0x00,0x00,0x00,0x00,0x00,0x00,0x60,0x00,0x00,0x70,0x00,0x00,0x38,0x00,0x00,0x1C,0x00,0x00,0x0C,0x00,0x00,0x00,0x00,0x00,0x00,0x00,0x00}},
/*-- char: 。 --*/
{{"\xA1\xA3"},{0x00,0x00,0x00,0x00,0x00,0x00,0x00,0x00,0x00,0x00,0x00,0x00,0x00,0x00,0x00,0x00,0x00,0x00,0x00,0x00,0x00,0x00,0x00,0x00,0x00,0x00,0x00,0x00,0x00,0x00,0x00,0x00,0x00,0x00,0x00,0x00,0x00,0x00,0x00,0x38,0x00,0x00,0x7C,0x00,0x00,0x44,0x00,0x00,0xC6,0x00,0x00,0x6C,0x00,0x00,0x38,0x00,0x00,0x00,0x00,0x00,0x00,0x00,0x00}},
/*-- char: 《 --*/
{{"\xA1\xB6"},{0x00,0x00,0x00,0x00,0x00,0x00,0x00,0x00,0x00,0x00,0x06,0x80,0x00,0x0D,0x80,0x00,0x0D,0x00,0x00,0x1B,0x00,0x00,0x1A,0x00,0x00,0x36,0x00,0x00,0x36,0x00,0x00,0x2C,0x00,0x00,0x6C,0x00,0x00,0x34,0x00,0x00,0x36,0x00,0x00,0x1A,0x00,0x00,0x1B,0x00,0x00,0x0D,0x00,0x00,0x0D,0x80,0x00,0x04,0x80,0x00,0x00,0x00,0x00,0x00,0x00}},
/*-- char: 》 --*/
{{"\xA1\xB7"},{0x00,0x00,0x00,0x00,0x00,0x00,0x00,0x00,0x00,0x58,0x00,0x00,0x6C,0x00,0x00,0x2C,0x00,0x00,0x36,0x00,0x00,0x16,0x00,0x00,0x1B,0x00,0x00,0x0B,0x00,0x00,0x0D,0x80,0x00,0x0D,0x80,0x00,0x0B,0x00,0x00,0x1B,0x00,0x00,0x16,0x00,0x00,0x36,0x00,0x00,0x24,0x00,0x00,0x6C,0x00,0x00,0x48,0x00,0x00,0x00,0x00,0x00,0x00,0x00,0x00}},
/*-- char: 【 --*/
{{"\xA1\xBE"},{0x00,0x00,0x00,0x00,0x00,0x00,0x00,0x0F,0x80,0x00,0x0F,0x80,0x00,0x0F,0x00,0x00,0x0E,0x00,0x00,0x0E,0x00,0x00,0x0E,0x00,0x00,0x0C,0x00,0x00,0x0C,0x00,0x00,0x0C,0x00,0x00,0x0C,0x00,0x00,0x0C,0x00,0x00,0x0C,0x00,0x00,0x0E,0x00,0x00,0x0E,0x00,0x00,0x0E,0x00,0x00,0x0F,0x00,0x00,0x0F,0x80,0x00,0x0F,0x80,0x00,0x00,0x00}},
/*-- char: 】 --*/
{{"\xA1\xBF"},{0x00,0x00,0x00,0x00,0x00,0x00,0x7C,0x00,0x00,0x7C,0x00,0x00,0x3C,0x00,0x00,0x1C,0x00,0x00,0x1C,0x00,0x00,0x1C,0x00,0x00,0x0C,0x00,0x00,0x0C,0x00,0x00,0x0C,0x00,0x00,0x0C,0x00,0x00,0x0C,0x00,0x00,0x0C,0x00,0x00,0x1C,0x00,0x00,0x1C,0x00,0x00,0x1C,0x00,0x00,0x3C,0x00,0x00,0x7C,0x00,0x00,0x7C,0x00,0x00,0x00,0x00,0x00}},
/*-- char: 一 --*/
{{"\xD2\xBB"},{0x00,0x00,0x00,0x00,0x00,0x00,0x00,0x00,0x00,0x00,0x00,0x00,0x00,0x00,0x00,0x00,0x00,0x00,0x00,0x00,0x00,0x00,0x00,0x00,0x00,0x00,0x00,0x00,0x00,0x00,0xFF,0xFF,0xC0,0x7F,0xFF,0x80,0x00,0x00,0x00,0x00,0x00,0x00,0x00,0x00,0x00,0x00,0x00,0x00,0x00,0x00,0x00,0x00,0x00,0x00,0x00,0x00,0x00,0x00,0x00,0x00,0x00,0x00,0x00}},
/*-- char: 万 --*/
{{"\xCD\xF2"},{0x00,0x00,0x00,0x00,0x00,0x00,0x00,0x00,0x00,0x00,0x00,0x00,0x7F,0xFF,0x80,0x7F,0xFF,0x80,0x03,0x00,0x00,0x03,0x00,0x00,0x03,0x00,0x00,0x07,0xFF,0x00,0x07,0xFE,0x00,0x06,0x06,0x00,0x06,0x06,0x00,0x06,0x06,0x00,0x0C,0x06,0x00,0x0C,0x06,0x00,0x18,0x06,0x00,0x30,0x06,0x00,0x60,0x7C,0x00,0x00,0x38,0x00,0x00,0x00,0x00}},
/*-- char: 三 --*/
{{"\xC8\xFD"},{0x00,0x00,0x00,0x00,0x00,0x00,0x00,0x00,0x00,0x00,0x00,0x00,0x3F,0xFF,0x00,0x3F,0xFF,0x00,0x00,0x00,0x00,0x00,0x00,0x00,0x00,0x00,0x00,0x00,0x00,0x00,0x1F,0xFE,0x00,0x1F,0xFE,0x00,0x00,0x00,0x00,0x00,0x00,0x00,0x00,0x00,0x00,0x00,0x00,0x00,0x7F,0xFF,0x80,0x7F,0xFF,0x80,0x00,0x00,0x00,0x00,0x00,0x00,0x00,0x00,0x00}},
/*-- char: 上 --*/
{{"\xC9\xCF"},{0x00,0x00,0x00,0x00,0x00,0x00,0x00,0x00,0x00,0x01,0x80,0x00,0x01,0x80,0x00,0x01,0x80,0x00,0x01,0x80,0x00,0x01,0x80,0x00,0x01,0xFE,0x00,0x01,0xFF,0x00,0x01,0x80,0x00,0x01,0x80,0x00,0x01,0x80,0x00,0x01,0x80,0x00,0x01,0x80,0x00,0x01,0x80,0x00,0x01,0x80,0x00,0x7F,0xFF,0x80,0x7F,0xFF,0x80,0x00,0x00,0x00,0x00,0x00,0x00}},
/*-- char: 下 --*/
{{"\xCF\xC2"},{0x00,0x00,0x00,0x00,0x00,0x00,0x00,0x00,0x00,0x00,0x00,0x00,0x7F,0xFF,0x80,0x7F,0xFF,0x80,0x00,0xC0,0x00,0x00,0xC0,0x00,0x00,0xC0,0x00,0x00,0xF0,0x00,0x00,0xFC,0x00,0x00,0xCE,0x00,0x00,0xC3,0x00,0x00,0xC0,0x00,0x00,0xC0,0x00,0x00,0xC0,0x00,0x00,0xC0,0x00,0x00,0xC0,0x00,0x00,0xC0,0x00,0x00,0x80,0x00,0x00,0x00,0x00}},
/*-- char: 不 --*/
{{"\xB2\xBB"},{0x00,0x00,0x00,0x00,0x00,0x00,0x00,0x00,0x00,0x00,0x00,0x00,0x7F,0xFF,0x80,0x7F,0xFF,0x80,0x00,0xC0,0x00,0x00,0xC0,0x00,0x01,0xD0,0x00,0x03,0xF8,0x00,0x06,0xDC,0x00,0x1C,0xC7,0x00,0x38,0xC3,0x80,0x70,0xC1,0x80,0x00,0xC0,0x00,0x00,0xC0,0x00,0x00,0xC0,0x00,0x00,0xC0,0x00,0x00,0xC0,0x00,0x00,0xC0,0x00,0x00,0x00,0x00}},
/*-- char: 与 --*/
{{"\xD3\xEB"},{0x00,0x00,0x00,0x00,0x00,0x00,0x02,0x00,0x00,0x06,0x00,0x00,0x06,0x00,0x00,0x07,0xFE,0x00,0x0F,0xFE,0x00,0x0C,0x00,0x00,0x0C,0x00,0x00,0x0F,0xFC,0x00,0x0F,0xFC,0x00,0x08,0x0C,0x00,0x00,0x0C,0x00,0x7F,0xFF,0x80,0x7F,0xFF,0x80,0x00,0x0C,0x00,0x00,0x0C,0x00,0x00,0x18,0x00,0x01,0xF8,0x00,0x00,0xE0,0x00,0x00,0x00,0x00}},
/*-- char: 且 --*/
{{"\xC7\xD2"},{0x00,0x00,0x00,0x00,0x00,0x00,0x00,0x00,0x00,0x0F,0xFC,0x00,0x1F,0xFE,0x00,0x0C,0x06,0x00,0x08,0x06,0x00,0x08,0x06,0x00,0x0F,0xFE,0x00,0x0F,0xFE,0x00,0x08,0x06,0x00,0x08,0x06,0x00,0x0F,0xFE,0x00,0x0F,0xFE,0x00,0x0C,0x06,0x00,0x08,0x06,0x00,0x08,0x06,0x00,0x7F,0xFF,0x80,0x7F,0xFF,0x80,0x00,0x00,0x00,0x00,0x00,0x00}},
/*-- char: 世 --*/
{{"\xCA\xC0"},{0x00,0x00,0x00,0x00,0x00,0x00,0x00,0x00,0x00,0x18,0xC6,0x00,0x18,0xC6,0x00,0x18,0xC6,0x00,0x18,0xC6,0x00,0x7F,0xFF,0xC0,0x7F,0xFF,0x80,0x18,0xC6,0x00,0x18,0xC6,0x00,0x18,0xC6,0x00,0x18,0xFE,0x00,0x18,0xFE,0x00,0x18,0xC4,0x00,0x18,0x00,0x00,0x1F,0xFF,0x00,0x1F,0xFF,0x80,0x18,0x00,0x00,0x08,0x00,0x00,0x00,0x00,0x00}},
/*-- char: 业 --*/
{{"\xD2\xB5"},{0x00,0x00,0x00,0x00,0x00,0x00,0x02,0x00,0x00,0x03,0x30,0x00,0x03,0x30,0x00,0x03,0x30,0x00,0x03,0x30,0x00,0x63,0x31,0x80,0x33,0x33,0x00,0x33,0x33,0x00,0x1B,0x32,0x00,0x1B,0x36,0x00,0x1B,0x3C,0x00,0x0B,0x3C,0x00,0x03,0x30,0x00,0x03,0x30,0x00,0x03,0x30,0x00,0x7F,0xFF,0x80,0x7F,0xFF,0x80,0x00,0x00,0x00,0x00,0x00,0x00}},
/*-- char: 东 --*/
{{"\xB6\xAB"},{0x00,0x00,0x00,0x00,0x00,0x00,0x00,0x00,0x00,0x01,0x80,0x00,0x03,0x80,0x00,0x7F,0xFF,0x80,0x3F,0xFF,0x00,0x06,0x40,0x00,0x0C,0x60,0x00,0x0C,0x60,0x00,0x1F,0xFF,0x00,0x1F,0xFF,0x00,0x00,0x60,0x00,0x0C,0x6C,0x00,0x0C,0x6E,0x00,0x18,0x66,0x00,0x38,0x63,0x00,0x70,0x61,0x80,0x23,0xE0,0x00,0x01,0x80,0x00,0x00,0x00,0x00}},
/*-- char: 丝 --*/
{{"\xCB\xBF"},{0x00,0x00,0x00,0x00,0x00,0x00,0x00,0x00,0x00,0x06,0x0C,0x00,0x0C,0x0C,0x00,0x0C,0x18,0x00,0x19,0x99,0x00,0x19,0xB3,0x80,0x33,0x33,0x00,0x7E,0x7E,0x00,0x3E,0x7C,0x00,0x0C,0x08,0x00,0x18,0x18,0x00,0x3F,0x3F,0x00,0x3F,0xFF,0x00,0x00,0x00,0x00,0x00,0x00,0x00,0x7F,0xFF,0x80,0x7F,0xFF,0x80,0x00,0x00,0x00,0x00,0x00,0x00}},
/*-- char: 两 --*/
{{"\xC1\xBD"},{0x00,0x00,0x00,0x00,0x00,0x00,0x00,0x00,0x00,0x00,0x00,0x00,0x7F,0xFF,0x80,0x7F,0xFF,0x80,0x03,0x30,0x00,0x3F,0xFF,0x00,0x3F,0xFF,0x80,0x33,0x33,0x80,0x22,0x31,0x80,0x27,0x39,0x80,0x27,0xB9,0x80,0x27,0xED,0x80,0x2C,0x67,0x80,0x3C,0xC3,0x80,0x38,0x81,0x80,0x20,0x01,0x80,0x60,0x0F,0x00,0x20,0x0E,0x00,0x00,0x00,0x00}},
/*-- char: 丧 --*/
{{"\xC9\xA5"},{0x00,0x00,0x00,0x00,0x00,0x00,0x00,0xC0,0x00,0x00,0xC0,0x00,0x3F,0xFF,0x00,0x7F,0xFF,0x80,0x18,0xC6,0x00,0x18,0xC6,0x00,0x0C,0xCC,0x00,0x04,0xD8,0x00,0x7F,0xFF,0x80,0x7F,0xFF,0x80,0x0C,0xC3,0x00,0x0C,0x47,0x00,0x0C,0x7C,0x00,0x0C,0x38,0x00,0x0C,0x9C,0x00,0x1F,0xCF,0x00,0x1F,0x07,0x80,0x00,0x00,0x00,0x00,0x00,0x00}},
/*-- char: 个 --*/
{{"\xB8\xF6"},{0x00,0x00,0x00,0x00,0x00,0x00,0x00,0x00,0x00,0x01,0xC0,0x00,0x01,0xE0,0x00,0x03,0x30,0x00,0x06,0x18,0x00,0x0C,0x0C,0x00,0x38,0xC7,0x00,0x70,0xC3,0x80,0xE0,0xC1,0xC0,0x00,0xC0,0x00,0x00,0xC0,0x00,0x00,0xC0,0x00,0x00,0xC0,0x00,0x00,0xC0,0x00,0x00,0xC0,0x00,0x00,0xC0,0x00,0x00,0xC0,0x00,0x00,0xC0,0x00,0x00,0x00,0x00}},
/*-- char: 中 --*/
{{"\xD6\xD0"},{0x00,0x00,0x00,0x00,0x00,0x00,0x00,0xC0,0x00,0x00,0xC0,0x00,0x00,0xC0,0x00,0x00,0xC0,0x00,0x7F,0xFF,0x80,0x7F,0xFF,0x80,0x60,0xC1,0x80,0x60,0xC1,0x80,0x60,0xC1,0x80,0x60,0xC3,0x80,0x7F,0xFF,0x80,0x7F,0xFF,0x80,0x20,0xC1,0x00,0x00,0xC0,0x00,0x00,0xC0,0x00,0x00,0xC0,0x00,0x00,0xC0,0x00,0x00,0xC0,0x00,0x00,0x00,0x00}},
/*-- char: 为 --*/
{{"\xCE\xAA"},{0x00,0x00,0x00,0x00,0x00,0x00,0x00,0x80,0x00,0x19,0x80,0x00,0x19,0x80,0x00,0x0D,0x80,0x00,0x05,0x80,0x00,0x7F,0xFF,0x00,0x3F,0xFF,0x00,0x01,0x83,0x00,0x03,0x03,0x00,0x03,0x63,0x00,0x03,0x33,0x00,0x06,0x3B,0x00,0x06,0x13,0x00,0x0C,0x03,0x00,0x18,0x03,0x00,0x30,0x03,0x00,0x60,0x3E,0x00,0x00,0x1C,0x00,0x00,0x00,0x00}},
/*-- char: 主 --*/
{{"\xD6\xF7"},{0x00,0x00,0x00,0x00,0x00,0x00,0x00,0x00,0x00,0x01,0x80,0x00,0x00,0xC0,0x00,0x00,0x60,0x00,0x3F,0xFF,0x00,0x3F,0xFF,0x00,0x00,0xC0,0x00,0x00,0xC0,0x00,0x00,0xC0,0x00,0x1F,0xFE,0x00,0x3F,0xFF,0x00,0x00,0xC0,0x00,0x00,0xC0,0x00,0x00,0xC0,0x00,0x00,0xC0,0x00,0x7F,0xFF,0x80,0x7F,0xFF,0x80,0x00,0x00,0x00,0x00,0x00,0x00}},
/*-- char: 举 --*/
{{"\xBE\xD9"},{0x00,0x00,0x00,0x00,0x00,0x00,0x01,0x00,0x00,0x19,0x86,0x00,0x1C,0xCC,0x00,0x0C,0xCC,0x00,0x7F,0xFF,0x80,0x7F,0xFF,0x80,0x0C,0x0C,0x00,0x18,0xC6,0x00,0x38,0xC7,0x00,0x6F,0xFD,0x80,0x4F,0xFC,0x00,0x00,0xC0,0x00,0x3F,0xFF,0x00,0x7F,0xFF,0x80,0x00,0xC0,0x00,0x00,0xC0,0x00,0x00,0xC0,0x00,0x00,0xC0,0x00,0x00,0x00,0x00}},
/*-- char: 么 --*/
{{"\xC3\xB4"},{0x00,0x00,0x00,0x00,0x00,0x00,0x00,0x00,0x00,0x01,0x80,0x00,0x03,0x80,0x00,0x03,0x00,0x00,0x06,0x00,0x00,0x0C,0x20,0x00,0x18,0x60,0x00,0x70,0x60,0x00,0x60,0xC0,0x00,0x00,0xC0,0x00,0x01,0x98,0x00,0x03,0x1C,0x00,0x03,0x0C,0x00,0x06,0x06,0x00,0x0F,0xFF,0x00,0x3F,0xFF,0x80,0x3E,0x01,0x80,0x00,0x00,0x00,0x00,0x00,0x00}},
/*-- char: 义 --*/
{{"\xD2\xE5"},{0x00,0x00,0x00,0x00,0x00,0x00,0x00,0x00,0x00,0x01,0x80,0x00,0x00,0xC3,0x00,0x10,0xC7,0x00,0x18,0x66,0x00,0x18,0x46,0x00,0x0C,0x0C,0x00,0x04,0x0C,0x00,0x06,0x18,0x00,0x03,0x30,0x00,0x01,0xF0,0x00,0x01,0xE0,0x00,0x01,0xE0,0x00,0x03,0xF0,0x00,0x0E,0x1C,0x00,0x3C,0x0F,0x00,0x70,0x03,0x80,0x00,0x00,0x00,0x00,0x00,0x00}},
/*-- char: 之 --*/
{{"\xD6\xAE"},{0x00,0x00,0x00,0x00,0x00,0x00,0x00,0xC0,0x00,0x00,0xC0,0x00,0x00,0xC0,0x00,0x00,0xC0,0x00,0x3F,0xFF,0x00,0x3F,0xFF,0x00,0x00,0x06,0x00,0x00,0x0E,0x00,0x00,0x0C,0x00,0x00,0x18,0x00,0x08,0x30,0x00,0x18,0xE0,0x00,0x19,0xC0,0x00,0x3F,0x80,0x00,0x37,0x00,0x00,0x63,0xFF,0x80,0x61,0xFF,0x80,0x00,0x00,0x00,0x00,0x00,0x00}},
/*-- char: 乎 --*/
{{"\xBA\xF5"},{0x00,0x00,0x00,0x00,0x00,0x00,0x00,0x00,0x00,0x00,0x7E,0x00,0x3F,0xFE,0x00,0x3F,0xC0,0x00,0x10,0xC3,0x00,0x18,0xC6,0x00,0x0C,0xC6,0x00,0x0C,0xCC,0x00,0x04,0xC8,0x00,0x7F,0xFF,0x80,0x7F,0xFF,0x80,0x00,0xC0,0x00,0x00,0xC0,0x00,0x00,0xC0,0x00,0x00,0xC0,0x00,0x00,0xC0,0x00,0x07,0xC0,0x00,0x07,0x80,0x00,0x00,0x00,0x00}},
/*-- char: 九 --*/
{{"\xBE\xC5"},{0x00,0x00,0x00,0x00,0x00,0x00,0x00,0x00,0x00,0x03,0x00,0x00,0x03,0x00,0x00,0x03,0x00,0x00,0x03,0x00,0x00,0x7F,0xF8,0x00,0x7F,0xF8,0x00,0x03,0x18,0x00,0x03,0x18,0x00,0x03,0x18,0x00,0x06,0x18,0x00,0x06,0x18,0x00,0x0E,0x18,0x00,0x0C,0x18,0xC0,0x18,0x18,0xC0,0x70,0x1F,0xC0,0x60,0x0F,0x80,0x00,0x00,0x00,0x00,0x00,0x00}},
/*-- char: 也 --*/
{{"\xD2\xB2"},{0x00,0x00,0x00,0x00,0x00,0x00,0x00,0x40,0x00,0x00,0x60,0x00,0x08,0x60,0x00,0x08,0x63,0x00,0x08,0x7F,0x00,0x08,0xFF,0x00,0x0F,0xE3,0x00,0x3E,0x63,0x00,0xF8,0x63,0x00,0x08,0x63,0x00,0x08,0x63,0x00,0x08,0x7E,0x00,0x08,0x6C,0x00,0x08,0x41,0x80,0x08,0x01,0x80,0x0F,0xFF,0x80,0x0F,0xFF,0x00,0x00,0x00,0x00,0x00,0x00,0x00}},
/*-- char: 书 --*/
{{"\xCA\xE9"},{0x00,0x00,0x00,0x00,0x00,0x00,0x00,0x80,0x00,0x01,0x86,0x00,0x01,0x87,0x00,0x3F,0xFF,0x80,0x3F,0xFE,0x80,0x01,0x86,0x00,0x01,0x86,0x00,0x01,0x86,0x00,0x7F,0xFF,0x80,0x7F,0xFF,0x80,0x01,0x81,0x80,0x01,0x81,0x80,0x01,0x81,0x80,0x01,0x81,0x80,0x01,0x9F,0x00,0x01,0x8E,0x00,0x01,0x80,0x00,0x00,0x80,0x00,0x00,0x00,0x00}},
/*-- char: 买 --*/
{{"\xC2\xF2"},{0x00,0x00,0x00,0x00,0x00,0x00,0x00,0x00,0x00,0x3F,0xFF,0x00,0x3F,0xFF,0x80,0x00,0x03,0x00,0x0C,0x63,0x00,0x0F,0x66,0x00,0x03,0x60,0x00,0x38,0x60,0x00,0x1C,0x60,0x00,0x04,0x60,0x00,0x7F,0xFF,0x80,0x7F,0xFF,0x80,0x00,0xC0,0x00,0x01,0xB0,0x00,0x03,0x1C,0x00,0x1E,0x0F,0x00,0x78,0x03,0x80,0x20,0x00,0x00,0x00,0x00,0x00}},
/*-- char: 了 --*/
{{"\xC1\xCB"},{0x00,0x00,0x00,0x00,0x00,0x00,0x00,0x00,0x00,0x00,0x00,0x00,0x7F,0xFF,0x00,0x3F,0xFF,0x00,0x00,0x0E,0x00,0x00,0x18,0x00,0x00,0x70,0x00,0x00,0xE0,0x00,0x00,0xC0,0x00,0x00,0xC0,0x00,0x00,0xC0,0x00,0x00,0xC0,0x00,0x00,0xC0,0x00,0x00,0xC0,0x00,0x00,0xC0,0x00,0x00,0xC0,0x00,0x07,0xC0,0x00,0x07,0x00,0x00,0x00,0x00,0x00}},
/*-- char: 事 --*/
{{"\xCA\xC2"},{0x00,0x00,0x00,0x00,0x00,0x00,0x00,0xC0,0x00,0x00,0xC0,0x00,0x7F,0xFF,0x80,0x00,0xC0,0x00,0x1F,0xFE,0x00,0x1F,0xFE,0x00,0x1F,0xFE,0x00,0x1F,0xFE,0x00,0x1F,0xFE,0x00,0x3F,0xFF,0x00,0x00,0xC3,0x00,0x7F,0xFF,0x80,0x00,0xC3,0x00,0x1F,0xFF,0x00,0x3F,0xFF,0x00,0x00,0xC2,0x00,0x07,0xC0,0x00,0x03,0x80,0x00,0x00,0x00,0x00}},
/*-- char: 二 --*/
{{"\xB6\xFE"},{0x00,0x00,0x00,0x00,0x00,0x00,0x00,0x00,0x00,0x00,0x00,0x00,0x00,0x00,0x00,0x3F,0xFF,0x00,0x3F,0xFF,0x00,0x00,0x00,0x00,0x00,0x00,0x00,0x00,0x00,0x00,0x00,0x00,0x00,0x00,0x00,0x00,0x00,0x00,0x00,0x00,0x00,0x00,0x00,0x00,0x00,0x00,0x00,0x00,0x7F,0xFF,0x80,0x7F,0xFF,0x80,0x00,0x00,0x00,0x00,0x00,0x00,0x00,0x00,0x00}},
/*-- char: 于 --*/
{{"\xD3\xDA"},{0x00,0x00,0x00,0x00,0x00,0x00,0x00,0x00,0x00,0x00,0x00,0x00,0x3F,0xFF,0x00,0x3F,0xFF,0x00,0x00,0xC0,0x00,0x00,0xC0,0x00,0x00,0xC0,0x00,0x00,0xC0,0x00,0x7F,0xFF,0x80,0x7F,0xFF,0x80,0x00,0xC0,0x00,0x00,0xC0,0x00,0x00,0xC0,0x00,0x00,0xC0,0x00,0x00,0xC0,0x00,0x00,0xC0,0x00,0x07,0xC0,0x00,0x07,0x00,0x00,0x00,0x00,0x00}},
/*-- char: 亏 --*/
{{"\xBF\xF7"},{0x00,0x00,0x00,0x00,0x00,0x00,0x00,0x00,0x00,0x1F,0xFE,0x00,0x1F,0xFE,0x00,0x00,0x00,0x00,0x00,0x00,0x00,0x3F,0xFF,0x00,0x7F,0xFF,0x80,0x06,0x00,0x00,0x06,0x00,0x00,0x0F,0xFE,0x00,0x0F,0xFE,0x00,0x0C,0x06,0x00,0x08,0x06,0x00,0x00,0x0C,0x00,0x00,0x0C,0x00,0x00,0x0C,0x00,0x00,0xF8,0x00,0x00,0x70,0x00,0x00,0x00,0x00}},
/*-- char: 五 --*/
{{"\xCE\xE5"},{0x00,0x00,0x00,0x00,0x00,0x00,0x00,0x00,0x00,0x00,0x00,0x00,0x3F,0xFF,0x00,0x3F,0xFF,0x00,0x01,0x80,0x00,0x01,0x80,0x00,0x01,0x00,0x00,0x1F,0xFC,0x00,0x1F,0xFC,0x00,0x03,0x0C,0x00,0x03,0x0C,0x00,0x03,0x0C,0x00,0x06,0x0C,0x00,0x06,0x0C,0x00,0x06,0x0C,0x00,0x7F,0xFF,0x80,0x7F,0xFF,0x80,0x00,0x00,0x00,0x00,0x00,0x00}},
/*-- char: 些 --*/
{{"\xD0\xA9"},{0x00,0x00,0x00,0x00,0x00,0x00,0x04,0x20,0x00,0x0C,0x30,0x00,0x24,0x31,0x00,0x27,0x37,0x00,0x27,0xFE,0x00,0x26,0x30,0x00,0x24,0x30,0x80,0x24,0x30,0x80,0x3F,0xBF,0x80,0x7F,0xBF,0x80,0x60,0x00,0x00,0x1F,0xFE,0x00,0x1F,0xFF,0x00,0x00,0x00,0x00,0x00,0x00,0x00,0x7F,0xFF,0x80,0x7F,0xFF,0x80,0x00,0x00,0x00,0x00,0x00,0x00}},
/*-- char: 交 --*/
{{"\xBD\xBB"},{0x00,0x00,0x00,0x00,0x00,0x00,0x00,0x00,0x00,0x00,0xC0,0x00,0x00,0xC0,0x00,0x7F,0xFF,0x80,0x7F,0xFF,0x80,0x06,0x18,0x00,0x0E,0x0E,0x00,0x18,0x07,0x00,0x76,0x1B,0x80,0x66,0x19,0x80,0x03,0x30,0x00,0x01,0xF0,0x00,0x01,0xE0,0x00,0x01,0xE0,0x00,0x07,0xF8,0x00,0x3E,0x1F,0x00,0x78,0x07,0x80,0x00,0x01,0x00,0x00,0x00,0x00}},
/*-- char: 京 --*/
{{"\xBE\xA9"},{0x00,0x00,0x00,0x00,0x00,0x00,0x00,0xC0,0x00,0x00,0xC0,0x00,0x7F,0xFF,0x80,0x7F,0xFF,0x80,0x00,0x00,0x00,0x0F,0xFE,0x00,0x1F,0xFE,0x00,0x18,0x06,0x00,0x18,0x06,0x00,0x18,0x06,0x00,0x1F,0xFE,0x00,0x02,0xD0,0x00,0x08,0xC4,0x00,0x18,0xC6,0x00,0x30,0xC3,0x00,0x60,0xC1,0x80,0x47,0xC1,0x80,0x03,0x00,0x00,0x00,0x00,0x00}},
/*-- char: 亮 --*/
{{"\xC1\xC1"},{0x00,0x00,0x00,0x00,0x00,0x00,0x00,0xC0,0x00,0x00,0xC0,0x00,0x7F,0xFF,0x80,0x7F,0xFF,0x80,0x0F,0xFE,0x00,0x1F,0xFE,0x00,0x18,0x06,0x00,0x1F,0xFE,0x00,0x0F,0xFC,0x00,0x7F,0xFF,0x80,0x7F,0xFF,0x80,0x62,0x31,0x80,0x66,0x31,0x80,0x06,0x30,0x00,0x06,0x31,0x80,0x1C,0x31,0x80,0x78,0x3F,0x80,0x40,0x1F,0x00,0x00,0x00,0x00}},
/*-- char: 亲 --*/
{{"\xC7\xD7"},{0x00,0x00,0x00,0x00,0x00,0x00,0x00,0x40,0x00,0x00,0xC0,0x00,0x00,0xC0,0x00,0x3F,0xFF,0x00,0x0C,0x0C,0x00,0x06,0x18,0x00,0x06,0x18,0x00,0x7F,0xFF,0x80,0x7F,0xFF,0x80,0x00,0xC0,0x00,0x3F,0xFF,0x00,0x7F,0xFF,0x80,0x03,0xE0,0x00,0x06,0xF8,0x00,0x0C,0xDC,0x00,0x38,0xC7,0x00,0x60,0xC3,0x80,0x00,0xC0,0x00,0x00,0x00,0x00}},
/*-- char: 人 --*/
{{"\xC8\xCB"},{0x00,0x00,0x00,0x00,0x00,0x00,0x00,0x00,0x00,0x00,0xC0,0x00,0x00,0xC0,0x00,0x00,0xC0,0x00,0x00,0xC0,0x00,0x01,0xC0,0x00,0x01,0xE0,0x00,0x01,0xE0,0x00,0x01,0xE0,0x00,0x03,0x30,0x00,0x03,0x30,0x00,0x06,0x18,0x00,0x06,0x18,0x00,0x0C,0x0C,0x00,0x18,0x06,0x00,0x70,0x03,0x80,0x60,0x01,0x80,0x00,0x00,0x00,0x00,0x00,0x00}},
/*-- char: 什 --*/
{{"\xCA\xB2"},{0x00,0x00,0x00,0x00,0x00,0x00,0x00,0x10,0x00,0x06,0x18,0x00,0x0C,0x18,0x00,0x0C,0x18,0x00,0x18,0x18,0x00,0x18,0x18,0x00,0x38,0x18,0x00,0x7B,0xFF,0xC0,0x5B,0xFF,0x80,0x18,0x18,0x00,0x18,0x18,0x00,0x18,0x18,0x00,0x18,0x18,0x00,0x18,0x18,0x00,0x18,0x18,0x00,0x18,0x18,0x00,0x18,0x18,0x00,0x18,0x10,0x00,0x00,0x00,0x00}},
/*-- char: 从 --*/
{{"\xB4\xD3"},{0x00,0x00,0x00,0x00,0x00,0x00,0x00,0x00,0x00,0x04,0x18,0x00,0x0C,0x18,0x00,0x0C,0x18,0x00,0x0C,0x18,0x00,0x0C,0x18,0x00,0x0C,0x18,0x00,0x0C,0x38,0x00,0x0C,0x3C,0x00,0x0E,0x3C,0x00,0x1B,0x3C,0x00,0x1B,0xE4,0x00,0x19,0xE6,0x00,0x30,0xC6,0x00,0x30,0xC3,0x00,0x63,0x81,0x80,0x63,0x01,0x80,0x00,0x00,0x00,0x00,0x00,0x00}},
/*-- char: 仔 --*/
{{"\xD7\xD0"},{0x00,0x00,0x00,0x00,0x00,0x00,0x00,0x00,0x00,0x06,0x00,0x00,0x0D,0xFF,0x80,0x0D,0xFF,0x00,0x18,0x06,0x00,0x18,0x0C,0x00,0x38,0x18,0x00,0x78,0x10,0x00,0xDB,0xFF,0x80,0x5F,0xFF,0xC0,0x18,0x38,0x00,0x18,0x10,0x00,0x18,0x18,0x00,0x18,0x18,0x00,0x18,0x18,0x00,0x18,0x18,0x00,0x19,0xF0,0x00,0x18,0xE0,0x00,0x00,0x00,0x00}},
/*-- char: 他 --*/
{{"\xCB\xFB"},{0x00,0x00,0x00,0x00,0x00,0x00,0x00,0x10,0x00,0x0C,0x18,0x00,0x0D,0x98,0x00,0x19,0x98,0x00,0x19,0x9B,0x80,0x39,0x9F,0x80,0x79,0xF9,0x80,0xFB,0xF9,0x80,0xDF,0x99,0x80,0x19,0x99,0x80,0x19,0x99,0x80,0x19,0x9F,0x00,0x19,0x9F,0x00,0x19,0x90,0x80,0x19,0x80,0xC0,0x19,0x81,0x80,0x19,0xFF,0x80,0x10,0x7E,0x00,0x00,0x00,0x00}},
/*-- char: 代 --*/
{{"\xB4\xFA"},{0x00,0x00,0x00,0x00,0x00,0x00,0x00,0x00,0x00,0x06,0x36,0x00,0x06,0x37,0x00,0x0C,0x31,0x80,0x18,0x30,0x00,0x18,0x33,0x80,0x3B,0xFF,0x80,0x7F,0xF8,0x00,0xD8,0x30,0x00,0x18,0x30,0x00,0x18,0x18,0x00,0x18,0x18,0x00,0x18,0x18,0x00,0x18,0x18,0xC0,0x18,0x0C,0xC0,0x18,0x0F,0x80,0x18,0x07,0x80,0x08,0x01,0x00,0x00,0x00,0x00}},
/*-- char: 以 --*/
{{"\xD2\xD4"},{0x00,0x00,0x00,0x00,0x00,0x00,0x00,0x00,0x00,0x10,0x02,0x00,0x18,0x03,0x00,0x19,0x06,0x00,0x19,0x86,0x00,0x18,0xC6,0x00,0x18,0xE6,0x00,0x18,0x66,0x00,0x18,0x0C,0x00,0x18,0x0C,0x00,0x18,0x0C,0x00,0x1B,0x9C,0x00,0x1F,0x3E,0x00,0x7C,0x76,0x00,0x70,0xE3,0x00,0x03,0xC1,0x80,0x07,0x00,0x80,0x00,0x00,0x00,0x00,0x00,0x00}},
/*-- char: 们 --*/
{{"\xC3\xC7"},{0x00,0x00,0x00,0x00,0x00,0x00,0x00,0x00,0x00,0x09,0xBF,0x80,0x19,0xBF,0x80,0x18,0xC1,0x80,0x32,0x41,0x80,0x33,0x01,0x80,0x33,0x01,0x80,0x73,0x01,0x80,0x73,0x01,0x80,0x33,0x01,0x80,0x33,0x01,0x80,0x33,0x01,0x80,0x33,0x01,0x80,0x33,0x01,0x80,0x33,0x01,0x80,0x33,0x01,0x80,0x33,0x07,0x80,0x12,0x06,0x00,0x00,0x00,0x00}},
/*-- char: 件 --*/
{{"\xBC\xFE"},{0x00,0x00,0x00,0x00,0x00,0x00,0x00,0x10,0x00,0x0C,0x98,0x00,0x0D,0x98,0x00,0x19,0x98,0x00,0x19,0xFF,0x00,0x3B,0xFF,0x00,0x3B,0x18,0x00,0x7B,0x18,0x00,0x58,0x10,0x00,0x1B,0xFF,0x80,0x1F,0xFF,0x80,0x18,0x38,0x00,0x18,0x18,0x00,0x18,0x18,0x00,0x18,0x18,0x00,0x18,0x18,0x00,0x18,0x18,0x00,0x10,0x10,0x00,0x00,0x00,0x00}},
/*-- char: 价 --*/
{{"\xBC\xDB"},{0x00,0x00,0x00,0x00,0x00,0x00,0x00,0x00,0x00,0x0C,0x30,0x00,0x0C,0x78,0x00,0x18,0xEC,0x00,0x18,0xCE,0x00,0x31,0x87,0x00,0x77,0x03,0x80,0xFE,0x84,0xC0,0xD0,0xC6,0x00,0x10,0xC6,0x00,0x10,0xC6,0x00,0x10,0xC6,0x00,0x10,0x86,0x00,0x11,0x86,0x00,0x11,0x86,0x00,0x13,0x06,0x00,0x16,0x06,0x00,0x00,0x00,0x00,0x00,0x00,0x00}},
/*-- char: 任 --*/
{{"\xC8\xCE"},{0x00,0x00,0x00,0x00,0x00,0x00,0x00,0x00,0x00,0x06,0x07,0x00,0x0D,0xFF,0x00,0x0F,0xF8,0x00,0x18,0x10,0x00,0x38,0x10,0x00,0x38,0x10,0x00,0x78,0x10,0x00,0xDF,0xFF,0xC0,0x1F,0xFF,0xC0,0x18,0x10,0x00,0x18,0x10,0x00,0x18,0x10,0x00,0x18,0x10,0x00,0x18,0x10,0x00,0x1B,0xFF,0x80,0x1B,0xFF,0x80,0x10,0x00,0x00,0x00,0x00,0x00}},
/*-- char: 仿 --*/
{{"\xB7\xC2"},{0x00,0x00,0x00,0x00,0x00,0x00,0x00,0x10,0x00,0x06,0x18,0x00,0x0C,0x18,0x00,0x0F,0xFF,0x80,0x1B,0xFF,0xC0,0x38,0x60,0x00,0x38,0x60,0x00,0x78,0x60,0x00,0xD8,0x7F,0x00,0x18,0x7F,0x00,0x18,0x63,0x00,0x18,0xC3,0x00,0x18,0xC3,0x00,0x18,0xC3,0x00,0x19,0x83,0x00,0x1B,0x03,0x00,0x1F,0x1E,0x00,0x00,0x0C,0x00,0x00,0x00,0x00}},
/*-- char: 伙 --*/
{{"\xBB\xEF"},{0x00,0x00,0x00,0x00,0x00,0x00,0x00,0x00,0x00,0x0C,0x30,0x00,0x0C,0x30,0x00,0x18,0x30,0x00,0x19,0x31,0x80,0x39,0xB1,0x80,0x79,0xB1,0x80,0xFB,0x33,0x00,0xDB,0x33,0x00,0x1A,0x3A,0x00,0x18,0x38,0x00,0x18,0x38,0x00,0x18,0x6C,0x00,0x18,0xCC,0x00,0x19,0xC7,0x00,0x1B,0x83,0x80,0x1F,0x01,0xC0,0x10,0x00,0x00,0x00,0x00,0x00}},
/*-- char: 会 --*/
{{"\xBB\xE1"},{0x00,0x00,0x00,0x00,0x00,0x00,0x00,0x80,0x00,0x01,0xC0,0x00,0x01,0xE0,0x00,0x03,0x30,0x00,0x0E,0x1C,0x00,0x1C,0x0E,0x00,0x7F,0xFF,0x80,0x67,0xF9,0x80,0x00,0x00,0x00,0x3F,0xFF,0x00,0x7F,0xFF,0x80,0x03,0x00,0x00,0x03,0x18,0x00,0x06,0x0C,0x00,0x06,0x0E,0x00,0x3F,0xFF,0x00,0x3F,0xFF,0x00,0x00,0x00,0x00,0x00,0x00,0x00}},
/*-- char: 伤 --*/
{{"\xC9\xCB"},{0x00,0x00,0x00,0x00,0x00,0x00,0x00,0x00,0x00,0x0C,0xC0,0x00,0x0C,0xC0,0x00,0x19,0xFF,0x80,0x19,0xFF,0x80,0x33,0x20,0x00,0x76,0x30,0x00,0xF0,0x30,0x00,0xD3,0xFF,0x80,0x13,0xFF,0x80,0x10,0x61,0x80,0x10,0x61,0x80,0x10,0x61,0x00,0x10,0xC3,0x00,0x10,0xC3,0x00,0x13,0x83,0x00,0x17,0x1F,0x00,0x10,0x00,0x00,0x00,0x00,0x00}},
/*-- char: 伶 --*/
{{"\xC1\xE6"},{0x00,0x00,0x00,0x00,0x00,0x00,0x00,0x30,0x00,0x0C,0x38,0x00,0x0C,0x78,0x00,0x18,0xCC,0x00,0x19,0x86,0x00,0x3B,0xBF,0x80,0x7F,0xFF,0xC0,0xFC,0x00,0x00,0xD8,0x00,0x00,0x1F,0xFF,0x00,0x1B,0xFF,0x00,0x18,0x61,0x00,0x18,0x63,0x00,0x18,0x61,0x00,0x18,0x6F,0x00,0x18,0x6F,0x00,0x18,0x60,0x00,0x10,0x60,0x00,0x00,0x00,0x00}},
/*-- char: 伸 --*/
{{"\xC9\xEC"},{0x00,0x00,0x00,0x00,0x00,0x00,0x00,0x10,0x00,0x0C,0x30,0x00,0x0C,0x30,0x00,0x1B,0xFF,0x80,0x1B,0xFF,0x80,0x32,0x31,0x80,0x72,0x31,0x80,0xF3,0xFF,0x80,0xD3,0xFF,0x80,0x12,0x11,0x80,0x12,0x31,0x80,0x13,0xFF,0x80,0x13,0xFF,0x80,0x12,0x10,0x00,0x10,0x30,0x00,0x10,0x30,0x00,0x10,0x30,0x00,0x10,0x10,0x00,0x00,0x00,0x00}},
/*-- char: 似 --*/
{{"\xCB\xC6"},{0x00,0x00,0x00,0x00,0x00,0x00,0x00,0x00,0x00,0x0D,0x01,0x80,0x0F,0x01,0x80,0x1B,0x21,0x80,0x1B,0x31,0x80,0x33,0x11,0x00,0x73,0x1B,0x00,0xF1,0x0B,0x00,0xD1,0x03,0x00,0x11,0x03,0x00,0x11,0x06,0x00,0x11,0xF6,0x00,0x13,0xEE,0x00,0x17,0x1F,0x00,0x10,0x3B,0x80,0x10,0xF1,0x80,0x11,0xC0,0xC0,0x00,0x00,0x00,0x00,0x00,0x00}},
/*-- char: 但 --*/
{{"\xB5\xAB"},{0x00,0x00,0x00,0x00,0x00,0x00,0x00,0x00,0x00,0x0C,0x00,0x00,0x0D,0xFF,0x00,0x09,0xFF,0x00,0x19,0x83,0x00,0x39,0x83,0x00,0x39,0xFF,0x00,0x79,0xFF,0x00,0x59,0x83,0x00,0x19,0x83,0x00,0x19,0x83,0x00,0x19,0xFF,0x00,0x19,0xFF,0x00,0x18,0x00,0x00,0x18,0x00,0x00,0x1F,0xFF,0xC0,0x1F,0xFF,0xC0,0x10,0x00,0x00,0x00,0x00,0x00}},
/*-- char: 位 --*/
{{"\xCE\xBB"},{0x00,0x00,0x00,0x00,0x00,0x00,0x00,0x10,0x00,0x0C,0x30,0x00,0x0C,0x30,0x00,0x18,0x30,0x00,0x1B,0xFF,0x80,0x3B,0xFF,0x80,0x78,0x02,0x00,0xF9,0x87,0x00,0xD8,0x86,0x00,0x18,0xC6,0x00,0x18,0xC6,0x00,0x18,0xC4,0x00,0x18,0xCC,0x00,0x18,0xCC,0x00,0x18,0x4C,0x00,0x1F,0xFF,0xC0,0x1F,0xFF,0x80,0x10,0x00,0x00,0x00,0x00,0x00}},
/*-- char: 住 --*/
{{"\xD7\xA1"},{0x00,0x00,0x00,0x00,0x00,0x00,0x00,0x00,0x00,0x0C,0x60,0x00,0x0C,0x38,0x00,0x18,0x18,0x00,0x1B,0xFF,0x80,0x3B,0xFF,0x80,0x78,0x18,0x00,0xF8,0x18,0x00,0xD8,0x18,0x00,0x19,0xFF,0x00,0x1B,0xFF,0x80,0x18,0x18,0x00,0x18,0x18,0x00,0x18,0x18,0x00,0x18,0x18,0x00,0x1B,0xFF,0xC0,0x1B,0xFF,0xC0,0x10,0x00,0x00,0x00,0x00,0x00}},
/*-- char: 体 --*/
{{"\xCC\xE5"},{0x00,0x00,0x00,0x00,0x00,0x00,0x00,0x00,0x00,0x0C,0x30,0x00,0x08,0x30,0x00,0x18,0x30,0x00,0x1F,0xFF,0x80,0x37,0xFF,0x80,0x70,0x78,0x00,0x70,0x7C,0x00,0x70,0xFC,0x00,0x10,0xB6,0x00,0x11,0xB6,0x00,0x13,0x33,0x00,0x17,0xFF,0x80,0x1F,0xFF,0x80,0x10,0x30,0x00,0x10,0x30,0x00,0x10,0x30,0x00,0x10,0x10,0x00,0x00,0x00,0x00}},
/*-- char: 何 --*/
{{"\xBA\xCE"},{0x00,0x00,0x00,0x00,0x00,0x00,0x00,0x00,0x00,0x0C,0x00,0x00,0x0F,0xFF,0xC0,0x1B,0xFF,0xC0,0x18,0x03,0x00,0x38,0x03,0x00,0x39,0xFB,0x00,0x7B,0xFB,0x00,0x5B,0x1B,0x00,0x1B,0x1B,0x00,0x1B,0x1B,0x00,0x1B,0xFB,0x00,0x1B,0xF3,0x00,0x1B,0x03,0x00,0x18,0x03,0x00,0x18,0x03,0x00,0x18,0x1F,0x00,0x10,0x0E,0x00,0x00,0x00,0x00}},
/*-- char: 余 --*/
{{"\xD3\xE0"},{0x00,0x00,0x00,0x00,0x00,0x00,0x00,0x80,0x00,0x01,0xE0,0x00,0x03,0xF0,0x00,0x07,0x38,0x00,0x0E,0x1C,0x00,0x3C,0x0F,0x00,0x7F,0xFF,0x80,0x4F,0xFC,0x80,0x00,0xC0,0x00,0x3F,0xFF,0x00,0x7F,0xFF,0x80,0x00,0xC0,0x00,0x0C,0xCC,0x00,0x1C,0xCE,0x00,0x38,0xC7,0x00,0x70,0xC1,0x80,0x47,0xC1,0x80,0x03,0x00,0x00,0x00,0x00,0x00}},
/*-- char: 作 --*/
{{"\xD7\xF7"},{0x00,0x00,0x00,0x00,0x00,0x00,0x00,0x00,0x00,0x04,0x60,0x00,0x0C,0x40,0x00,0x0C,0xFF,0x80,0x18,0xFF,0xC0,0x39,0xB0,0x00,0x3B,0x30,0x00,0x7B,0x3F,0x80,0x5A,0x3F,0x80,0x18,0x30,0x00,0x18,0x30,0x00,0x18,0x3F,0x80,0x18,0x3F,0x80,0x18,0x30,0x00,0x18,0x30,0x00,0x18,0x30,0x00,0x18,0x30,0x00,0x10,0x30,0x00,0x00,0x00,0x00}},
/*-- char: 你 --*/
{{"\xC4\xE3"},{0x00,0x00,0x00,0x00,0x00,0x00,0x00,0x00,0x00,0x0C,0xC0,0x00,0x0C,0xC0,0x00,0x19,0x80,0x00,0x19,0xFF,0x80,0x33,0xFF,0x80,0x73,0x11,0x80,0xF6,0x19,0x80,0xD0,0x9A,0x00,0x10,0x9B,0x00,0x11,0x9B,0x00,0x11,0x99,0x80,0x13,0x19,0x80,0x13,0x19,0x80,0x12,0x18,0x80,0x10,0x18,0x00,0x10,0x70,0x00,0x10,0x20,0x00,0x00,0x00,0x00}},
/*-- char: 使 --*/
{{"\xCA\xB9"},{0x00,0x00,0x00,0x00,0x00,0x00,0x04,0x10,0x00,0x0C,0x30,0x00,0x0F,0xFF,0x80,0x1F,0xFF,0xC0,0x18,0x30,0x00,0x3B,0xFF,0x80,0x7B,0xFF,0x80,0xFB,0x31,0x80,0xDB,0x31,0x80,0x1B,0xFF,0x80,0x1B,0xFF,0x80,0x1B,0x30,0x00,0x19,0xB0,0x00,0x18,0xE0,0x00,0x18,0xF0,0x00,0x19,0xFE,0x00,0x1F,0x8F,0x80,0x12,0x01,0x80,0x00,0x00,0x00}},
/*-- char: 侍 --*/
{{"\xCA\xCC"},{0x00,0x00,0x00,0x00,0x00,0x00,0x00,0x10,0x00,0x0C,0x30,0x00,0x0C,0x30,0x00,0x1B,0xFF,0x80,0x19,0xFF,0x00,0x30,0x30,0x00,0x77,0xFF,0xC0,0xF7,0xFF,0xC0,0xD8,0x06,0x00,0x13,0xFF,0x80,0x17,0xFF,0xC0,0x11,0x86,0x00,0x19,0x86,0x00,0x18,0xC6,0x00,0x18,0x46,0x00,0x18,0x06,0x00,0x18,0x3E,0x00,0x10,0x18,0x00,0x00,0x00,0x00}},
/*-- char: 便 --*/
{{"\xB1\xE3"},{0x00,0x00,0x00,0x00,0x00,0x00,0x00,0x00,0x00,0x0F,0xFF,0x80,0x0F,0xFF,0x80,0x18,0x10,0x00,0x1B,0xFF,0x80,0x33,0xFF,0x80,0x33,0x11,0x80,0x73,0xFF,0x80,0x73,0xFF,0x80,0x13,0x11,0x80,0x13,0xFF,0x80,0x13,0xFF,0x00,0x13,0x30,0x00,0x11,0xB0,0x00,0x10,0xE0,0x00,0x11,0xFE,0x00,0x1F,0x9F,0x80,0x10,0x01,0x80,0x00,0x00,0x00}},
/*-- char: 俐 --*/
{{"\xC0\xFE"},{0x00,0x00,0x00,0x00,0x00,0x00,0x00,0x00,0x00,0x08,0x61,0x80,0x1F,0xE9,0x80,0x1F,0x8D,0x80,0x31,0x8D,0x80,0x31,0x8D,0x80,0x7F,0xFD,0x80,0x7F,0xFD,0x80,0xF1,0xCD,0x80,0x31,0xED,0x80,0x33,0xED,0x80,0x33,0xBD,0x80,0x37,0x8D,0x80,0x3D,0x89,0x80,0x39,0x81,0x80,0x31,0x81,0x80,0x31,0x87,0x80,0x10,0x86,0x00,0x00,0x00,0x00}},
/*-- char: 信 --*/
{{"\xD0\xC5"},{0x00,0x00,0x00,0x00,0x00,0x00,0x00,0x00,0x00,0x0D,0xFF,0x00,0x0D,0xFF,0x00,0x18,0x00,0x00,0x1F,0xFF,0xC0,0x38,0x00,0x00,0x79,0xFF,0x00,0xF9,0xFF,0x00,0xD8,0x00,0x00,0x19,0xFF,0x00,0x18,0x00,0x00,0x19,0xFF,0x00,0x19,0xFF,0x00,0x19,0x03,0x00,0x19,0x03,0x00,0x19,0xFF,0x00,0x19,0xFF,0x00,0x11,0x01,0x00,0x00,0x00,0x00}},
/*-- char: 俩 --*/
{{"\xC1\xA9"},{0x00,0x00,0x00,0x00,0x00,0x00,0x00,0x00,0x00,0x1F,0xFF,0x80,0x1F,0xFF,0x80,0x18,0x6C,0x00,0x30,0x4C,0x00,0x33,0xFF,0x00,0x77,0xFF,0x80,0x76,0x4D,0x80,0xF6,0x4D,0x80,0x36,0xCD,0x80,0x36,0xFD,0x80,0x36,0xFF,0x80,0x37,0x9B,0x80,0x37,0xB3,0x80,0x37,0x21,0x80,0x36,0x01,0x80,0x36,0x07,0x80,0x12,0x02,0x00,0x00,0x00,0x00}},
/*-- char: 候 --*/
{{"\xBA\xF2"},{0x00,0x00,0x00,0x00,0x00,0x00,0x00,0x00,0x00,0x08,0xFE,0x00,0x1A,0xFE,0x00,0x1E,0x02,0x00,0x36,0x06,0x00,0x37,0xFF,0x80,0x76,0x60,0x00,0xF6,0x60,0x00,0xF6,0xFF,0x80,0x37,0xD8,0x00,0x37,0x98,0x00,0x37,0xFF,0xC0,0x37,0xFF,0x80,0x36,0x1C,0x00,0x32,0x3C,0x00,0x30,0xE7,0x00,0x31,0xC3,0x80,0x10,0x00,0x80,0x00,0x00,0x00}},
/*-- char: 借 --*/
{{"\xBD\xE8"},{0x00,0x00,0x00,0x00,0x00,0x00,0x00,0x84,0x00,0x0C,0xC6,0x00,0x0C,0xCE,0x00,0x1F,0xFF,0x80,0x18,0xC6,0x00,0x30,0xC6,0x00,0x7F,0xFF,0x80,0xFF,0xFF,0xC0,0xD0,0x00,0x00,0x11,0xFF,0x00,0x11,0xFF,0x00,0x11,0x83,0x00,0x11,0xFF,0x00,0x11,0xFF,0x00,0x11,0x83,0x00,0x11,0xFF,0x00,0x19,0xFF,0x00,0x11,0x01,0x00,0x00,0x00,0x00}},
/*-- char: 倾 --*/
{{"\xC7\xE3"},{0x00,0x00,0x00,0x00,0x00,0x00,0x00,0x00,0x00,0x18,0x7F,0x80,0x1A,0x7F,0xC0,0x16,0x0C,0x00,0x36,0x1D,0x00,0x36,0x7F,0x80,0x77,0xE5,0x80,0xF6,0x6D,0x80,0xF6,0x6D,0x80,0x36,0x6D,0x80,0x36,0x6D,0x80,0x36,0xED,0x80,0x37,0xED,0x80,0x36,0x2D,0x00,0x30,0x1E,0x00,0x30,0x33,0x00,0x30,0x61,0x80,0x10,0x40,0x00,0x00,0x00,0x00}},
/*-- char: 偏 --*/
{{"\xC6\xAB"},{0x00,0x00,0x00,0x00,0x00,0x00,0x00,0x00,0x00,0x0F,0xFF,0x80,0x1F,0xFF,0xC0,0x18,0x00,0x00,0x33,0xFF,0x80,0x33,0x01,0x80,0x73,0x01,0x80,0x73,0xFF,0x80,0xF3,0x00,0x00,0x33,0xFF,0x80,0x33,0xFF,0x80,0x33,0xB4,0x80,0x33,0xFF,0x80,0x37,0xFF,0x80,0x37,0xB5,0x80,0x3D,0xB4,0x80,0x35,0xB7,0x80,0x11,0x87,0x00,0x00,0x00,0x00}},
/*-- char: 做 --*/
{{"\xD7\xF6"},{0x00,0x00,0x00,0x00,0x00,0x00,0x00,0x00,0x00,0x0D,0x8C,0x00,0x19,0x8C,0x00,0x19,0x8C,0x00,0x3F,0xFF,0xC0,0x37,0xFF,0x80,0x71,0x99,0x80,0xF1,0xB9,0x00,0xF1,0xB9,0x00,0x37,0xEF,0x00,0x36,0x6F,0x00,0x36,0x66,0x00,0x36,0x66,0x00,0x36,0x66,0x00,0x37,0xEF,0x00,0x37,0xF9,0x80,0x36,0x31,0x80,0x10,0x00,0x00,0x00,0x00,0x00}},
/*-- char: 偷 --*/
{{"\xCD\xB5"},{0x00,0x00,0x00,0x00,0x00,0x00,0x00,0x20,0x00,0x0C,0x70,0x00,0x18,0xF8,0x00,0x19,0xCE,0x00,0x33,0x87,0x00,0x3F,0xFF,0xC0,0x74,0xFC,0x80,0x70,0x01,0x00,0xF7,0xE9,0x80,0x37,0x6D,0x80,0x37,0xED,0x80,0x36,0xED,0x80,0x37,0x6D,0x80,0x37,0xED,0x80,0x36,0x69,0x80,0x36,0x61,0x80,0x36,0xE7,0x00,0x12,0xC6,0x00,0x00,0x00,0x00}},
/*-- char: 像 --*/
{{"\xCF\xF1"},{0x00,0x00,0x00,0x00,0x00,0x00,0x00,0x00,0x00,0x0C,0xF8,0x00,0x19,0xFC,0x00,0x1B,0x18,0x00,0x37,0xFF,0x80,0x37,0xFF,0x80,0x73,0x31,0x80,0x73,0xFF,0x80,0xF3,0xFF,0x80,0x31,0xE9,0x80,0x37,0x6F,0x80,0x30,0xFE,0x00,0x33,0x9E,0x00,0x36,0x7E,0x00,0x30,0xDB,0x00,0x37,0x99,0x80,0x36,0xF0,0x80,0x10,0x60,0x00,0x00,0x00,0x00}},
/*-- char: 儿 --*/
{{"\xB6\xF9"},{0x00,0x00,0x00,0x00,0x00,0x00,0x00,0x00,0x00,0x04,0x18,0x00,0x0C,0x18,0x00,0x0C,0x18,0x00,0x0C,0x18,0x00,0x0C,0x18,0x00,0x0C,0x18,0x00,0x0C,0x18,0x00,0x0C,0x18,0x00,0x0C,0x18,0x00,0x0C,0x18,0x00,0x0C,0x18,0x00,0x0C,0x18,0x80,0x18,0x18,0xC0,0x18,0x18,0xC0,0x30,0x19,0x80,0x60,0x1F,0x80,0x00,0x0F,0x00,0x00,0x00,0x00}},
/*-- char: 先 --*/
{{"\xCF\xC8"},{0x00,0x00,0x00,0x00,0x00,0x00,0x00,0xC0,0x00,0x0C,0xC0,0x00,0x0C,0xC0,0x00,0x1F,0xFF,0x00,0x1F,0xFF,0x00,0x30,0xC0,0x00,0x30,0xC0,0x00,0x00,0xC0,0x00,0x7F,0xFF,0x80,0x7F,0xFF,0x80,0x06,0x30,0x00,0x06,0x30,0x00,0x06,0x30,0x00,0x0C,0x30,0x80,0x0C,0x30,0x80,0x38,0x3F,0x80,0x70,0x1F,0x80,0x00,0x00,0x00,0x00,0x00,0x00}},
/*-- char: 光 --*/
{{"\xB9\xE2"},{0x00,0x00,0x00,0x00,0x00,0x00,0x00,0xC0,0x00,0x10,0xC2,0x00,0x18,0xC3,0x00,0x18,0xC6,0x00,0x0C,0xC6,0x00,0x0C,0xCC,0x00,0x00,0xC8,0x00,0x7F,0xFF,0x80,0x7F,0xFF,0x80,0x06,0x30,0x00,0x06,0x30,0x00,0x06,0x30,0x00,0x06,0x30,0x00,0x0C,0x30,0x80,0x0C,0x30,0xC0,0x38,0x31,0x80,0x70,0x1F,0x80,0x00,0x0F,0x00,0x00,0x00,0x00}},
/*-- char: 党 --*/
{{"\xB5\xB3"},{0x00,0x00,0x00,0x00,0x00,0x00,0x00,0xC0,0x00,0x18,0xC6,0x00,0x0C,0xC4,0x00,0x7F,0xFF,0x80,0x7F,0xFF,0x80,0x60,0x01,0x80,0x6F,0xFD,0x80,0x6F,0xFD,0x80,0x0C,0x0C,0x00,0x0C,0x0C,0x00,0x0F,0xFC,0x00,0x0F,0xFC,0x00,0x03,0x30,0x00,0x03,0x30,0x00,0x06,0x30,0x80,0x1C,0x31,0x80,0x78,0x3F,0x80,0x20,0x1F,0x00,0x00,0x00,0x00}},
/*-- char: 入 --*/
{{"\xC8\xEB"},{0x00,0x00,0x00,0x00,0x00,0x00,0x00,0x00,0x00,0x0F,0xC0,0x00,0x0F,0xC0,0x00,0x00,0xC0,0x00,0x00,0x40,0x00,0x00,0xC0,0x00,0x01,0xE0,0x00,0x01,0xE0,0x00,0x01,0xE0,0x00,0x03,0xB0,0x00,0x03,0x30,0x00,0x07,0x18,0x00,0x06,0x18,0x00,0x0C,0x0C,0x00,0x1C,0x06,0x00,0x78,0x03,0x80,0x60,0x01,0x80,0x00,0x00,0x00,0x00,0x00,0x00}},
/*-- char: 全 --*/
{{"\xC8\xAB"},{0x00,0x00,0x00,0x00,0x00,0x00,0x00,0xC0,0x00,0x01,0xE0,0x00,0x01,0xE0,0x00,0x03,0x30,0x00,0x06,0x18,0x00,0x1C,0x0E,0x00,0x38,0x07,0x00,0x7F,0xFF,0x80,0x4F,0xFC,0x80,0x00,0xC0,0x00,0x00,0xC0,0x00,0x1F,0xFE,0x00,0x1F,0xFE,0x00,0x00,0xC0,0x00,0x00,0xC0,0x00,0x7F,0xFF,0x80,0x7F,0xFF,0x80,0x00,0x00,0x00,0x00,0x00,0x00}},
/*-- char: 八 --*/
{{"\xB0\xCB"},{0x00,0x00,0x00,0x00,0x00,0x00,0x00,0x00,0x00,0x00,0x00,0x00,0x0F,0xF8,0x00,0x07,0xF8,0x00,0x00,0x18,0x00,0x06,0x18,0x00,0x06,0x18,0x00,0x06,0x18,0x00,0x0C,0x18,0x00,0x0C,0x0C,0x00,0x0C,0x0C,0x00,0x0C,0x0C,0x00,0x18,0x06,0x00,0x18,0x06,0x00,0x30,0x03,0x00,0x70,0x03,0x80,0x60,0x01,0x80,0x00,0x00,0x00,0x00,0x00,0x00}},
/*-- char: 公 --*/
{{"\xB9\xAB"},{0x00,0x00,0x00,0x00,0x00,0x00,0x00,0x00,0x00,0x06,0x18,0x00,0x06,0x18,0x00,0x0E,0x0C,0x00,0x0C,0x0E,0x00,0x18,0x06,0x00,0x38,0x03,0x00,0x71,0x81,0x80,0x61,0x81,0x80,0x03,0x80,0x00,0x03,0x00,0x00,0x03,0x18,0x00,0x06,0x0C,0x00,0x06,0x06,0x00,0x0C,0x06,0x00,0x3F,0xFF,0x00,0x3F,0xE3,0x80,0x00,0x01,0x00,0x00,0x00,0x00}},
/*-- char: 关 --*/
{{"\xB9\xD8"},{0x00,0x00,0x00,0x00,0x00,0x00,0x00,0x00,0x00,0x0C,0x0C,0x00,0x06,0x18,0x00,0x02,0x10,0x00,0x0F,0xFC,0x00,0x1F,0xFE,0x00,0x00,0xC0,0x00,0x00,0xC0,0x00,0x00,0xC0,0x00,0x1F,0xFE,0x00,0x1F,0xFE,0x00,0x00,0xE0,0x00,0x01,0xE0,0x00,0x01,0xB0,0x00,0x07,0x38,0x00,0x0E,0x1C,0x00,0x1C,0x0E,0x00,0x10,0x00,0x00,0x00,0x00,0x00}},
/*-- char: 兴 --*/
{{"\xD0\xCB"},{0x00,0x00,0x00,0x00,0x00,0x00,0x00,0x00,0x00,0x03,0x01,0x00,0x61,0x81,0x80,0x61,0x83,0x00,0x30,0x83,0x00,0x30,0xC6,0x00,0x18,0xCE,0x00,0x18,0x0C,0x00,0x00,0x08,0x00,0x7F,0xFF,0x80,0x7F,0xFF,0x80,0x00,0x00,0x00,0x06,0x18,0x00,0x0C,0x0C,0x00,0x18,0x06,0x00,0x30,0x03,0x00,0x60,0x01,0x80,0x00,0x00,0x00,0x00,0x00,0x00}},
/*-- char: 其 --*/
{{"\xC6\xE4"},{0x00,0x00,0x00,0x00,0x00,0x00,0x00,0x00,0x00,0x0C,0x0C,0x00,0x3F,0xFF,0x00,0x7F,0xFF,0x80,0x0C,0x0C,0x00,0x0C,0x0C,0x00,0x0F,0xFC,0x00,0x0C,0x0C,0x00,0x0C,0x0C,0x00,0x0F,0xFC,0x00,0x0C,0x0C,0x00,0x0C,0x0C,0x00,0x7F,0xFF,0x80,0x7F,0xFF,0x80,0x06,0x18,0x00,0x1E,0x1F,0x00,0x78,0x03,0x80,0x00,0x00,0x00,0x00,0x00,0x00}},
/*-- char: 典 --*/
{{"\xB5\xE4"},{0x00,0x00,0x00,0x00,0x00,0x00,0x03,0x30,0x00,0x03,0x30,0x00,0x1F,0xFE,0x00,0x3F,0xFF,0x00,0x33,0x33,0x00,0x33,0x33,0x00,0x33,0x33,0x00,0x3F,0xFF,0x00,0x3F,0xFF,0x00,0x33,0x33,0x00,0x33,0x33,0x00,0x7F,0xFF,0x80,0xFF,0xFF,0xC0,0x06,0x18,0x00,0x0E,0x1C,0x00,0x3C,0x07,0x00,0x70,0x03,0x80,0x00,0x00,0x00,0x00,0x00,0x00}},
/*-- char: 内 --*/
{{"\xC4\xDA"},{0x00,0x00,0x00,0x00,0x00,0x00,0x00,0xC0,0x00,0x00,0xC0,0x00,0x00,0xC0,0x00,0x3F,0xFF,0x00,0x7F,0xFF,0x80,0x60,0xC1,0x80,0x60,0xC1,0x80,0x60,0xC1,0x80,0x61,0xE1,0x80,0x61,0xB1,0x80,0x63,0x19,0x80,0x66,0x1D,0x80,0x7C,0x0F,0x80,0x68,0x01,0x80,0x60,0x01,0x80,0x60,0x01,0x80,0x60,0x0F,0x00,0x20,0x0E,0x00,0x00,0x00,0x00}},
/*-- char: 再 --*/
{{"\xD4\xD9"},{0x00,0x00,0x00,0x00,0x00,0x00,0x00,0x00,0x00,0x7F,0xFF,0x80,0x7F,0xFF,0x80,0x00,0xC0,0x00,0x1F,0xFE,0x00,0x1F,0xFE,0x00,0x18,0xC6,0x00,0x10,0xC2,0x00,0x1F,0xFE,0x00,0x1F,0xFE,0x00,0x10,0xC2,0x00,0x7F,0xFF,0x80,0xFF,0xFF,0xC0,0x38,0x07,0x00,0x10,0x02,0x00,0x10,0x06,0x00,0x10,0x1E,0x00,0x10,0x1C,0x00,0x00,0x00,0x00}},
/*-- char: 写 --*/
{{"\xD0\xB4"},{0x00,0x00,0x00,0x00,0x00,0x00,0x00,0x00,0x00,0x7F,0xFF,0x80,0x7F,0xFF,0x80,0x66,0x01,0x80,0x66,0x01,0x80,0x67,0xFD,0x80,0x0F,0xFC,0x00,0x0C,0x00,0x00,0x0F,0xFC,0x00,0x0F,0xFC,0x00,0x08,0x0C,0x00,0x00,0x0C,0x00,0x7F,0xFF,0x80,0x7F,0xFF,0x80,0x00,0x18,0x00,0x00,0x18,0x00,0x01,0xF8,0x00,0x00,0xE0,0x00,0x00,0x00,0x00}},
/*-- char: 军 --*/
{{"\xBE\xFC"},{0x00,0x00,0x00,0x00,0x00,0x00,0x00,0x00,0x00,0x7F,0xFF,0x80,0x7F,0xFF,0x80,0x63,0x01,0x80,0x63,0x01,0x80,0x1F,0xFE,0x00,0x1F,0xFE,0x00,0x06,0x40,0x00,0x0C,0x60,0x00,0x1F,0xFE,0x00,0x1F,0xFF,0x00,0x00,0x60,0x00,0x00,0x60,0x00,0x7F,0xFF,0x80,0x7F,0xFF,0x80,0x00,0x60,0x00,0x00,0x60,0x00,0x00,0x40,0x00,0x00,0x00,0x00}},
/*-- char: 农 --*/
{{"\xC5\xA9"},{0x00,0x00,0x00,0x00,0x00,0x00,0x00,0x40,0x00,0x00,0x60,0x00,0x00,0xC0,0x00,0x7F,0xFF,0x80,0x7F,0xFF,0x80,0x61,0xC1,0x80,0x63,0xC1,0x00,0x03,0x42,0x00,0x06,0x67,0x00,0x1C,0x6E,0x00,0x7C,0x38,0x00,0x6C,0x30,0x00,0x0C,0x18,0x00,0x0C,0x0C,0x00,0x0C,0xC6,0x00,0x0F,0xC3,0x80,0x0F,0x01,0x80,0x00,0x00,0x00,0x00,0x00,0x00}},
/*-- char: 冬 --*/
{{"\xB6\xAC"},{0x00,0x00,0x00,0x00,0x00,0x00,0x01,0x00,0x00,0x03,0x00,0x00,0x07,0xFC,0x00,0x0F,0xFC,0x00,0x1E,0x0C,0x00,0x3F,0x18,0x00,0x73,0xB0,0x00,0x01,0xE0,0x00,0x03,0xF0,0x00,0x0F,0x3E,0x00,0x7F,0x0F,0x80,0x71,0xE1,0x80,0x00,0x70,0x00,0x00,0x10,0x00,0x0F,0x00,0x00,0x0F,0xF0,0x00,0x00,0xFC,0x00,0x00,0x0C,0x00,0x00,0x00,0x00}},
/*-- char: 决 --*/
{{"\xBE\xF6"},{0x00,0x00,0x00,0x00,0x00,0x00,0x00,0x20,0x00,0x40,0x30,0x00,0x60,0x30,0x00,0x33,0xFF,0x00,0x1B,0xFF,0x00,0x10,0x33,0x00,0x00,0x33,0x00,0x00,0x33,0x00,0x00,0x33,0x00,0x07,0xFF,0xC0,0x1B,0xFF,0x80,0x18,0x78,0x00,0x30,0x68,0x00,0x30,0xCC,0x00,0x61,0x86,0x00,0x63,0x87,0x00,0x46,0x01,0x80,0x00,0x00,0x00,0x00,0x00,0x00}},
/*-- char: 况 --*/
{{"\xBF\xF6"},{0x00,0x00,0x00,0x00,0x00,0x00,0x00,0x00,0x00,0x01,0xFF,0x00,0x73,0xFF,0x00,0x3B,0x03,0x00,0x1B,0x03,0x00,0x0B,0x03,0x00,0x03,0x03,0x00,0x03,0xFF,0x00,0x0B,0xFF,0x00,0x18,0xCC,0x00,0x18,0xCC,0x00,0x30,0xCC,0x00,0x30,0xCC,0x00,0x60,0xCC,0x80,0x61,0x8C,0xC0,0x03,0x0C,0xC0,0x0E,0x0F,0x80,0x00,0x07,0x00,0x00,0x00,0x00}},
/*-- char: 准 --*/
{{"\xD7\xBC"},{0x00,0x00,0x00,0x00,0x00,0x00,0x00,0x00,0x00,0x00,0xCC,0x00,0x70,0xCC,0x00,0x39,0x8C,0x00,0x19,0xFF,0x80,0x03,0xFF,0x80,0x07,0x98,0x00,0x07,0xFF,0x00,0x05,0xFF,0x80,0x01,0x98,0x00,0x19,0x98,0x00,0x19,0xFF,0x00,0x31,0xFF,0x80,0x31,0x98,0x00,0x61,0x98,0x00,0x41,0xFF,0xC0,0x01,0xFF,0xC0,0x01,0x00,0x00,0x00,0x00,0x00}},
/*-- char: 凉 --*/
{{"\xC1\xB9"},{0x00,0x00,0x00,0x00,0x00,0x00,0x00,0x00,0x00,0x00,0x30,0x00,0x67,0xFF,0x80,0x37,0xFF,0x80,0x18,0x00,0x00,0x01,0xFF,0x00,0x03,0xFF,0x00,0x03,0x03,0x00,0x03,0x03,0x00,0x1B,0xFB,0x00,0x1B,0xFF,0x00,0x30,0x30,0x00,0x31,0x32,0x00,0x63,0x33,0x00,0x66,0x31,0x80,0x06,0x31,0x80,0x00,0xF0,0x00,0x00,0x60,0x00,0x00,0x00,0x00}},
/*-- char: 凝 --*/
{{"\xC4\xFD"},{0x00,0x00,0x00,0x00,0x00,0x00,0x04,0x00,0x00,0x06,0x7F,0x80,0x67,0xDF,0x80,0x77,0x0B,0x00,0x1E,0x7E,0x00,0x07,0xE7,0x00,0x07,0xC3,0x00,0x06,0x3F,0x80,0x07,0xC7,0x80,0x0D,0x96,0x80,0x19,0x96,0x00,0x3F,0xF7,0x80,0x37,0xF6,0x00,0x63,0xB6,0x00,0x63,0xFE,0x00,0x46,0x6E,0x00,0x0C,0x67,0xC0,0x00,0x00,0x00,0x00,0x00,0x00}},
/*-- char: 几 --*/
{{"\xBC\xB8"},{0x00,0x00,0x00,0x00,0x00,0x00,0x00,0x00,0x00,0x07,0xF8,0x00,0x0F,0xF8,0x00,0x0C,0x18,0x00,0x0C,0x18,0x00,0x0C,0x18,0x00,0x0C,0x18,0x00,0x0C,0x18,0x00,0x0C,0x18,0x00,0x0C,0x18,0x00,0x0C,0x18,0x00,0x0C,0x18,0x00,0x0C,0x18,0x80,0x18,0x18,0xC0,0x38,0x18,0xC0,0x30,0x1F,0x80,0x60,0x0F,0x80,0x00,0x00,0x00,0x00,0x00,0x00}},
/*-- char: 出 --*/
{{"\xB3\xF6"},{0x00,0x00,0x00,0x00,0x00,0x00,0x00,0x00,0x00,0x00,0xC0,0x00,0x10,0xC2,0x00,0x30,0xC3,0x00,0x30,0xC3,0x00,0x30,0xC3,0x00,0x30,0xC3,0x00,0x3F,0xFF,0x00,0x1F,0xFE,0x00,0x00,0xC0,0x00,0x30,0xC3,0x00,0x30,0xC3,0x00,0x30,0xC3,0x00,0x30,0xC3,0x00,0x30,0xC3,0x00,0x3F,0xFF,0x00,0x3F,0xFF,0x00,0x20,0x01,0x00,0x00,0x00,0x00}},
/*-- char: 分 --*/
{{"\xB7\xD6"},{0x00,0x00,0x00,0x00,0x00,0x00,0x00,0x00,0x00,0x06,0x18,0x00,0x06,0x18,0x00,0x0C,0x0C,0x00,0x0C,0x0E,0x00,0x18,0x06,0x00,0x30,0x03,0x00,0x7F,0xFF,0x80,0x7F,0xFE,0x80,0x01,0x86,0x00,0x01,0x86,0x00,0x03,0x06,0x00,0x03,0x06,0x00,0x06,0x06,0x00,0x0E,0x0C,0x00,0x1C,0x0C,0x00,0x78,0x7C,0x00,0x00,0x30,0x00,0x00,0x00,0x00}},
/*-- char: 切 --*/
{{"\xC7\xD0"},{0x00,0x00,0x00,0x00,0x00,0x00,0x00,0x00,0x00,0x30,0x00,0x00,0x31,0xFF,0x80,0x31,0xFF,0x80,0x30,0x31,0x80,0x3F,0xB1,0x80,0x7F,0x31,0x80,0xF0,0x31,0x80,0x30,0x31,0x80,0x30,0x31,0x80,0x33,0x21,0x80,0x33,0x61,0x80,0x3F,0x61,0x80,0x1F,0xC1,0x80,0x00,0xC1,0x80,0x01,0x83,0x00,0x03,0x1F,0x00,0x02,0x0E,0x00,0x00,0x00,0x00}},
/*-- char: 则 --*/
{{"\xD4\xF2"},{0x00,0x00,0x00,0x00,0x00,0x00,0x00,0x01,0x00,0x3F,0xC1,0x80,0x3F,0xC9,0x80,0x20,0xD9,0x80,0x26,0xD9,0x80,0x26,0xD9,0x80,0x26,0xD9,0x80,0x26,0xD9,0x80,0x26,0xD9,0x80,0x26,0xD9,0x80,0x26,0xD9,0x80,0x24,0xD9,0x80,0x2C,0xD9,0x80,0x0F,0x09,0x80,0x1B,0x81,0x80,0x39,0xC1,0x80,0x60,0xCF,0x00,0x00,0x0E,0x00,0x00,0x00,0x00}},
/*-- char: 初 --*/
{{"\xB3\xF5"},{0x00,0x00,0x00,0x00,0x00,0x00,0x08,0x00,0x00,0x18,0x00,0x00,0x19,0xFF,0x80,0x19,0xFF,0x80,0x7E,0x31,0x80,0x7E,0x31,0x80,0x06,0x31,0x80,0x0C,0x31,0x80,0x1B,0x31,0x80,0x1E,0x31,0x80,0x3E,0x31,0x80,0x7B,0x61,0x80,0x58,0x61,0x80,0x18,0x41,0x80,0x18,0xC1,0x80,0x19,0x83,0x00,0x1B,0x9F,0x00,0x08,0x0E,0x00,0x00,0x00,0x00}},
/*-- char: 利 --*/
{{"\xC0\xFB"},{0x00,0x00,0x00,0x00,0x00,0x00,0x00,0x00,0x00,0x0F,0x81,0x80,0x7F,0x11,0x80,0x6C,0x31,0x80,0x04,0x31,0x80,0x0C,0x31,0x80,0x7F,0xF1,0x80,0x7F,0xB1,0x80,0x0C,0x31,0x80,0x1E,0x31,0x80,0x1F,0x31,0x80,0x35,0xB1,0x80,0x6C,0xB1,0x80,0xEC,0x01,0x80,0x4C,0x01,0x80,0x0C,0x01,0x80,0x0C,0x0F,0x00,0x04,0x06,0x00,0x00,0x00,0x00}},
/*-- char: 别 --*/
{{"\xB1\xF0"},{0x00,0x00,0x00,0x00,0x00,0x00,0x00,0x00,0x00,0x7F,0x81,0x80,0x7F,0x99,0x80,0x61,0x99,0x80,0x61,0x99,0x80,0x61,0x99,0x80,0x7F,0x99,0x80,0x3F,0x99,0x80,0x0C,0x19,0x80,0x7F,0x99,0x80,0x7F,0x99,0x80,0x09,0x99,0x80,0x19,0x99,0x80,0x19,0x81,0x80,0x11,0x81,0x80,0x31,0x81,0x80,0x67,0x8F,0x00,0x02,0x06,0x00,0x00,0x00,0x00}},
/*-- char: 到 --*/
{{"\xB5\xBD"},{0x00,0x00,0x00,0x00,0x00,0x00,0x00,0x00,0x00,0x7F,0xC1,0x80,0x7F,0xD1,0x80,0x18,0x19,0x80,0x19,0x19,0x80,0x19,0x99,0x80,0x7F,0xD9,0x80,0x7F,0xF9,0x80,0x04,0x79,0x80,0x04,0x19,0x80,0x7F,0xD9,0x80,0x7F,0xD9,0x80,0x06,0x19,0x80,0x04,0x01,0x80,0x07,0xC1,0x80,0x7F,0xC1,0x80,0x7C,0x0F,0x80,0x00,0x06,0x00,0x00,0x00,0x00}},
/*-- char: 制 --*/
{{"\xD6\xC6"},{0x00,0x00,0x00,0x00,0x00,0x00,0x04,0x00,0x00,0x36,0x01,0x80,0x36,0x0D,0x80,0x3F,0xCD,0x80,0x7F,0xCD,0x80,0x66,0x0D,0x80,0x7F,0xED,0x80,0x7F,0xED,0x80,0x06,0x0D,0x80,0x3F,0xCD,0x80,0x7F,0xED,0x80,0x66,0x6D,0x80,0x66,0x69,0x80,0x66,0x61,0x80,0x66,0xE1,0x80,0x67,0xC1,0x80,0x06,0x07,0x80,0x04,0x06,0x00,0x00,0x00,0x00}},
/*-- char: 前 --*/
{{"\xC7\xB0"},{0x00,0x00,0x00,0x00,0x00,0x00,0x08,0x04,0x00,0x0C,0x0C,0x00,0x06,0x0C,0x00,0x7F,0xFF,0x80,0x7F,0xFF,0x80,0x00,0x00,0x00,0x3F,0x93,0x00,0x3F,0x93,0x00,0x21,0x93,0x00,0x3F,0x93,0x00,0x3F,0x93,0x00,0x21,0x93,0x00,0x3F,0x93,0x00,0x3F,0x93,0x00,0x31,0x83,0x00,0x31,0x83,0x00,0x37,0x8F,0x00,0x23,0x06,0x00,0x00,0x00,0x00}},
/*-- char: 剩 --*/
{{"\xCA\xA3"},{0x00,0x00,0x00,0x00,0x00,0x00,0x00,0x00,0x00,0x1F,0xE1,0x80,0x7F,0x81,0x80,0x06,0x0D,0x80,0x7F,0xFD,0x80,0x7F,0xFD,0x80,0x1E,0x8D,0x80,0x7E,0xED,0x80,0x7E,0xCD,0x80,0x1E,0x8D,0x80,0x7E,0xFD,0x80,0x1F,0xED,0x80,0x0F,0x8D,0x80,0x1E,0xC1,0x80,0x36,0x61,0x80,0x66,0x01,0x80,0x46,0x07,0x80,0x02,0x06,0x00,0x00,0x00,0x00}},
/*-- char: 力 --*/
{{"\xC1\xA6"},{0x00,0x00,0x00,0x00,0x00,0x00,0x01,0x80,0x00,0x01,0x80,0x00,0x01,0x80,0x00,0x01,0x80,0x00,0x3F,0xFF,0x00,0x7F,0xFF,0x80,0x01,0x83,0x80,0x01,0x81,0x00,0x01,0x83,0x00,0x03,0x03,0x00,0x03,0x03,0x00,0x03,0x03,0x00,0x06,0x03,0x00,0x0E,0x03,0x00,0x1C,0x03,0x00,0x38,0x06,0x00,0x70,0x3E,0x00,0x00,0x1C,0x00,0x00,0x00,0x00}},
/*-- char: 劝 --*/
{{"\xC8\xB0"},{0x00,0x00,0x00,0x00,0x00,0x00,0x00,0x10,0x00,0x00,0x30,0x00,0x7E,0x30,0x00,0x7F,0x30,0x00,0x03,0xFF,0x80,0x43,0xFF,0x80,0x66,0x31,0x80,0x36,0x31,0x80,0x1E,0x31,0x80,0x0C,0x31,0x80,0x0C,0x31,0x80,0x1E,0x61,0x80,0x1B,0x61,0x80,0x33,0x61,0x80,0x60,0xC1,0x00,0x41,0x83,0x00,0x03,0x8F,0x00,0x00,0x0C,0x00,0x00,0x00,0x00}},
/*-- char: 办 --*/
{{"\xB0\xEC"},{0x00,0x00,0x00,0x00,0x00,0x00,0x01,0x00,0x00,0x01,0x80,0x00,0x01,0x80,0x00,0x01,0x80,0x00,0x7F,0xFC,0x00,0x3F,0xFC,0x00,0x01,0x8C,0x00,0x1B,0x8F,0x00,0x33,0x0F,0x00,0x33,0x0D,0x80,0x33,0x0D,0x80,0x66,0x1D,0x80,0x46,0x18,0x80,0x0C,0x18,0x00,0x18,0x18,0x00,0x38,0xF8,0x00,0x61,0xF0,0x00,0x00,0x00,0x00,0x00,0x00,0x00}},
/*-- char: 加 --*/
{{"\xBC\xD3"},{0x00,0x00,0x00,0x00,0x00,0x00,0x00,0x00,0x00,0x18,0x00,0x00,0x18,0x00,0x00,0x18,0x3F,0x80,0x7F,0xBF,0x80,0x7F,0xB1,0x80,0x19,0xB1,0x80,0x19,0xB1,0x80,0x19,0xB1,0x80,0x19,0xB1,0x80,0x19,0xB1,0x80,0x11,0xB1,0x80,0x31,0xB1,0x80,0x31,0xB1,0x80,0x31,0xBF,0x80,0x67,0xBF,0x80,0x4F,0x31,0x80,0x00,0x00,0x00,0x00,0x00,0x00}},
/*-- char: 动 --*/
{{"\xB6\xAF"},{0x00,0x00,0x00,0x00,0x00,0x00,0x00,0x00,0x00,0x00,0x18,0x00,0x7F,0x98,0x00,0x3F,0x98,0x00,0x00,0x7F,0x80,0x00,0x7F,0x80,0x7F,0x99,0x80,0x7F,0x99,0x80,0x18,0x19,0x80,0x1B,0x19,0x80,0x33,0x19,0x80,0x31,0x99,0x80,0x33,0xB1,0x80,0x7F,0xB1,0x80,0x78,0xF1,0x80,0x00,0x61,0x80,0x00,0xCF,0x00,0x00,0x0E,0x00,0x00,0x00,0x00}},
/*-- char: 努 --*/
{{"\xC5\xAC"},{0x00,0x00,0x00,0x00,0x00,0x00,0x00,0x00,0x00,0x0C,0x3F,0x00,0x7F,0x7F,0x80,0x7F,0xB1,0x80,0x31,0xB3,0x00,0x31,0x1B,0x00,0x3B,0x0E,0x00,0x0E,0x1C,0x00,0x1F,0x77,0x00,0x78,0xE3,0x80,0x60,0xC0,0x00,0x3F,0xFF,0x00,0x3F,0xFF,0x00,0x01,0x83,0x00,0x03,0x03,0x00,0x1E,0x07,0x00,0x7C,0x3E,0x00,0x20,0x1C,0x00,0x00,0x00,0x00}},
/*-- char: 劲 --*/
{{"\xBE\xA2"},{0x00,0x00,0x00,0x00,0x00,0x00,0x00,0x08,0x00,0x3F,0x08,0x00,0x7F,0x88,0x00,0x03,0x08,0x00,0x07,0x18,0x00,0x0E,0x7F,0x80,0x1F,0x3F,0x80,0x71,0x99,0x80,0x60,0x99,0x80,0x7F,0x99,0x80,0x7F,0x99,0x80,0x0C,0x19,0x80,0x0C,0x11,0x80,0x0C,0xB1,0x80,0x1F,0xB1,0x80,0x7E,0x67,0x80,0x60,0xC7,0x00,0x00,0x00,0x00,0x00,0x00,0x00}},
/*-- char: 勾 --*/
{{"\xB9\xB4"},{0x00,0x00,0x00,0x00,0x00,0x00,0x00,0x00,0x00,0x06,0x00,0x00,0x0C,0x00,0x00,0x0F,0xFF,0x80,0x1F,0xFF,0x80,0x18,0x01,0x80,0x33,0x01,0x80,0x73,0x01,0x80,0x62,0x01,0x80,0x06,0x41,0x80,0x06,0x61,0x80,0x0C,0x31,0x80,0x0F,0xF3,0x00,0x3F,0xFB,0x00,0x30,0x1B,0x00,0x00,0x03,0x00,0x00,0x3E,0x00,0x00,0x1C,0x00,0x00,0x00,0x00}},
/*-- char: 匆 --*/
{{"\xB4\xD2"},{0x00,0x00,0x00,0x00,0x00,0x00,0x00,0x00,0x00,0x0C,0x00,0x00,0x0C,0x00,0x00,0x0F,0xFF,0x00,0x1F,0xFF,0x80,0x19,0x99,0x80,0x31,0x11,0x80,0x7B,0x31,0x00,0x6F,0x33,0x00,0x07,0xB3,0x00,0x07,0xE3,0x00,0x0C,0x73,0x00,0x1C,0x7B,0x00,0x18,0xCB,0x00,0x71,0xC3,0x00,0x63,0x83,0x00,0x03,0x3E,0x00,0x00,0x1C,0x00,0x00,0x00,0x00}},
/*-- char: 北 --*/
{{"\xB1\xB1"},{0x00,0x00,0x00,0x00,0x00,0x00,0x00,0x00,0x00,0x06,0x30,0x00,0x06,0x30,0x00,0x06,0x30,0x00,0x02,0x31,0x80,0x7E,0x33,0x80,0x7E,0x3E,0x00,0x02,0x3C,0x00,0x06,0x30,0x00,0x06,0x30,0x00,0x06,0x30,0x00,0x06,0x30,0x00,0x1E,0x30,0xC0,0x7E,0x30,0xC0,0x62,0x30,0xC0,0x06,0x3F,0x80,0x06,0x3F,0x80,0x02,0x00,0x00,0x00,0x00,0x00}},
/*-- char: 区 --*/
{{"\xC7\xF8"},{0x00,0x00,0x00,0x00,0x00,0x00,0x00,0x00,0x00,0x3F,0xFF,0x80,0x7F,0xFF,0x80,0x60,0x04,0x00,0x60,0x0C,0x00,0x66,0x1C,0x00,0x67,0x18,0x00,0x61,0xF0,0x00,0x60,0xF0,0x00,0x60,0xF0,0x00,0x61,0xD8,0x00,0x63,0x8C,0x00,0x67,0x06,0x00,0x6C,0x00,0x00,0x60,0x00,0x00,0x7F,0xFF,0x80,0x7F,0xFF,0x80,0x20,0x00,0x00,0x00,0x00,0x00}},
/*-- char: 十 --*/
{{"\xCA\xAE"},{0x00,0x00,0x00,0x00,0x00,0x00,0x00,0xC0,0x00,0x00,0xC0,0x00,0x00,0xC0,0x00,0x00,0xC0,0x00,0x00,0xC0,0x00,0x00,0xC0,0x00,0x00,0xC0,0x00,0x7F,0xFF,0x80,0x7F,0xFF,0x80,0x00,0xC0,0x00,0x00,0xC0,0x00,0x00,0xC0,0x00,0x00,0xC0,0x00,0x00,0xC0,0x00,0x00,0xC0,0x00,0x00,0xC0,0x00,0x00,0xC0,0x00,0x00,0xC0,0x00,0x00,0x00,0x00}},
/*-- char: 千 --*/
{{"\xC7\xA7"},{0x00,0x00,0x00,0x00,0x00,0x00,0x00,0x00,0x00,0x00,0x3E,0x00,0x3F,0xFC,0x00,0x3F,0xC0,0x00,0x00,0xC0,0x00,0x00,0xC0,0x00,0x00,0xC0,0x00,0x7F,0xFF,0x80,0x7F,0xFF,0x80,0x00,0xC0,0x00,0x00,0xC0,0x00,0x00,0xC0,0x00,0x00,0xC0,0x00,0x00,0xC0,0x00,0x00,0xC0,0x00,0x00,0xC0,0x00,0x00,0xC0,0x00,0x00,0xC0,0x00,0x00,0x00,0x00}},
/*-- char: 午 --*/
{{"\xCE\xE7"},{0x00,0x00,0x00,0x00,0x00,0x00,0x04,0x00,0x00,0x0C,0x00,0x00,0x0C,0x00,0x00,0x1F,0xFF,0x00,0x1F,0xFF,0x00,0x30,0xC0,0x00,0x60,0xC0,0x00,0x60,0xC0,0x00,0x00,0xC0,0x00,0x7F,0xFF,0x80,0x7F,0xFF,0x80,0x00,0xC0,0x00,0x00,0xC0,0x00,0x00,0xC0,0x00,0x00,0xC0,0x00,0x00,0xC0,0x00,0x00,0xC0,0x00,0x00,0xC0,0x00,0x00,0x00,0x00}},
/*-- char: 半 --*/
{{"\xB0\xEB"},{0x00,0x00,0x00,0x00,0x00,0x00,0x00,0xC0,0x00,0x10,0xC2,0x00,0x18,0xC6,0x00,0x0C,0xC6,0x00,0x0C,0xCC,0x00,0x04,0xC8,0x00,0x3F,0xFF,0x00,0x3F,0xFF,0x00,0x00,0xC0,0x00,0x00,0xC0,0x00,0x00,0xC0,0x00,0x7F,0xFF,0x80,0x7F,0xFF,0x80,0x00,0xC0,0x00,0x00,0xC0,0x00,0x00,0xC0,0x00,0x00,0xC0,0x00,0x00,0xC0,0x00,0x00,0x00,0x00}},
/*-- char: 单 --*/
{{"\xB5\xA5"},{0x00,0x00,0x00,0x00,0x00,0x00,0x00,0x00,0x00,0x0C,0x0C,0x00,0x06,0x08,0x00,0x1F,0xFE,0x00,0x3F,0xFF,0x00,0x30,0xC3,0x00,0x30,0xC3,0x00,0x3F,0xFF,0x00,0x30,0xC3,0x00,0x30,0xC3,0x00,0x3F,0xFF,0x00,0x00,0xC0,0x00,0x7F,0xFF,0x80,0x7F,0xFF,0x80,0x00,0xC0,0x00,0x00,0xC0,0x00,0x00,0xC0,0x00,0x00,0x40,0x00,0x00,0x00,0x00}},
/*-- char: 卖 --*/
{{"\xC2\xF4"},{0x00,0x00,0x00,0x00,0x00,0x00,0x00,0xC0,0x00,0x00,0xC0,0x00,0x1F,0xFF,0x00,0x3F,0xFF,0x00,0x00,0xC0,0x00,0x7F,0xFF,0x00,0x7F,0xFF,0x80,0x0E,0x63,0x00,0x07,0x63,0x00,0x39,0x60,0x00,0x0C,0x60,0x00,0x7F,0xFF,0x80,0x7F,0xFF,0x80,0x01,0xC0,0x00,0x03,0xB8,0x00,0x0F,0x1F,0x00,0x7C,0x03,0x80,0x20,0x00,0x00,0x00,0x00,0x00}},
/*-- char: 南 --*/
{{"\xC4\xCF"},{0x00,0x00,0x00,0x00,0x00,0x00,0x00,0xC0,0x00,0x00,0xC0,0x00,0x7F,0xFF,0x80,0x7F,0xFF,0x80,0x00,0xC0,0x00,0x3F,0xFF,0x00,0x3F,0xFF,0x00,0x32,0x13,0x00,0x33,0x33,0x00,0x37,0xFB,0x00,0x37,0xFF,0x00,0x30,0xC3,0x00,0x3F,0xFF,0x00,0x3F,0xFF,0x00,0x30,0xC3,0x00,0x30,0xC3,0x00,0x30,0xCF,0x00,0x20,0x0E,0x00,0x00,0x00,0x00}},
/*-- char: 即 --*/
{{"\xBC\xB4"},{0x00,0x00,0x00,0x00,0x00,0x00,0x00,0x00,0x00,0x3F,0xBF,0x00,0x3F,0xBF,0x80,0x31,0xB1,0x80,0x31,0xB1,0x80,0x3F,0xB1,0x80,0x3F,0xB1,0x80,0x31,0xB1,0x80,0x3F,0xB1,0x80,0x3F,0xB1,0x80,0x30,0x31,0x80,0x36,0x31,0x80,0x33,0x31,0x80,0x37,0x37,0x80,0x7F,0xB6,0x00,0x78,0xF0,0x00,0x40,0x30,0x00,0x00,0x20,0x00,0x00,0x00,0x00}},
/*-- char: 却 --*/
{{"\xC8\xB4"},{0x00,0x00,0x00,0x00,0x00,0x00,0x04,0x00,0x00,0x0C,0x3F,0x00,0x0C,0x3F,0x80,0x7F,0xB1,0x80,0x7F,0xB1,0x80,0x0C,0x31,0x80,0x0C,0x31,0x80,0x7F,0xB1,0x80,0xFF,0xF1,0x80,0x18,0x31,0x80,0x18,0x31,0x80,0x1B,0x31,0x80,0x31,0xB7,0x80,0x33,0xB7,0x00,0x7F,0xF0,0x00,0x7C,0xF0,0x00,0x00,0x30,0x00,0x00,0x20,0x00,0x00,0x00,0x00}},
/*-- char: 卸 --*/
{{"\xD0\xB6"},{0x00,0x00,0x00,0x00,0x00,0x00,0x10,0x00,0x00,0x18,0x3F,0x80,0x3F,0xBF,0x80,0x3F,0xB1,0x80,0x64,0x31,0x80,0x64,0x31,0x80,0x7F,0xF1,0x80,0x7F,0xF1,0x80,0x04,0x31,0x80,0x26,0x31,0x80,0x27,0xB1,0x80,0x26,0x31,0x80,0x24,0x31,0x80,0x24,0x37,0x80,0x3F,0xF7,0x00,0xFF,0x30,0x00,0x40,0x30,0x00,0x00,0x30,0x00,0x00,0x00,0x00}},
/*-- char: 厉 --*/
{{"\xC0\xF7"},{0x00,0x00,0x00,0x00,0x00,0x00,0x00,0x00,0x00,0x1F,0xFF,0x80,0x3F,0xFF,0x80,0x30,0x00,0x00,0x30,0x00,0x00,0x3F,0xFF,0x80,0x37,0xFF,0x80,0x31,0x80,0x00,0x31,0x80,0x00,0x31,0xFF,0x00,0x31,0xFF,0x00,0x31,0x83,0x00,0x31,0x83,0x00,0x23,0x06,0x00,0x63,0x06,0x00,0x66,0x06,0x00,0x6C,0x3C,0x00,0x00,0x18,0x00,0x00,0x00,0x00}},
/*-- char: 原 --*/
{{"\xD4\xAD"},{0x00,0x00,0x00,0x00,0x00,0x00,0x00,0x00,0x00,0x3F,0xFF,0x80,0x3F,0xFF,0x80,0x30,0x60,0x00,0x37,0xFE,0x00,0x37,0xFF,0x00,0x36,0x03,0x00,0x37,0xFF,0x00,0x37,0xFF,0x00,0x36,0x03,0x00,0x37,0xFF,0x00,0x37,0xFE,0x00,0x33,0x64,0x00,0x23,0x66,0x00,0x66,0x63,0x00,0x6C,0x61,0x80,0x49,0xE0,0x80,0x01,0xC0,0x00,0x00,0x00,0x00}},
/*-- char: 去 --*/
{{"\xC8\xA5"},{0x00,0x00,0x00,0x00,0x00,0x00,0x00,0xC0,0x00,0x00,0xC0,0x00,0x00,0xC0,0x00,0x3F,0xFF,0x00,0x3F,0xFF,0x00,0x00,0xC0,0x00,0x00,0xC0,0x00,0x00,0xC0,0x00,0x7F,0xFF,0x80,0x7F,0xFF,0x80,0x03,0x00,0x00,0x03,0x08,0x00,0x06,0x0C,0x00,0x06,0x06,0x00,0x0C,0x07,0x00,0x3F,0xFF,0x00,0x3F,0xF1,0x80,0x00,0x00,0x00,0x00,0x00,0x00}},
/*-- char: 又 --*/
{{"\xD3\xD6"},{0x00,0x00,0x00,0x00,0x00,0x00,0x00,0x00,0x00,0x00,0x00,0x00,0x7F,0xFE,0x00,0x7F,0xFE,0x00,0x08,0x06,0x00,0x0C,0x06,0x00,0x0C,0x0C,0x00,0x06,0x0C,0x00,0x06,0x18,0x00,0x03,0x38,0x00,0x03,0xB0,0x00,0x01,0xE0,0x00,0x01,0xE0,0x00,0x03,0xF0,0x00,0x0F,0x38,0x00,0x3C,0x1F,0x00,0x70,0x07,0x80,0x00,0x00,0x00,0x00,0x00,0x00}},
/*-- char: 及 --*/
{{"\xBC\xB0"},{0x00,0x00,0x00,0x00,0x00,0x00,0x00,0x00,0x00,0x3F,0xF0,0x00,0x7F,0xF8,0x00,0x0E,0x18,0x00,0x06,0x10,0x00,0x0E,0x30,0x00,0x0E,0x3F,0x00,0x0F,0x3F,0x00,0x0F,0x03,0x00,0x0D,0x83,0x00,0x0D,0x86,0x00,0x18,0xCC,0x00,0x18,0x7C,0x00,0x38,0x38,0x00,0x30,0x7C,0x00,0x63,0xCF,0x00,0x67,0x87,0x80,0x00,0x00,0x00,0x00,0x00,0x00}},
/*-- char: 友 --*/
{{"\xD3\xD1"},{0x00,0x00,0x00,0x00,0x00,0x00,0x02,0x00,0x00,0x03,0x00,0x00,0x03,0x00,0x00,0x7F,0xFF,0x80,0x7F,0xFF,0x80,0x06,0x00,0x00,0x06,0x00,0x00,0x07,0xFE,0x00,0x07,0xFE,0x00,0x0F,0x04,0x00,0x0F,0x0C,0x00,0x0D,0x98,0x00,0x18,0xF8,0x00,0x18,0x70,0x00,0x30,0xF8,0x00,0x63,0x9E,0x00,0x4F,0x07,0x80,0x00,0x00,0x00,0x00,0x00,0x00}},
/*-- char: 双 --*/
{{"\xCB\xAB"},{0x00,0x00,0x00,0x00,0x00,0x00,0x00,0x00,0x00,0x00,0x00,0x00,0x7F,0x7F,0x80,0x7F,0x7F,0x80,0x03,0x61,0x00,0x63,0x63,0x00,0x73,0x33,0x00,0x32,0x33,0x00,0x1E,0x36,0x00,0x0E,0x36,0x00,0x0E,0x1E,0x00,0x0E,0x1C,0x00,0x0F,0x1C,0x00,0x1B,0x3C,0x00,0x31,0x76,0x00,0x70,0xE3,0x00,0x61,0xC1,0x80,0x00,0x00,0x00,0x00,0x00,0x00}},
/*-- char: 反 --*/
{{"\xB7\xB4"},{0x00,0x00,0x00,0x00,0x00,0x00,0x00,0x00,0x00,0x1F,0xFF,0x00,0x1F,0xFF,0x80,0x18,0x00,0x00,0x18,0x00,0x00,0x18,0x00,0x00,0x1F,0xFE,0x00,0x1F,0xFE,0x00,0x1B,0x06,0x00,0x1B,0x0C,0x00,0x19,0x8C,0x00,0x31,0x98,0x00,0x30,0xF8,0x00,0x30,0x70,0x00,0x31,0xF8,0x00,0x67,0x9E,0x00,0x6E,0x07,0x80,0x00,0x01,0x00,0x00,0x00,0x00}},
/*-- char: 发 --*/
{{"\xB7\xA2"},{0x00,0x00,0x00,0x00,0x00,0x00,0x00,0x80,0x00,0x08,0xCC,0x00,0x18,0xC6,0x00,0x19,0x82,0x00,0x3F,0xFF,0x80,0x3F,0xFF,0x80,0x01,0x80,0x00,0x03,0x00,0x00,0x03,0xFE,0x00,0x07,0xFE,0x00,0x07,0x86,0x00,0x0D,0x8C,0x00,0x1C,0xD8,0x00,0x38,0x70,0x00,0x70,0xF8,0x00,0x63,0xDE,0x00,0x0F,0x07,0x80,0x04,0x00,0x80,0x00,0x00,0x00}},
/*-- char: 取 --*/
{{"\xC8\xA1"},{0x00,0x00,0x00,0x00,0x00,0x00,0x00,0x00,0x00,0x7F,0x80,0x00,0x7F,0xC0,0x00,0x31,0xFF,0x80,0x31,0xFF,0x80,0x3F,0xA1,0x80,0x3F,0xB1,0x00,0x31,0xB3,0x00,0x31,0xB3,0x00,0x3F,0x93,0x00,0x3F,0x9E,0x00,0x31,0x9E,0x00,0x31,0x8C,0x00,0x7F,0x9E,0x00,0xFF,0xBF,0x00,0x01,0xF3,0x80,0x01,0xE1,0x80,0x01,0x00,0x00,0x00,0x00,0x00}},
/*-- char: 受 --*/
{{"\xCA\xDC"},{0x00,0x00,0x00,0x00,0x00,0x00,0x00,0x06,0x00,0x3F,0xFE,0x00,0x7F,0xF0,0x00,0x18,0xC6,0x00,0x18,0xC6,0x00,0x3C,0xCD,0x00,0x7F,0xFF,0x80,0x60,0x01,0x80,0x60,0x01,0x80,0x7F,0xFD,0x80,0x0F,0xFC,0x00,0x06,0x1C,0x00,0x07,0x38,0x00,0x01,0xF0,0x00,0x01,0xE0,0x00,0x1F,0x3E,0x00,0x7C,0x0F,0x80,0x00,0x01,0x00,0x00,0x00,0x00}},
/*-- char: 变 --*/
{{"\xB1\xE4"},{0x00,0x00,0x00,0x00,0x00,0x00,0x00,0x80,0x00,0x00,0xC0,0x00,0x7F,0xFF,0x80,0x7F,0xFF,0x80,0x0B,0x30,0x00,0x1B,0x36,0x00,0x1B,0x37,0x00,0x33,0x33,0x00,0x23,0x31,0x00,0x1F,0xFC,0x00,0x3F,0xFE,0x00,0x0C,0x0C,0x00,0x06,0x18,0x00,0x03,0x30,0x00,0x01,0xE0,0x00,0x0F,0xFC,0x00,0x7E,0x1F,0x80,0x20,0x01,0x00,0x00,0x00,0x00}},
/*-- char: 口 --*/
{{"\xBF\xDA"},{0x00,0x00,0x00,0x00,0x00,0x00,0x00,0x00,0x00,0x00,0x00,0x00,0x1F,0xFE,0x00,0x3F,0xFF,0x00,0x30,0x03,0x00,0x30,0x03,0x00,0x30,0x03,0x00,0x30,0x03,0x00,0x30,0x03,0x00,0x30,0x03,0x00,0x30,0x03,0x00,0x30,0x03,0x00,0x30,0x03,0x00,0x30,0x03,0x00,0x3F,0xFF,0x00,0x3F,0xFF,0x00,0x30,0x03,0x00,0x00,0x00,0x00,0x00,0x00,0x00}},
/*-- char: 句 --*/
{{"\xBE\xE4"},{0x00,0x00,0x00,0x00,0x00,0x00,0x00,0x00,0x00,0x06,0x00,0x00,0x0C,0x00,0x00,0x0F,0xFF,0x80,0x1F,0xFF,0x80,0x18,0x01,0x80,0x30,0x01,0x80,0x7F,0xE1,0x80,0x6F,0xF1,0x80,0x0C,0x31,0x80,0x0C,0x31,0x80,0x0C,0x33,0x00,0x0F,0xF3,0x00,0x0F,0xE3,0x00,0x0C,0x03,0x00,0x00,0x03,0x00,0x00,0x3E,0x00,0x00,0x1C,0x00,0x00,0x00,0x00}},
/*-- char: 叨 --*/
{{"\xDF\xB6"},{0x00,0x00,0x00,0x00,0x00,0x00,0x00,0x00,0x00,0x00,0x00,0x00,0x7D,0xFF,0x80,0x7E,0xFF,0x80,0x66,0x31,0x80,0x66,0x31,0x80,0x66,0x31,0x80,0x66,0x31,0x80,0x66,0x31,0x80,0x66,0x61,0x80,0x66,0x61,0x80,0x7E,0x61,0x80,0x7E,0x61,0x80,0x60,0xC3,0x00,0x61,0xC3,0x00,0x01,0x83,0x00,0x03,0x1F,0x00,0x00,0x0C,0x00,0x00,0x00,0x00}},
/*-- char: 只 --*/
{{"\xD6\xBB"},{0x00,0x00,0x00,0x00,0x00,0x00,0x00,0x00,0x00,0x1F,0xFE,0x00,0x1F,0xFF,0x00,0x18,0x03,0x00,0x18,0x03,0x00,0x18,0x03,0x00,0x18,0x03,0x00,0x18,0x03,0x00,0x18,0x03,0x00,0x1F,0xFF,0x00,0x1F,0xFF,0x00,0x18,0x02,0x00,0x02,0x10,0x00,0x06,0x1C,0x00,0x0C,0x0E,0x00,0x38,0x07,0x00,0x70,0x03,0x80,0x00,0x00,0x00,0x00,0x00,0x00}},
/*-- char: 叫 --*/
{{"\xBD\xD0"},{0x00,0x00,0x00,0x00,0x00,0x00,0x00,0x00,0x00,0x00,0x06,0x00,0x7E,0x66,0x00,0x7E,0x66,0x00,0x66,0x66,0x00,0x66,0x66,0x00,0x66,0x66,0x00,0x66,0x66,0x00,0x66,0x66,0x00,0x66,0x66,0x00,0x66,0x62,0x00,0x7E,0x67,0x80,0x7E,0xFF,0x80,0x63,0xFE,0x00,0x00,0x06,0x00,0x00,0x06,0x00,0x00,0x06,0x00,0x00,0x02,0x00,0x00,0x00,0x00}},
/*-- char: 可 --*/
{{"\xBF\xC9"},{0x00,0x00,0x00,0x00,0x00,0x00,0x00,0x00,0x00,0x00,0x00,0x00,0x7F,0xFF,0x80,0x7F,0xFF,0x80,0x00,0x06,0x00,0x00,0x06,0x00,0x1F,0xE6,0x00,0x1F,0xE6,0x00,0x10,0x66,0x00,0x10,0x66,0x00,0x10,0x66,0x00,0x1F,0xE6,0x00,0x1F,0xC6,0x00,0x10,0x06,0x00,0x10,0x06,0x00,0x00,0x06,0x00,0x00,0x3E,0x00,0x00,0x3C,0x00,0x00,0x00,0x00}},
/*-- char: 台 --*/
{{"\xCC\xA8"},{0x00,0x00,0x00,0x00,0x00,0x00,0x01,0x00,0x00,0x03,0x00,0x00,0x03,0x00,0x00,0x06,0x18,0x00,0x06,0x0C,0x00,0x0C,0x06,0x00,0x7F,0xFF,0x00,0x7F,0xF1,0x80,0x00,0x00,0x80,0x1F,0xFE,0x00,0x1F,0xFE,0x00,0x18,0x06,0x00,0x18,0x06,0x00,0x18,0x06,0x00,0x18,0x06,0x00,0x1F,0xFE,0x00,0x1F,0xFE,0x00,0x18,0x02,0x00,0x00,0x00,0x00}},
/*-- char: 叶 --*/
{{"\xD2\xB6"},{0x00,0x00,0x00,0x00,0x00,0x00,0x00,0x00,0x00,0x00,0x18,0x00,0x7E,0x18,0x00,0x7E,0x18,0x00,0x66,0x18,0x00,0x66,0x18,0x00,0x66,0x18,0x00,0x67,0xFF,0xC0,0x67,0xFF,0x80,0x66,0x18,0x00,0x66,0x18,0x00,0x7E,0x18,0x00,0x7E,0x18,0x00,0x60,0x18,0x00,0x00,0x18,0x00,0x00,0x18,0x00,0x00,0x18,0x00,0x00,0x10,0x00,0x00,0x00,0x00}},
/*-- char: 叹 --*/
{{"\xCC\xBE"},{0x00,0x00,0x00,0x00,0x00,0x00,0x00,0x00,0x00,0x00,0x00,0x00,0x03,0xFF,0x00,0x7F,0xFF,0x00,0x7C,0x83,0x00,0x64,0xC3,0x00,0x66,0xC2,0x00,0x66,0xC6,0x00,0x66,0x66,0x00,0x66,0x6C,0x00,0x64,0x3C,0x00,0x64,0x38,0x00,0x7E,0x38,0x00,0x7C,0x7C,0x00,0x60,0xEE,0x00,0x03,0xC7,0x00,0x07,0x03,0x80,0x00,0x00,0x00,0x00,0x00,0x00}},
/*-- char: 吃 --*/
{{"\xB3\xD4"},{0x00,0x00,0x00,0x00,0x00,0x00,0x00,0x00,0x00,0x00,0x60,0x00,0x7C,0x60,0x00,0x7C,0xFF,0x80,0x64,0xFF,0x80,0x65,0x80,0x00,0x67,0x80,0x00,0x66,0xFF,0x00,0x64,0xFE,0x00,0x64,0x0C,0x00,0x64,0x18,0x00,0x7C,0x30,0x00,0x7C,0x60,0x00,0x60,0xC0,0x80,0x61,0x80,0xC0,0x01,0xFF,0x80,0x00,0xFF,0x80,0x00,0x00,0x00,0x00,0x00,0x00}},
/*-- char: 各 --*/
{{"\xB8\xF7"},{0x00,0x00,0x00,0x00,0x00,0x00,0x01,0x00,0x00,0x03,0x00,0x00,0x07,0xFC,0x00,0x0F,0xFE,0x00,0x1E,0x0C,0x00,0x77,0x38,0x00,0x63,0xF0,0x00,0x01,0xE0,0x00,0x07,0xF8,0x00,0x3E,0x1F,0x00,0x7C,0x0F,0x80,0x4F,0xFE,0x80,0x1F,0xFE,0x00,0x18,0x06,0x00,0x18,0x06,0x00,0x1F,0xFE,0x00,0x1F,0xFE,0x00,0x08,0x04,0x00,0x00,0x00,0x00}},
/*-- char: 合 --*/
{{"\xBA\xCF"},{0x00,0x00,0x00,0x00,0x00,0x00,0x00,0x80,0x00,0x01,0xC0,0x00,0x01,0xE0,0x00,0x03,0x30,0x00,0x06,0x1C,0x00,0x1C,0x0E,0x00,0x3F,0xFF,0x00,0x6F,0xFD,0x80,0x40,0x00,0x00,0x00,0x00,0x00,0x1F,0xFE,0x00,0x1F,0xFE,0x00,0x18,0x06,0x00,0x18,0x06,0x00,0x18,0x06,0x00,0x1F,0xFE,0x00,0x1F,0xFE,0x00,0x08,0x06,0x00,0x00,0x00,0x00}},
/*-- char: 同 --*/
{{"\xCD\xAC"},{0x00,0x00,0x00,0x00,0x00,0x00,0x00,0x00,0x00,0x3F,0xFF,0x00,0x7F,0xFF,0x80,0x60,0x01,0x80,0x60,0x01,0x80,0x6F,0xFD,0x80,0x60,0x01,0x80,0x60,0x01,0x80,0x67,0xF9,0x80,0x66,0x19,0x80,0x66,0x19,0x80,0x66,0x19,0x80,0x67,0xF9,0x80,0x67,0xF9,0x80,0x66,0x01,0x80,0x60,0x01,0x80,0x60,0x0F,0x00,0x20,0x06,0x00,0x00,0x00,0x00}},
/*-- char: 后 --*/
{{"\xBA\xF3"},{0x00,0x00,0x00,0x00,0x00,0x00,0x00,0x00,0x00,0x00,0xFF,0x00,0x3F,0xFC,0x00,0x3F,0x00,0x00,0x30,0x00,0x00,0x3F,0xFF,0x80,0x3F,0xFF,0xC0,0x30,0x00,0x00,0x30,0x00,0x00,0x33,0xFF,0x00,0x37,0xFF,0x00,0x36,0x03,0x00,0x36,0x03,0x00,0x36,0x03,0x00,0x66,0x03,0x00,0x67,0xFF,0x00,0x67,0xFF,0x00,0x02,0x03,0x00,0x00,0x00,0x00}},
/*-- char: 吐 --*/
{{"\xCD\xC2"},{0x00,0x00,0x00,0x00,0x00,0x00,0x00,0x00,0x00,0x00,0x18,0x00,0x7C,0x18,0x00,0x7C,0x18,0x00,0x64,0x18,0x00,0x64,0x18,0x00,0x67,0xFF,0x80,0x67,0xFF,0x80,0x64,0x18,0x00,0x64,0x18,0x00,0x64,0x18,0x00,0x7C,0x18,0x00,0x7C,0x18,0x00,0x60,0x18,0x00,0x20,0x18,0x00,0x03,0xFF,0xC0,0x03,0xFF,0xC0,0x00,0x00,0x00,0x00,0x00,0x00}},
/*-- char: 向 --*/
{{"\xCF\xF2"},{0x00,0x00,0x00,0x00,0x00,0x00,0x00,0x80,0x00,0x01,0xC0,0x00,0x01,0x80,0x00,0x3F,0xFF,0x00,0x7F,0xFF,0x80,0x60,0x01,0x80,0x60,0x01,0x80,0x67,0xF9,0x80,0x67,0xF9,0x80,0x66,0x19,0x80,0x66,0x19,0x80,0x66,0x19,0x80,0x67,0xF9,0x80,0x67,0xF9,0x80,0x66,0x01,0x80,0x60,0x01,0x80,0x60,0x0F,0x00,0x20,0x0E,0x00,0x00,0x00,0x00}},
/*-- char: 吗 --*/
{{"\xC2\xF0"},{0x00,0x00,0x00,0x00,0x00,0x00,0x00,0x00,0x00,0x00,0xFE,0x00,0x7D,0xFF,0x00,0x7C,0x03,0x00,0x64,0xC2,0x00,0x64,0xC6,0x00,0x64,0xC6,0x00,0x64,0xC6,0x00,0x64,0xFF,0x80,0x64,0xFF,0x80,0x64,0x01,0x80,0x7C,0x01,0x80,0x7D,0xFD,0x80,0x61,0xFD,0x80,0x00,0x01,0x80,0x00,0x03,0x00,0x00,0x0F,0x00,0x00,0x0E,0x00,0x00,0x00,0x00}},
/*-- char: 吧 --*/
{{"\xB0\xC9"},{0x00,0x00,0x00,0x00,0x00,0x00,0x00,0x00,0x00,0x00,0xFF,0x00,0x7C,0xFF,0x80,0x7C,0x99,0x80,0x64,0x99,0x80,0x64,0x99,0x80,0x64,0x99,0x80,0x64,0x99,0x80,0x64,0x99,0x80,0x64,0xFF,0x80,0x64,0xFF,0x80,0x7C,0x81,0x80,0x7C,0x80,0x00,0x61,0x80,0x80,0x61,0x80,0xC0,0x00,0xFF,0x80,0x00,0xFF,0x80,0x00,0x00,0x00,0x00,0x00,0x00}},
/*-- char: 听 --*/
{{"\xCC\xFD"},{0x00,0x00,0x00,0x00,0x00,0x00,0x00,0x00,0x00,0x00,0x07,0x00,0x7E,0xFF,0x00,0x7E,0xF0,0x00,0x66,0xC0,0x00,0x66,0xC0,0x00,0x66,0xC0,0x00,0x66,0xFF,0xC0,0x66,0xFF,0x80,0x66,0xC6,0x00,0x66,0xC6,0x00,0x7F,0x86,0x00,0x7D,0x86,0x00,0x61,0x86,0x00,0x03,0x06,0x00,0x07,0x06,0x00,0x06,0x06,0x00,0x00,0x04,0x00,0x00,0x00,0x00}},
/*-- char: 吸 --*/
{{"\xCE\xFC"},{0x00,0x00,0x00,0x00,0x00,0x00,0x00,0x00,0x00,0x01,0xFC,0x00,0x7F,0xFE,0x00,0x7E,0xC6,0x00,0x66,0xCC,0x00,0x66,0xCC,0x00,0x66,0xCF,0x80,0x66,0xEF,0x80,0x66,0xE1,0x80,0x66,0xE1,0x80,0x7F,0xB3,0x00,0x7F,0xB3,0x00,0x61,0x9E,0x00,0x63,0x0C,0x00,0x03,0x1E,0x00,0x06,0x77,0x00,0x0C,0xE1,0x80,0x00,0x00,0x00,0x00,0x00,0x00}},
/*-- char: 吹 --*/
{{"\xB4\xB5"},{0x00,0x00,0x00,0x00,0x00,0x00,0x00,0x40,0x00,0x00,0xC0,0x00,0x7E,0xC0,0x00,0x7E,0xFF,0x80,0x66,0xFF,0x80,0x65,0x99,0x80,0x67,0x99,0x80,0x67,0x19,0x80,0x67,0x19,0x00,0x66,0x18,0x00,0x66,0x38,0x00,0x7E,0x38,0x00,0x7C,0x6C,0x00,0x60,0x66,0x00,0x00,0xC6,0x00,0x03,0x83,0x80,0x07,0x01,0x80,0x00,0x00,0x00,0x00,0x00,0x00}},
/*-- char: 呀 --*/
{{"\xD1\xBD"},{0x00,0x00,0x00,0x00,0x00,0x00,0x00,0x00,0x00,0x01,0xFF,0x80,0x7F,0xFF,0x80,0x7E,0xC6,0x00,0x66,0xC6,0x00,0x66,0xC6,0x00,0x66,0x86,0x00,0x67,0xFF,0x80,0x67,0xFF,0xC0,0x67,0x9E,0x00,0x66,0x1E,0x00,0x7E,0x36,0x00,0x7C,0x66,0x00,0x61,0xC6,0x00,0x03,0x86,0x00,0x07,0x06,0x00,0x00,0x3E,0x00,0x00,0x18,0x00,0x00,0x00,0x00}},
/*-- char: 告 --*/
{{"\xB8\xE6"},{0x00,0x00,0x00,0x00,0x00,0x00,0x00,0x40,0x00,0x0C,0xC0,0x00,0x08,0xC0,0x00,0x1F,0xFF,0x00,0x3F,0xFF,0x00,0x30,0xC0,0x00,0x60,0xC0,0x00,0x7F,0xFF,0x80,0x7F,0xFF,0x80,0x00,0x00,0x00,0x1F,0xFE,0x00,0x1F,0xFE,0x00,0x18,0x06,0x00,0x18,0x06,0x00,0x18,0x06,0x00,0x1F,0xFE,0x00,0x1F,0xFE,0x00,0x18,0x06,0x00,0x00,0x00,0x00}},
/*-- char: 员 --*/
{{"\xD4\xB1"},{0x00,0x00,0x00,0x00,0x00,0x00,0x00,0x00,0x00,0x1F,0xFE,0x00,0x1F,0xFE,0x00,0x18,0x06,0x00,0x1F,0xFE,0x00,0x1F,0xFE,0x00,0x00,0x00,0x00,0x1F,0xFE,0x00,0x3F,0xFF,0x00,0x30,0x03,0x00,0x30,0xC3,0x00,0x30,0xC3,0x00,0x30,0xC3,0x00,0x31,0x83,0x00,0x13,0xB8,0x00,0x0F,0x1E,0x00,0x7C,0x07,0x80,0x20,0x00,0x00,0x00,0x00,0x00}},
/*-- char: 呢 --*/
{{"\xC4\xD8"},{0x00,0x00,0x00,0x00,0x00,0x00,0x00,0x00,0x00,0x01,0xFF,0x00,0x7D,0xFF,0x80,0x7D,0x81,0x80,0x6D,0x81,0x80,0x6D,0xFF,0x80,0x6D,0xFF,0x00,0x6D,0xB0,0x00,0x6D,0xB1,0x00,0x6D,0xB3,0x80,0x6D,0xBE,0x00,0x7D,0xBC,0x00,0x7D,0xB0,0x00,0x63,0x30,0x00,0x43,0x30,0x80,0x03,0x31,0x80,0x06,0x3F,0x80,0x00,0x0E,0x00,0x00,0x00,0x00}},
/*-- char: 周 --*/
{{"\xD6\xDC"},{0x00,0x00,0x00,0x00,0x00,0x00,0x00,0x00,0x00,0x1F,0xFF,0x00,0x3F,0xFF,0x00,0x30,0xC3,0x00,0x37,0xFB,0x00,0x37,0xFB,0x00,0x30,0xC3,0x00,0x3F,0xFB,0x00,0x3F,0xFF,0x00,0x30,0x03,0x00,0x33,0xFB,0x00,0x37,0xFB,0x00,0x36,0x1B,0x00,0x36,0x1B,0x00,0x67,0xFB,0x00,0x66,0x03,0x00,0x60,0x1F,0x00,0x00,0x0E,0x00,0x00,0x00,0x00}},
/*-- char: 呼 --*/
{{"\xBA\xF4"},{0x00,0x00,0x00,0x00,0x00,0x00,0x00,0x00,0x00,0x00,0x1F,0x00,0x7D,0xFF,0x00,0x7D,0x98,0x00,0x6D,0x99,0x80,0x6D,0x9B,0x00,0x6C,0xDB,0x00,0x6C,0xDA,0x00,0x6C,0xDA,0x00,0x6F,0xFF,0x80,0x6F,0xFF,0xC0,0x7C,0x18,0x00,0x7C,0x18,0x00,0x60,0x18,0x00,0x00,0x18,0x00,0x00,0x18,0x00,0x00,0xF8,0x00,0x00,0x60,0x00,0x00,0x00,0x00}},
/*-- char: 命 --*/
{{"\xC3\xFC"},{0x00,0x00,0x00,0x00,0x00,0x00,0x00,0xC0,0x00,0x01,0xE0,0x00,0x03,0xF0,0x00,0x07,0x38,0x00,0x0C,0x0C,0x00,0x3F,0xFF,0x00,0xF7,0xFB,0xC0,0x40,0x00,0x80,0x3F,0x7F,0x00,0x3F,0x7F,0x00,0x31,0x63,0x00,0x33,0x63,0x00,0x31,0x63,0x00,0x3F,0x63,0x00,0x3F,0x6F,0x00,0x30,0x66,0x00,0x00,0x60,0x00,0x00,0x20,0x00,0x00,0x00,0x00}},
/*-- char: 和 --*/
{{"\xBA\xCD"},{0x00,0x00,0x00,0x00,0x00,0x00,0x00,0x00,0x00,0x0F,0x80,0x00,0x7F,0x7F,0x00,0x2C,0x7F,0x80,0x0C,0x61,0x80,0x0C,0x61,0x80,0x7F,0xE1,0x80,0x7F,0xE1,0x80,0x1E,0x61,0x80,0x1F,0x61,0x80,0x3F,0x61,0x80,0x3D,0xE1,0x80,0x6C,0x61,0x80,0xCC,0x7F,0x80,0x0C,0x7F,0x80,0x0C,0x63,0x80,0x0C,0x61,0x00,0x04,0x00,0x00,0x00,0x00,0x00}},
/*-- char: 咐 --*/
{{"\xB8\xC0"},{0x00,0x00,0x00,0x00,0x00,0x00,0x00,0x01,0x00,0x00,0x63,0x00,0x7C,0x43,0x00,0x7C,0xC3,0x00,0x6C,0xFF,0x80,0x6D,0xFF,0xC0,0x6F,0xC3,0x00,0x6F,0xC3,0x00,0x6E,0xF3,0x00,0x6C,0xDB,0x00,0x6C,0xDB,0x00,0x7C,0xCB,0x00,0x7C,0xCB,0x00,0x60,0xC3,0x00,0x00,0xC3,0x00,0x00,0xC3,0x00,0x00,0xCF,0x00,0x00,0x8E,0x00,0x00,0x00,0x00}},
/*-- char: 咱 --*/
{{"\xD4\xDB"},{0x00,0x00,0x00,0x00,0x00,0x00,0x00,0x00,0x00,0x00,0x18,0x00,0x7C,0x10,0x00,0x7C,0xFF,0x80,0x65,0xFF,0x80,0x65,0x81,0x80,0x65,0x81,0x80,0x65,0xFF,0x80,0x65,0xFF,0x80,0x65,0x81,0x80,0x65,0x81,0x80,0x7D,0xFF,0x80,0x7D,0xFF,0x80,0x61,0x81,0x80,0x41,0x81,0x80,0x01,0xFF,0x80,0x01,0xFF,0x80,0x00,0x81,0x00,0x00,0x00,0x00}},
/*-- char: 品 --*/
{{"\xC6\xB7"},{0x00,0x00,0x00,0x00,0x00,0x00,0x00,0x00,0x00,0x0F,0xFC,0x00,0x0F,0xFC,0x00,0x0C,0x0C,0x00,0x0C,0x0C,0x00,0x0C,0x0C,0x00,0x0F,0xFC,0x00,0x0F,0xFC,0x00,0x00,0x00,0x00,0x7F,0x3F,0x80,0x7F,0x3F,0x80,0x63,0x21,0x80,0x63,0x21,0x80,0x63,0x21,0x80,0x63,0x31,0x80,0x7F,0x3F,0x80,0x7F,0x3F,0x80,0x21,0x20,0x80,0x00,0x00,0x00}},
/*-- char: 哎 --*/
{{"\xB0\xA5"},{0x00,0x00,0x00,0x00,0x00,0x00,0x00,0x44,0x00,0x00,0x66,0x00,0x7D,0xFF,0x80,0x7F,0xFF,0xC0,0x6C,0x66,0x00,0x6C,0x46,0x00,0x6C,0x83,0x00,0x6C,0x83,0x00,0x6C,0xC2,0x00,0x6C,0xC6,0x00,0x6C,0x66,0x00,0x7C,0x6C,0x00,0x7C,0x38,0x00,0x60,0x38,0x00,0x00,0x7C,0x00,0x01,0xC7,0x00,0x07,0x83,0x80,0x00,0x00,0x80,0x00,0x00,0x00}},
/*-- char: 哪 --*/
{{"\xC4\xC4"},{0x00,0x00,0x00,0x00,0x00,0x00,0x00,0x00,0x00,0x3B,0xEF,0x80,0x7F,0xFF,0x80,0x6D,0xAD,0x80,0x6D,0xAD,0x80,0x6D,0xBD,0x00,0x6F,0xFF,0x00,0x6D,0xAF,0x00,0x6D,0xAD,0x00,0x6D,0xAD,0x80,0x6F,0xFD,0x80,0x7F,0xFD,0x80,0x79,0x2D,0x80,0x63,0x2D,0x80,0x03,0x2F,0x00,0x06,0x6C,0x00,0x06,0xEC,0x00,0x00,0xC8,0x00,0x00,0x00,0x00}},
/*-- char: 哭 --*/
{{"\xBF\xDE"},{0x00,0x00,0x00,0x00,0x00,0x00,0x00,0x00,0x00,0x3F,0x3F,0x00,0x3F,0x7F,0x00,0x33,0x63,0x00,0x33,0x63,0x00,0x3F,0x7F,0x00,0x3F,0x7F,0x00,0x00,0xCC,0x00,0x00,0xCE,0x00,0x7F,0xFF,0x80,0xFF,0xFF,0xC0,0x01,0xE0,0x00,0x01,0xE0,0x00,0x03,0x30,0x00,0x06,0x1C,0x00,0x3C,0x0F,0x00,0x78,0x07,0x80,0x00,0x00,0x00,0x00,0x00,0x00}},
/*-- char: 唉 --*/
{{"\xB0\xA6"},{0x00,0x00,0x00,0x00,0x00,0x00,0x00,0x00,0x00,0x00,0x30,0x00,0x7C,0x66,0x00,0x7C,0x43,0x00,0x67,0xFF,0x00,0x6F,0xFF,0x80,0x64,0xC0,0x80,0x64,0xFF,0x00,0x65,0xFF,0x80,0x67,0x98,0x00,0x7F,0x18,0x00,0x7F,0xFF,0x80,0x61,0xFF,0x80,0x60,0x38,0x00,0x00,0x6C,0x00,0x01,0xC7,0x00,0x03,0x83,0x80,0x00,0x00,0x00,0x00,0x00,0x00}},
/*-- char: 唐 --*/
{{"\xCC\xC6"},{0x00,0x00,0x00,0x00,0x00,0x00,0x00,0x40,0x00,0x00,0x60,0x00,0x3F,0xFF,0x80,0x3F,0xFF,0x80,0x30,0x60,0x00,0x37,0xFF,0x00,0x30,0x63,0x00,0x3F,0xFF,0xC0,0x3F,0xFF,0x80,0x30,0x63,0x00,0x37,0xFF,0x00,0x30,0x00,0x00,0x27,0xFF,0x00,0x67,0xFF,0x00,0x66,0x03,0x00,0x67,0xFF,0x00,0x47,0xFF,0x00,0x04,0x02,0x00,0x00,0x00,0x00}},
/*-- char: 唰 --*/
{{"\xE0\xA7"},{0x00,0x00,0x00,0x00,0x00,0x00,0x00,0x00,0x00,0x3B,0xF1,0x80,0x7F,0xFD,0x80,0x6F,0x1D,0x80,0x6F,0xFD,0x80,0x6F,0xF5,0x80,0x6F,0x45,0x80,0x6F,0x65,0x80,0x6F,0xFD,0x80,0x6B,0xFD,0x80,0x6F,0xFD,0x80,0x6F,0xFD,0x80,0x7F,0xFD,0x80,0x77,0xFD,0x80,0x67,0xF9,0x80,0x0D,0xF1,0x80,0x0C,0x63,0x80,0x00,0x43,0x00,0x00,0x00,0x00}},
/*-- char: 啊 --*/
{{"\xB0\xA1"},{0x00,0x00,0x00,0x00,0x00,0x00,0x00,0x00,0x00,0x03,0xFF,0xC0,0x7B,0xFF,0xC0,0x7B,0xC1,0x80,0x6B,0xDD,0x80,0x6B,0xDD,0x80,0x6B,0xB5,0x80,0x6B,0x95,0x80,0x6B,0xF5,0x80,0x6B,0x75,0x80,0x6B,0x75,0x80,0x7B,0x7D,0x80,0x7B,0xFD,0x80,0x63,0xD1,0x80,0x03,0x01,0x80,0x03,0x01,0x80,0x03,0x07,0x00,0x02,0x06,0x00,0x00,0x00,0x00}},
/*-- char: 啦 --*/
{{"\xC0\xB2"},{0x00,0x00,0x00,0x00,0x00,0x00,0x00,0x04,0x00,0x01,0x86,0x00,0x7D,0x86,0x00,0x7D,0x8E,0x00,0x6F,0xFF,0x80,0x6F,0xC3,0x80,0x6D,0x91,0x00,0x6D,0x99,0x80,0x6D,0x99,0x00,0x6D,0xDB,0x00,0x6F,0x9B,0x00,0x7D,0x9B,0x00,0x7D,0x9B,0x00,0x61,0x9B,0x00,0x01,0x8A,0x00,0x01,0xBF,0x80,0x03,0xBF,0xC0,0x03,0x00,0x00,0x00,0x00,0x00}},
/*-- char: 喊 --*/
{{"\xBA\xB0"},{0x00,0x00,0x00,0x00,0x00,0x00,0x00,0x04,0x00,0x00,0x0F,0x00,0x7C,0x0D,0x80,0x7D,0xFF,0x80,0x6F,0xFF,0x80,0x6F,0x0C,0x00,0x6F,0xFC,0x80,0x6F,0x05,0x80,0x6F,0x7D,0x80,0x6F,0xFF,0x00,0x6F,0xDF,0x00,0x7F,0xDF,0x00,0x7F,0xFE,0x00,0x63,0xFE,0xC0,0x03,0xCE,0xC0,0x02,0x1B,0xC0,0x06,0x33,0x80,0x00,0x01,0x00,0x00,0x00,0x00}},
/*-- char: 喜 --*/
{{"\xCF\xB2"},{0x00,0x00,0x00,0x00,0x00,0x00,0x00,0xC0,0x00,0x00,0xC0,0x00,0x7F,0xFF,0x80,0x00,0xC0,0x00,0x1F,0xFE,0x00,0x1F,0xFE,0x00,0x1F,0xFE,0x00,0x18,0x06,0x00,0x1F,0xFE,0x00,0x1F,0xFE,0x00,0x06,0x18,0x00,0x7F,0xFF,0x80,0x1F,0xFE,0x00,0x1F,0xFE,0x00,0x18,0x06,0x00,0x18,0x06,0x00,0x1F,0xFE,0x00,0x18,0x06,0x00,0x00,0x00,0x00}},
/*-- char: 嘱 --*/
{{"\xD6\xF6"},{0x00,0x00,0x00,0x00,0x00,0x00,0x00,0x00,0x00,0x03,0xFF,0x80,0x7F,0xFF,0x80,0x7F,0x01,0x80,0x6F,0xFF,0x80,0x6F,0xFF,0x00,0x6F,0xFE,0x00,0x6F,0x78,0x00,0x6F,0xFF,0x00,0x6F,0xD9,0x00,0x7F,0xFF,0x00,0x7F,0x7F,0x00,0x63,0xFF,0x80,0x47,0x9F,0x80,0x06,0xFF,0x80,0x0C,0xFF,0x80,0x0C,0x83,0x80,0x00,0x81,0x00,0x00,0x00,0x00}},
/*-- char: 嘴 --*/
{{"\xD7\xEC"},{0x00,0x00,0x00,0x00,0x00,0x00,0x00,0x48,0x00,0x00,0xCC,0x00,0x7F,0xFF,0x80,0x7F,0xFE,0x00,0x6F,0xCC,0x80,0x6F,0xFC,0xC0,0x6F,0xEF,0x80,0x6C,0xFC,0x00,0x6D,0xFC,0x00,0x6F,0xFF,0x80,0x7F,0xFF,0x80,0x7D,0xFF,0x80,0x61,0xFF,0x80,0x41,0xFF,0x80,0x01,0xFF,0x80,0x03,0x01,0x80,0x06,0x07,0x00,0x00,0x06,0x00,0x00,0x00,0x00}},
/*-- char: 四 --*/
{{"\xCB\xC4"},{0x00,0x00,0x00,0x00,0x00,0x00,0x00,0x00,0x00,0x00,0x00,0x00,0x3F,0xFF,0x80,0x7F,0xFF,0x80,0x63,0x31,0x80,0x63,0x31,0x80,0x63,0x31,0x80,0x62,0x31,0x80,0x66,0x37,0x80,0x66,0x3F,0x80,0x7C,0x3F,0x80,0x78,0x01,0x80,0x60,0x01,0x80,0x60,0x01,0x80,0x7F,0xFF,0x80,0x7F,0xFF,0x80,0x60,0x01,0x80,0x00,0x00,0x00,0x00,0x00,0x00}},
/*-- char: 回 --*/
{{"\xBB\xD8"},{0x00,0x00,0x00,0x00,0x00,0x00,0x00,0x00,0x00,0x7F,0xFF,0x80,0x7F,0xFF,0x80,0x60,0x01,0x80,0x60,0x01,0x80,0x63,0xF1,0x80,0x67,0xF9,0x80,0x66,0x19,0x80,0x66,0x19,0x80,0x66,0x19,0x80,0x66,0x19,0x80,0x67,0xF9,0x80,0x63,0xF1,0x80,0x60,0x01,0x80,0x60,0x01,0x80,0x7F,0xFF,0x80,0x7F,0xFF,0x80,0x20,0x01,0x00,0x00,0x00,0x00}},
/*-- char: 因 --*/
{{"\xD2\xF2"},{0x00,0x00,0x00,0x00,0x00,0x00,0x00,0x00,0x00,0x7F,0xFF,0x80,0x7F,0xFF,0x80,0x60,0xC1,0x80,0x60,0xC1,0x80,0x60,0xC1,0x80,0x6F,0xFD,0x80,0x6F,0xFD,0x80,0x60,0xC1,0x80,0x61,0xE1,0x80,0x61,0xE1,0x80,0x63,0x31,0x80,0x67,0x19,0x80,0x6C,0x0D,0x80,0x60,0x01,0x80,0x7F,0xFF,0x80,0x7F,0xFF,0x80,0x20,0x01,0x80,0x00,0x00,0x00}},
/*-- char: 国 --*/
{{"\xB9\xFA"},{0x00,0x00,0x00,0x00,0x00,0x00,0x00,0x00,0x00,0x7F,0xFF,0x80,0x7F,0xFF,0x80,0x60,0x01,0x80,0x6F,0xFD,0x80,0x6F,0xFD,0x80,0x60,0xC1,0x80,0x60,0xC1,0x80,0x67,0xF9,0x80,0x67,0xF9,0x80,0x60,0xD9,0x80,0x60,0xC9,0x80,0x6F,0xFD,0x80,0x6F,0xFD,0x80,0x60,0x01,0x80,0x7F,0xFF,0x80,0x7F,0xFF,0x80,0x20,0x01,0x00,0x00,0x00,0x00}},
/*-- char: 图 --*/
{{"\xCD\xBC"},{0x00,0x00,0x00,0x00,0x00,0x00,0x00,0x00,0x00,0x7F,0xFF,0x80,0x7F,0xFF,0x80,0x61,0x01,0x80,0x63,0xF9,0x80,0x67,0xF9,0x80,0x6F,0x31,0x80,0x69,0xE1,0x80,0x63,0xF1,0x80,0x7F,0x3F,0x80,0x79,0xC5,0x80,0x60,0xF1,0x80,0x67,0x81,0x80,0x67,0xF9,0x80,0x60,0x39,0x80,0x7F,0xFF,0x80,0x7F,0xFF,0x80,0x20,0x01,0x00,0x00,0x00,0x00}},
/*-- char: 土 --*/
{{"\xCD\xC1"},{0x00,0x00,0x00,0x00,0x00,0x00,0x00,0x80,0x00,0x00,0xC0,0x00,0x00,0xC0,0x00,0x00,0xC0,0x00,0x00,0xC0,0x00,0x00,0xC0,0x00,0x3F,0xFF,0x00,0x3F,0xFF,0x00,0x00,0xC0,0x00,0x00,0xC0,0x00,0x00,0xC0,0x00,0x00,0xC0,0x00,0x00,0xC0,0x00,0x00,0xC0,0x00,0x00,0xC0,0x00,0x7F,0xFF,0x80,0x7F,0xFF,0x80,0x00,0x00,0x00,0x00,0x00,0x00}},
/*-- char: 在 --*/
{{"\xD4\xDA"},{0x00,0x00,0x00,0x00,0x00,0x00,0x01,0x00,0x00,0x01,0x00,0x00,0x03,0x00,0x00,0x7F,0xFF,0x80,0x7F,0xFF,0x80,0x06,0x10,0x00,0x0C,0x30,0x00,0x0C,0x30,0x00,0x18,0x30,0x00,0x3B,0xFF,0x00,0x79,0xFF,0x00,0x58,0x30,0x00,0x18,0x30,0x00,0x18,0x30,0x00,0x18,0x30,0x00,0x1B,0xFF,0x80,0x1B,0xFF,0x80,0x08,0x00,0x00,0x00,0x00,0x00}},
/*-- char: 地 --*/
{{"\xB5\xD8"},{0x00,0x00,0x00,0x00,0x00,0x00,0x10,0x18,0x00,0x18,0x18,0x00,0x19,0x98,0x00,0x19,0x98,0x00,0x19,0x9B,0x80,0xFF,0x9F,0x80,0x7D,0xF9,0x80,0x19,0xF9,0x80,0x1B,0x99,0x80,0x19,0x99,0x80,0x19,0x99,0x80,0x1F,0x9F,0x80,0x7D,0x9A,0x00,0x71,0x98,0x80,0x01,0x80,0xC0,0x00,0xFF,0x80,0x00,0xFF,0x80,0x00,0x00,0x00,0x00,0x00,0x00}},
/*-- char: 坐 --*/
{{"\xD7\xF8"},{0x00,0x00,0x00,0x00,0x00,0x00,0x00,0x00,0x00,0x0C,0xC4,0x00,0x0C,0xC6,0x00,0x0C,0xCC,0x00,0x18,0xCC,0x00,0x1C,0xCC,0x00,0x3E,0xDE,0x00,0x33,0xF3,0x00,0x63,0xF1,0x80,0x40,0xC0,0x80,0x3F,0xFF,0x00,0x3F,0xFF,0x00,0x00,0xC0,0x00,0x00,0xC0,0x00,0x00,0xC0,0x00,0x7F,0xFF,0x80,0x7F,0xFF,0x80,0x00,0x00,0x00,0x00,0x00,0x00}},
/*-- char: 块 --*/
{{"\xBF\xE9"},{0x00,0x00,0x00,0x00,0x00,0x00,0x10,0x00,0x00,0x18,0x30,0x00,0x18,0x30,0x00,0x19,0xFF,0x00,0x19,0xFF,0x00,0x7E,0x33,0x00,0x7C,0x33,0x00,0x18,0x33,0x00,0x18,0x33,0x00,0x1B,0xFF,0x80,0x19,0xFF,0x80,0x1E,0x38,0x00,0x7C,0x6C,0x00,0x70,0x6C,0x00,0x00,0xC6,0x00,0x03,0x83,0x00,0x07,0x01,0x80,0x00,0x00,0x00,0x00,0x00,0x00}},
/*-- char: 基 --*/
{{"\xBB\xF9"},{0x00,0x00,0x00,0x00,0x00,0x00,0x0C,0x0C,0x00,0x0C,0x0C,0x00,0x3F,0xFF,0x80,0x3F,0xFF,0x00,0x0F,0xFC,0x00,0x0F,0xFC,0x00,0x0C,0x0C,0x00,0x0F,0xFC,0x00,0x0C,0x0C,0x00,0x7F,0xFF,0x80,0x7F,0xFF,0x80,0x0C,0xC6,0x00,0x3F,0xFF,0x00,0x7F,0xFD,0x80,0x40,0xC0,0x00,0x00,0xC0,0x00,0x3F,0xFF,0x00,0x00,0x00,0x00,0x00,0x00,0x00}},
/*-- char: 境 --*/
{{"\xBE\xB3"},{0x00,0x00,0x00,0x00,0x00,0x00,0x10,0x10,0x00,0x18,0x38,0x00,0x1B,0xFF,0x80,0x18,0xC6,0x00,0x18,0x66,0x00,0x7F,0xFF,0xC0,0x7F,0xFF,0x80,0x19,0xFF,0x00,0x19,0xFF,0x80,0x19,0xFF,0x80,0x19,0xFF,0x80,0x1F,0x81,0x80,0x3D,0xFF,0x80,0x70,0x6C,0x00,0x40,0xCC,0x80,0x01,0xCC,0xC0,0x07,0x8F,0x80,0x00,0x07,0x00,0x00,0x00,0x00}},
/*-- char: 墙 --*/
{{"\xC7\xBD"},{0x00,0x00,0x00,0x00,0x00,0x00,0x10,0x10,0x00,0x30,0x10,0x00,0x33,0xFF,0x80,0x31,0xFF,0x00,0x31,0x93,0x00,0xFC,0xD6,0x00,0x7F,0xFF,0x80,0x33,0xFF,0xC0,0x30,0x00,0x00,0x31,0xFF,0x00,0x33,0xFF,0x80,0x1F,0x7D,0x80,0x7B,0xC7,0x80,0x63,0xFF,0x80,0x03,0x7D,0x80,0x03,0xFF,0x80,0x03,0xFF,0x80,0x01,0x01,0x00,0x00,0x00,0x00}},
/*-- char: 壁 --*/
{{"\xB1\xDA"},{0x00,0x00,0x00,0x00,0x00,0x00,0x00,0x08,0x00,0x7F,0x0C,0x00,0x7F,0xFF,0x80,0x61,0x33,0x00,0x7F,0xB3,0x00,0x7F,0xFF,0x80,0x7F,0x0C,0x00,0x7F,0xFF,0x80,0x71,0xFF,0x80,0xFF,0x8C,0x00,0x7F,0x8C,0x00,0x00,0xC0,0x00,0x3F,0xFF,0x00,0x1F,0xFF,0x00,0x00,0xC0,0x00,0x7F,0xFF,0x80,0x7F,0xFF,0x80,0x00,0x00,0x00,0x00,0x00,0x00}},
/*-- char: 声 --*/
{{"\xC9\xF9"},{0x00,0x00,0x00,0x00,0x00,0x00,0x00,0xC0,0x00,0x00,0xC0,0x00,0x7F,0xFF,0x80,0x7F,0xFF,0x80,0x00,0xC0,0x00,0x3F,0xFF,0x00,0x3F,0xFF,0x00,0x1F,0xFE,0x00,0x3F,0xFF,0x00,0x30,0xC3,0x00,0x30,0xC3,0x00,0x3F,0xFF,0x00,0x3F,0xFF,0x00,0x30,0x03,0x00,0x30,0x00,0x00,0x60,0x00,0x00,0x60,0x00,0x00,0x00,0x00,0x00,0x00,0x00,0x00}},
/*-- char: 处 --*/
{{"\xB4\xA6"},{0x00,0x00,0x00,0x00,0x00,0x00,0x00,0x10,0x00,0x0C,0x18,0x00,0x18,0x18,0x00,0x1F,0x98,0x00,0x1F,0x98,0x00,0x19,0x9C,0x00,0x31,0x9E,0x00,0x39,0x9E,0x00,0x79,0x9B,0x00,0x6B,0x19,0x80,0x0F,0x19,0x00,0x0E,0x18,0x00,0x06,0x18,0x00,0x0F,0x18,0x00,0x19,0xC0,0x00,0x70,0xFF,0x80,0x60,0x3F,0x80,0x00,0x00,0x00,0x00,0x00,0x00}},
/*-- char: 备 --*/
{{"\xB1\xB8"},{0x00,0x00,0x00,0x00,0x00,0x00,0x01,0x00,0x00,0x03,0x00,0x00,0x07,0xFC,0x00,0x0F,0xFC,0x00,0x3E,0x18,0x00,0x73,0xF0,0x00,0x01,0xE0,0x00,0x0F,0xFE,0x00,0x7C,0x1F,0x80,0x7F,0xFF,0x80,0x1F,0xFE,0x00,0x18,0xC6,0x00,0x1F,0xFE,0x00,0x1F,0xFE,0x00,0x18,0xC6,0x00,0x1F,0xFE,0x00,0x1F,0xFE,0x00,0x10,0x02,0x00,0x00,0x00,0x00}},
/*-- char: 复 --*/
{{"\xB8\xB4"},{0x00,0x00,0x00,0x00,0x00,0x00,0x02,0x00,0x00,0x03,0x00,0x00,0x07,0xFC,0x00,0x0F,0xFC,0x00,0x1F,0xF8,0x00,0x1F,0xF8,0x00,0x06,0x18,0x00,0x07,0xF8,0x00,0x06,0x18,0x00,0x07,0xF8,0x00,0x03,0xF0,0x00,0x03,0xF8,0x00,0x0F,0x18,0x00,0x1B,0xB0,0x00,0x01,0xE0,0x00,0x03,0xF8,0x00,0x1F,0x3E,0x00,0x08,0x04,0x00,0x00,0x00,0x00}},
/*-- char: 外 --*/
{{"\xCD\xE2"},{0x00,0x00,0x00,0x00,0x00,0x00,0x04,0x08,0x00,0x0C,0x0C,0x00,0x0C,0x0C,0x00,0x0F,0xCC,0x00,0x1F,0xCC,0x00,0x18,0xEC,0x00,0x30,0xFC,0x00,0x71,0xBC,0x00,0x7D,0x9C,0x00,0x4F,0x8C,0x00,0x03,0x0F,0x00,0x03,0x0F,0x80,0x06,0x0D,0xC0,0x0C,0x0C,0x00,0x1C,0x0C,0x00,0x38,0x0C,0x00,0x60,0x0C,0x00,0x00,0x08,0x00,0x00,0x00,0x00}},
/*-- char: 多 --*/
{{"\xB6\xE0"},{0x00,0x00,0x00,0x00,0x00,0x00,0x00,0x80,0x00,0x01,0x80,0x00,0x03,0xFC,0x00,0x0F,0xFC,0x00,0x3E,0x18,0x00,0x33,0xB0,0x00,0x01,0xE0,0x00,0x03,0xF0,0x00,0x1F,0x7F,0x80,0x7C,0xFF,0x80,0x23,0x83,0x00,0x1F,0xC7,0x00,0x08,0xEE,0x00,0x00,0x3C,0x00,0x00,0xF0,0x00,0x07,0xE0,0x00,0x1F,0x00,0x00,0x10,0x00,0x00,0x00,0x00,0x00}},
/*-- char: 夜 --*/
{{"\xD2\xB9"},{0x00,0x00,0x00,0x00,0x00,0x00,0x00,0xC0,0x00,0x00,0xC0,0x00,0x7F,0xFF,0x80,0x7F,0xFF,0x80,0x06,0x60,0x00,0x0C,0x60,0x00,0x0C,0x7F,0x80,0x18,0xC3,0x00,0x39,0xB3,0x00,0x7B,0xDB,0x00,0xFB,0xCE,0x00,0x58,0x6C,0x00,0x18,0x3C,0x00,0x18,0x38,0x00,0x18,0x7C,0x00,0x19,0xC7,0x00,0x1B,0x83,0x80,0x08,0x00,0x80,0x00,0x00,0x00}},
/*-- char: 大 --*/
{{"\xB4\xF3"},{0x00,0x00,0x00,0x00,0x00,0x00,0x00,0xC0,0x00,0x00,0xC0,0x00,0x00,0xC0,0x00,0x00,0xC0,0x00,0x00,0xC0,0x00,0x00,0xC0,0x00,0x7F,0xFF,0x80,0x7F,0xFF,0x80,0x01,0xE0,0x00,0x01,0xE0,0x00,0x01,0xB0,0x00,0x03,0x30,0x00,0x07,0x18,0x00,0x06,0x1C,0x00,0x1C,0x0E,0x00,0x38,0x07,0x00,0x70,0x03,0x80,0x00,0x00,0x00,0x00,0x00,0x00}},
/*-- char: 天 --*/
{{"\xCC\xEC"},{0x00,0x00,0x00,0x00,0x00,0x00,0x00,0x00,0x00,0x00,0x00,0x00,0x7F,0xFF,0x80,0x7F,0xFF,0x80,0x00,0xC0,0x00,0x00,0xC0,0x00,0x00,0xC0,0x00,0x3F,0xFF,0x00,0x7F,0xFF,0x80,0x00,0xE0,0x00,0x01,0xE0,0x00,0x01,0xE0,0x00,0x03,0x30,0x00,0x07,0x38,0x00,0x0E,0x1C,0x00,0x3C,0x0F,0x00,0x70,0x03,0x80,0x00,0x00,0x00,0x00,0x00,0x00}},
/*-- char: 太 --*/
{{"\xCC\xAB"},{0x00,0x00,0x00,0x00,0x00,0x00,0x00,0xC0,0x00,0x00,0xC0,0x00,0x00,0xC0,0x00,0x00,0xC0,0x00,0x00,0xC0,0x00,0x7F,0xFF,0x80,0x7F,0xFF,0x80,0x01,0xE0,0x00,0x01,0xE0,0x00,0x01,0xB0,0x00,0x03,0x30,0x00,0x03,0x18,0x00,0x07,0x18,0x00,0x0F,0x8C,0x00,0x1C,0xEE,0x00,0x38,0x77,0x80,0x70,0x21,0x80,0x00,0x00,0x00,0x00,0x00,0x00}},
/*-- char: 夫 --*/
{{"\xB7\xF2"},{0x00,0x00,0x00,0x00,0x00,0x00,0x00,0xC0,0x00,0x00,0xC0,0x00,0x00,0xC0,0x00,0x3F,0xFF,0x00,0x3F,0xFF,0x00,0x00,0xC0,0x00,0x00,0xC0,0x00,0x00,0xC0,0x00,0x7F,0xFF,0x80,0x7F,0xFF,0x80,0x01,0xE0,0x00,0x01,0xE0,0x00,0x03,0x30,0x00,0x07,0x30,0x00,0x0E,0x1C,0x00,0x3C,0x0F,0x00,0x70,0x03,0x80,0x00,0x00,0x00,0x00,0x00,0x00}},
/*-- char: 央 --*/
{{"\xD1\xEB"},{0x00,0x00,0x00,0x00,0x00,0x00,0x00,0xC0,0x00,0x00,0xC0,0x00,0x00,0xC0,0x00,0x1F,0xFF,0x00,0x1F,0xFF,0x00,0x18,0xC3,0x00,0x18,0xC3,0x00,0x18,0xC3,0x00,0x18,0xC3,0x00,0x7F,0xFF,0x80,0x7F,0xFF,0x80,0x01,0xE0,0x00,0x03,0xB0,0x00,0x03,0x30,0x00,0x0E,0x1C,0x00,0x3C,0x0F,0x00,0x70,0x03,0x80,0x00,0x00,0x80,0x00,0x00,0x00}},
/*-- char: 头 --*/
{{"\xCD\xB7"},{0x00,0x00,0x00,0x00,0x00,0x00,0x00,0x20,0x00,0x08,0x60,0x00,0x0E,0x60,0x00,0x07,0x60,0x00,0x01,0x60,0x00,0x38,0x60,0x00,0x1C,0x60,0x00,0x06,0x60,0x00,0x00,0x60,0x00,0x7F,0xFF,0x80,0x7F,0xFF,0x80,0x00,0xC0,0x00,0x01,0xF0,0x00,0x03,0xBC,0x00,0x07,0x0E,0x00,0x1E,0x03,0x80,0x78,0x01,0x80,0x00,0x00,0x00,0x00,0x00,0x00}},
/*-- char: 奔 --*/
{{"\xB1\xBC"},{0x00,0x00,0x00,0x00,0x00,0x00,0x00,0x80,0x00,0x00,0xC0,0x00,0x01,0x80,0x00,0x7F,0xFF,0x80,0x7F,0xFF,0x80,0x06,0xDC,0x00,0x1C,0xCE,0x00,0x7F,0xFF,0x80,0x6F,0xF9,0x80,0x04,0xC0,0x00,0x04,0xD8,0x00,0x7F,0xFF,0x80,0x7F,0xFF,0x80,0x0C,0x18,0x00,0x0C,0x18,0x00,0x18,0x18,0x00,0x30,0x18,0x00,0x00,0x08,0x00,0x00,0x00,0x00}},
/*-- char: 女 --*/
{{"\xC5\xAE"},{0x00,0x00,0x00,0x00,0x00,0x00,0x00,0x80,0x00,0x01,0x80,0x00,0x01,0x80,0x00,0x03,0x00,0x00,0x03,0x00,0x00,0x7F,0xFF,0x80,0x7F,0xFF,0x80,0x06,0x0C,0x00,0x0C,0x0C,0x00,0x0C,0x0C,0x00,0x1C,0x18,0x00,0x1F,0x38,0x00,0x13,0xF0,0x00,0x00,0xF8,0x00,0x03,0xFC,0x00,0x1F,0x8F,0x00,0x7E,0x03,0x80,0x20,0x00,0x00,0x00,0x00,0x00}},
/*-- char: 她 --*/
{{"\xCB\xFD"},{0x00,0x00,0x00,0x00,0x00,0x00,0x10,0x08,0x00,0x18,0x08,0x00,0x10,0xC8,0x00,0x30,0xC8,0x00,0xFE,0xCF,0x80,0xFE,0xDF,0x80,0x36,0xFD,0x80,0x27,0xE9,0x80,0x67,0xC9,0x80,0x66,0xC9,0x80,0x6C,0xC9,0x80,0x7C,0xCF,0x80,0x1C,0xCB,0x00,0x1C,0xC0,0x80,0x1E,0xC0,0xC0,0x32,0xFF,0x80,0x60,0x7F,0x80,0x00,0x00,0x00,0x00,0x00,0x00}},
/*-- char: 好 --*/
{{"\xBA\xC3"},{0x00,0x00,0x00,0x00,0x00,0x00,0x18,0x00,0x00,0x18,0xFF,0x80,0x18,0xFF,0x80,0x10,0x03,0x00,0x7F,0x06,0x00,0x7F,0x0C,0x00,0x33,0x18,0x00,0x33,0x18,0x00,0x27,0xFF,0xC0,0x66,0xFF,0x80,0x66,0x18,0x00,0x7C,0x18,0x00,0x1C,0x18,0x00,0x0E,0x18,0x00,0x1B,0x18,0x00,0x30,0x18,0x00,0x60,0x78,0x00,0x00,0x70,0x00,0x00,0x00,0x00}},
/*-- char: 如 --*/
{{"\xC8\xE7"},{0x00,0x00,0x00,0x00,0x00,0x00,0x08,0x00,0x00,0x18,0x00,0x00,0x18,0x3F,0x80,0x18,0x7F,0x80,0x7F,0x61,0x80,0x7F,0xE1,0x80,0x31,0x61,0x80,0x33,0x61,0x80,0x33,0x61,0x80,0x23,0x61,0x80,0x73,0x61,0x80,0x7E,0x61,0x80,0x0E,0x61,0x80,0x0F,0x61,0x80,0x1F,0xFF,0x80,0x39,0xFF,0x80,0x70,0x61,0x80,0x00,0x00,0x00,0x00,0x00,0x00}},
/*-- char: 妥 --*/
{{"\xCD\xD7"},{0x00,0x00,0x00,0x00,0x00,0x00,0x00,0x02,0x00,0x07,0xFF,0x00,0x7F,0xF8,0x00,0x21,0x83,0x00,0x31,0x86,0x00,0x18,0x86,0x00,0x18,0xCC,0x00,0x09,0x18,0x00,0x03,0x08,0x00,0x7F,0xFF,0x80,0x7F,0xFF,0x80,0x04,0x18,0x00,0x0C,0x18,0x00,0x1F,0xB0,0x00,0x03,0xF0,0x00,0x07,0xFE,0x00,0x7F,0x0F,0x00,0x30,0x01,0x00,0x00,0x00,0x00}},
/*-- char: 妹 --*/
{{"\xC3\xC3"},{0x00,0x00,0x00,0x00,0x00,0x00,0x10,0x18,0x00,0x18,0x18,0x00,0x10,0x18,0x00,0x30,0xFF,0x80,0xFE,0xFF,0x80,0x7E,0x18,0x00,0x36,0x18,0x00,0x26,0xFF,0x80,0x67,0xFF,0x80,0x66,0x3C,0x00,0x64,0x3C,0x00,0x7C,0x7E,0x00,0x1C,0x7B,0x00,0x1E,0xDB,0x00,0x1F,0x99,0x80,0x31,0x98,0x80,0x60,0x18,0x00,0x00,0x18,0x00,0x00,0x00,0x00}},
/*-- char: 始 --*/
{{"\xCA\xBC"},{0x00,0x00,0x00,0x00,0x00,0x00,0x00,0x10,0x00,0x18,0x18,0x00,0x18,0x30,0x00,0x10,0x32,0x00,0x7F,0x33,0x00,0x7F,0x63,0x00,0x33,0x7F,0x80,0x33,0xFF,0xC0,0x26,0x80,0xC0,0x66,0x00,0x00,0x66,0x7F,0x80,0x7C,0xFF,0x80,0x1C,0xC1,0x80,0x0E,0x41,0x80,0x1B,0x41,0x80,0x30,0x7F,0x80,0x60,0xFF,0x80,0x00,0x40,0x00,0x00,0x00,0x00}},
/*-- char: 娘 --*/
{{"\xC4\xEF"},{0x00,0x00,0x00,0x00,0x00,0x00,0x10,0x00,0x00,0x18,0x18,0x00,0x10,0x5B,0x00,0x30,0xFF,0x00,0xFE,0xC3,0x00,0xFE,0xC3,0x00,0x36,0xFF,0x00,0x26,0xC3,0x00,0x66,0xC3,0x00,0x66,0xFF,0x00,0x64,0xFF,0x00,0x7C,0xD9,0x80,0x1C,0xCF,0x00,0x1E,0xCE,0x00,0x1E,0xC6,0x00,0x32,0xFB,0x00,0x61,0xF1,0x80,0x00,0x00,0x00,0x00,0x00,0x00}},
/*-- char: 子 --*/
{{"\xD7\xD3"},{0x00,0x00,0x00,0x00,0x00,0x00,0x00,0x00,0x00,0x00,0x00,0x00,0x3F,0xFF,0x00,0x1F,0xFE,0x00,0x00,0x1C,0x00,0x00,0x70,0x00,0x00,0xE0,0x00,0x00,0xC0,0x00,0x7F,0xFF,0x80,0x7F,0xFF,0xC0,0x00,0xC0,0x00,0x00,0xC0,0x00,0x00,0xC0,0x00,0x00,0xC0,0x00,0x00,0xC0,0x00,0x00,0xC0,0x00,0x07,0xC0,0x00,0x03,0x00,0x00,0x00,0x00,0x00}},
/*-- char: 字 --*/
{{"\xD7\xD6"},{0x00,0x00,0x00,0x00,0x00,0x00,0x00,0xC0,0x00,0x00,0xC0,0x00,0x3F,0xFF,0x00,0x7F,0xFF,0x80,0x60,0x01,0x80,0x67,0xF9,0x80,0x6F,0xFD,0x80,0x00,0x38,0x00,0x00,0x70,0x00,0x00,0xE0,0x00,0x7F,0xFF,0x80,0x7F,0xFF,0x80,0x00,0xC0,0x00,0x00,0xC0,0x00,0x00,0xC0,0x00,0x00,0xC0,0x00,0x07,0xC0,0x00,0x03,0x80,0x00,0x00,0x00,0x00}},
/*-- char: 学 --*/
{{"\xD1\xA7"},{0x00,0x00,0x00,0x00,0x00,0x00,0x00,0x80,0x00,0x19,0x83,0x00,0x18,0xC6,0x00,0x3F,0xFF,0x80,0x7F,0xFF,0x80,0x60,0x01,0x80,0x60,0x01,0x80,0x6F,0xFD,0x80,0x00,0x38,0x00,0x00,0x70,0x00,0x00,0xC0,0x00,0x7F,0xFF,0x80,0x7F,0xFF,0x80,0x00,0xC0,0x00,0x00,0xC0,0x00,0x00,0xC0,0x00,0x07,0xC0,0x00,0x03,0x00,0x00,0x00,0x00,0x00}},
/*-- char: 它 --*/
{{"\xCB\xFC"},{0x00,0x00,0x00,0x00,0x00,0x00,0x00,0xC0,0x00,0x00,0xC0,0x00,0x00,0xC0,0x00,0x7F,0xFF,0x80,0x7F,0xFF,0x80,0x60,0x01,0x80,0x6C,0x01,0x80,0x0C,0x0C,0x00,0x0C,0x3C,0x00,0x0D,0xF0,0x00,0x0F,0x80,0x00,0x0C,0x00,0x00,0x0C,0x00,0x00,0x0C,0x03,0x00,0x0C,0x03,0x00,0x0F,0xFF,0x00,0x07,0xFE,0x00,0x00,0x00,0x00,0x00,0x00,0x00}},
/*-- char: 安 --*/
{{"\xB0\xB2"},{0x00,0x00,0x00,0x00,0x00,0x00,0x00,0xC0,0x00,0x00,0xC0,0x00,0x7F,0xFF,0x80,0x7F,0xFF,0x80,0x60,0x81,0x80,0x61,0x81,0x80,0x23,0x01,0x00,0x7F,0xFF,0x80,0x7F,0xFF,0x80,0x06,0x0C,0x00,0x0C,0x18,0x00,0x0C,0x18,0x00,0x1F,0x30,0x00,0x1B,0xF0,0x00,0x01,0xF8,0x00,0x0F,0x9E,0x00,0x3E,0x07,0x00,0x30,0x00,0x00,0x00,0x00,0x00}},
/*-- char: 完 --*/
{{"\xCD\xEA"},{0x00,0x00,0x00,0x00,0x00,0x00,0x00,0xC0,0x00,0x00,0xC0,0x00,0x3F,0xFF,0x00,0x7F,0xFF,0x80,0x60,0x01,0x80,0x60,0x01,0x80,0x6F,0xFD,0x80,0x0F,0xFC,0x00,0x00,0x00,0x00,0x7F,0xFF,0x80,0x7F,0xFF,0x80,0x06,0x30,0x00,0x06,0x30,0x00,0x06,0x30,0x80,0x0C,0x30,0x80,0x38,0x3F,0x80,0x70,0x3F,0x80,0x00,0x00,0x00,0x00,0x00,0x00}},
/*-- char: 定 --*/
{{"\xB6\xA8"},{0x00,0x00,0x00,0x00,0x00,0x00,0x00,0x00,0x00,0x00,0xC0,0x00,0x3F,0xFF,0x00,0x7F,0xFF,0x80,0x60,0x01,0x80,0x60,0x01,0x80,0x6F,0xFF,0x80,0x0F,0xFE,0x00,0x00,0xC0,0x00,0x08,0xC0,0x00,0x1C,0xFE,0x00,0x18,0xFE,0x00,0x1C,0xC0,0x00,0x1C,0xC0,0x00,0x36,0xC0,0x00,0x73,0xFF,0x80,0x61,0xFF,0x80,0x00,0x00,0x00,0x00,0x00,0x00}},
/*-- char: 实 --*/
{{"\xCA\xB5"},{0x00,0x00,0x00,0x00,0x00,0x00,0x00,0x80,0x00,0x00,0xC0,0x00,0x3F,0xFF,0x00,0x7F,0xFF,0x80,0x60,0x41,0x80,0x6C,0x61,0x80,0x27,0x61,0x00,0x03,0x60,0x00,0x18,0x60,0x00,0x1C,0xC0,0x00,0x04,0xC0,0x00,0x7F,0xFF,0x80,0x7F,0xFF,0x80,0x01,0xB0,0x00,0x07,0x3C,0x00,0x1E,0x0F,0x00,0x3C,0x03,0x80,0x00,0x00,0x00,0x00,0x00,0x00}},
/*-- char: 客 --*/
{{"\xBF\xCD"},{0x00,0x00,0x00,0x00,0x00,0x00,0x00,0xC0,0x00,0x00,0xC0,0x00,0x7F,0xFF,0x80,0x7F,0xFF,0x80,0x63,0x01,0x80,0x67,0xFD,0x80,0x0F,0xFC,0x00,0x3F,0x38,0x00,0x33,0xF0,0x00,0x01,0xE0,0x00,0x07,0xFE,0x00,0x7E,0x1F,0x80,0x7F,0xFD,0x80,0x0C,0x0C,0x00,0x0C,0x0C,0x00,0x0F,0xFC,0x00,0x0F,0xFC,0x00,0x08,0x04,0x00,0x00,0x00,0x00}},
/*-- char: 害 --*/
{{"\xBA\xA6"},{0x00,0x00,0x00,0x00,0x00,0x00,0x00,0xC0,0x00,0x00,0xC0,0x00,0x3F,0xFF,0x80,0x7F,0xFF,0x80,0x60,0xC1,0x80,0x7F,0xFF,0x80,0x0F,0xFC,0x00,0x1F,0xFE,0x00,0x1F,0xFE,0x00,0x00,0xC0,0x00,0x7F,0xFF,0x80,0x00,0x00,0x00,0x0F,0xFE,0x00,0x1F,0xFE,0x00,0x18,0x06,0x00,0x1F,0xFE,0x00,0x1F,0xFE,0x00,0x08,0x00,0x00,0x00,0x00,0x00}},
/*-- char: 家 --*/
{{"\xBC\xD2"},{0x00,0x00,0x00,0x00,0x00,0x00,0x00,0xC0,0x00,0x00,0xC0,0x00,0x7F,0xFF,0x80,0x7F,0xFF,0x80,0x60,0x01,0x80,0x6F,0xFD,0x80,0x0F,0xFC,0x00,0x07,0x23,0x00,0x3F,0xB7,0x00,0x39,0xBE,0x00,0x07,0xD8,0x00,0x1C,0xD8,0x00,0x39,0xEC,0x00,0x07,0x66,0x00,0x1E,0x63,0x80,0x78,0x61,0x80,0x63,0xC0,0x00,0x03,0x80,0x00,0x00,0x00,0x00}},
/*-- char: 容 --*/
{{"\xC8\xDD"},{0x00,0x00,0x00,0x00,0x00,0x00,0x00,0xC0,0x00,0x00,0xC0,0x00,0x7F,0xFF,0x80,0x7F,0xFF,0x80,0x62,0x11,0x80,0x66,0x19,0x80,0x0C,0xCE,0x00,0x39,0xE7,0x00,0x33,0x33,0x00,0x07,0x18,0x00,0x0C,0x0E,0x00,0x3F,0xFF,0x80,0x7F,0xFF,0x80,0x4C,0x0C,0x00,0x0C,0x0C,0x00,0x0F,0xFC,0x00,0x0F,0xFC,0x00,0x08,0x04,0x00,0x00,0x00,0x00}},
/*-- char: 宿 --*/
{{"\xCB\xDE"},{0x00,0x00,0x00,0x00,0x00,0x00,0x00,0xC0,0x00,0x00,0xC0,0x00,0x7F,0xFF,0x80,0x7F,0xFF,0x80,0x64,0x01,0x80,0x2F,0xFF,0x80,0x1B,0xFF,0x80,0x18,0x30,0x00,0x39,0xFF,0x00,0x79,0xFF,0x00,0xD9,0x83,0x00,0x19,0x83,0x00,0x19,0xFF,0x00,0x19,0x83,0x00,0x19,0x83,0x00,0x19,0xFF,0x00,0x19,0xFF,0x00,0x01,0x01,0x00,0x00,0x00,0x00}},
/*-- char: 寂 --*/
{{"\xBC\xC5"},{0x00,0x00,0x00,0x00,0x00,0x00,0x00,0xC0,0x00,0x00,0xC0,0x00,0x7F,0xFF,0x80,0x7F,0xFF,0x80,0x6C,0x01,0x80,0x6C,0x3F,0x80,0x0F,0xFF,0x80,0x0C,0x31,0x80,0x0C,0x33,0x00,0x7F,0xF3,0x00,0x7F,0x9B,0x00,0x2D,0x1E,0x00,0x3D,0x8E,0x00,0x6C,0xCC,0x00,0x6C,0xDE,0x00,0x4C,0x33,0x00,0x1C,0xE1,0x80,0x18,0x00,0x00,0x00,0x00,0x00}},
/*-- char: 察 --*/
{{"\xB2\xEC"},{0x00,0x00,0x00,0x00,0x00,0x00,0x00,0xC0,0x00,0x00,0xC0,0x00,0x7F,0xFF,0x80,0x64,0x41,0x80,0x6F,0xC1,0x80,0x1F,0xFF,0x00,0x39,0xB6,0x00,0x77,0x36,0x00,0x3E,0x1C,0x00,0x1F,0xFE,0x00,0x38,0x03,0x80,0x7F,0xFF,0x80,0x1F,0xFE,0x00,0x04,0xC8,0x00,0x1C,0xCE,0x00,0x38,0xC7,0x00,0x63,0xC1,0x80,0x03,0x80,0x00,0x00,0x00,0x00}},
/*-- char: 对 --*/
{{"\xB6\xD4"},{0x00,0x00,0x00,0x00,0x00,0x00,0x00,0x02,0x00,0x00,0x06,0x00,0x00,0x06,0x00,0x7F,0x06,0x00,0x7F,0x06,0x00,0x03,0xFF,0xC0,0x03,0x7F,0x80,0x33,0x06,0x00,0x3B,0x66,0x00,0x1E,0x66,0x00,0x0E,0x36,0x00,0x06,0x36,0x00,0x0F,0x16,0x00,0x19,0x86,0x00,0x19,0x86,0x00,0x70,0x06,0x00,0x60,0x1E,0x00,0x00,0x0C,0x00,0x00,0x00,0x00}},
/*-- char: 射 --*/
{{"\xC9\xE4"},{0x00,0x00,0x00,0x00,0x00,0x00,0x04,0x02,0x00,0x0C,0x03,0x00,0x3F,0x03,0x00,0x3F,0x83,0x00,0x31,0x83,0x00,0x3F,0xFF,0xC0,0x3F,0xFF,0x80,0x31,0x83,0x00,0x3F,0xA3,0x00,0x31,0xB3,0x00,0x3F,0x93,0x00,0xFF,0x9B,0x00,0x0F,0x9B,0x00,0x19,0x83,0x00,0x71,0x83,0x00,0xE1,0x83,0x00,0x07,0x1E,0x00,0x06,0x0C,0x00,0x00,0x00,0x00}},
/*-- char: 将 --*/
{{"\xBD\xAB"},{0x00,0x00,0x00,0x00,0x00,0x00,0x08,0x02,0x00,0x0C,0x7F,0x00,0x0F,0xFC,0x00,0x4D,0x31,0x80,0x6D,0x31,0x80,0x3D,0xB3,0x00,0x3D,0x96,0x00,0x0C,0x86,0x00,0x0C,0x06,0x00,0x0F,0xFF,0xC0,0x0F,0xFF,0x80,0x3C,0x86,0x00,0xFC,0xC6,0x00,0x4C,0x66,0x00,0x0C,0x66,0x00,0x0C,0x06,0x00,0x0C,0x1E,0x00,0x08,0x1C,0x00,0x00,0x00,0x00}},
/*-- char: 小 --*/
{{"\xD0\xA1"},{0x00,0x00,0x00,0x00,0x00,0x00,0x00,0x00,0x00,0x00,0xC0,0x00,0x00,0xC0,0x00,0x00,0xC0,0x00,0x00,0xC0,0x00,0x18,0xC4,0x00,0x18,0xC6,0x00,0x18,0xC3,0x00,0x18,0xC3,0x00,0x30,0xC1,0x80,0x30,0xC1,0x80,0x60,0xC1,0x80,0x60,0xC0,0xC0,0x00,0xC0,0x80,0x00,0xC0,0x00,0x00,0xC0,0x00,0x07,0xC0,0x00,0x03,0x80,0x00,0x00,0x00,0x00}},
/*-- char: 少 --*/
{{"\xC9\xD9"},{0x00,0x00,0x00,0x00,0x00,0x00,0x00,0xC0,0x00,0x00,0xC0,0x00,0x00,0xC0,0x00,0x0C,0xCC,0x00,0x1C,0xC6,0x00,0x18,0xC3,0x00,0x30,0xC3,0x00,0x30,0xC1,0x80,0x60,0xC5,0x80,0x40,0xC6,0x80,0x07,0xCC,0x00,0x03,0x8C,0x00,0x00,0x18,0x00,0x00,0x70,0x00,0x01,0xE0,0x00,0x0F,0xC0,0x00,0x3F,0x00,0x00,0x10,0x00,0x00,0x00,0x00,0x00}},
/*-- char: 尖 --*/
{{"\xBC\xE2"},{0x00,0x00,0x00,0x00,0x00,0x00,0x00,0xC0,0x00,0x00,0xC0,0x00,0x0C,0xCC,0x00,0x0C,0xCE,0x00,0x18,0xC7,0x00,0x30,0xC3,0x80,0x60,0xC1,0x80,0x03,0xC0,0x00,0x03,0xC0,0x00,0x00,0xC0,0x00,0x7F,0xFF,0x80,0x7F,0xFF,0x80,0x01,0xE0,0x00,0x03,0x60,0x00,0x07,0x38,0x00,0x1E,0x1E,0x00,0x78,0x07,0x80,0x00,0x01,0x80,0x00,0x00,0x00}},
/*-- char: 尚 --*/
{{"\xC9\xD0"},{0x00,0x00,0x00,0x00,0x00,0x00,0x00,0xC0,0x00,0x30,0xC3,0x00,0x18,0xC7,0x00,0x18,0xC6,0x00,0x0C,0xCC,0x00,0x08,0xC8,0x00,0x3F,0xFF,0x00,0x3F,0xFF,0x00,0x30,0x03,0x00,0x37,0xFB,0x00,0x37,0x3B,0x00,0x36,0x1B,0x00,0x36,0x1B,0x00,0x37,0xFB,0x00,0x37,0xF3,0x00,0x32,0x03,0x00,0x30,0x0F,0x00,0x20,0x0E,0x00,0x00,0x00,0x00}},
/*-- char: 就 --*/
{{"\xBE\xCD"},{0x00,0x00,0x00,0x00,0x00,0x00,0x04,0x08,0x00,0x0C,0x0F,0x00,0x0C,0x0F,0x00,0x7F,0xCD,0x80,0x40,0x8C,0x80,0x3F,0x7F,0x80,0x3F,0xFF,0x80,0x21,0x8C,0x00,0x21,0x9C,0x00,0x3F,0x9C,0x00,0x3F,0x9C,0x00,0x25,0x1C,0x00,0x35,0xBC,0x00,0x6C,0xB4,0x80,0x6C,0xE4,0xC0,0x4C,0x64,0xC0,0x1C,0xC7,0x80,0x18,0x03,0x00,0x00,0x00,0x00}},
/*-- char: 尽 --*/
{{"\xBE\xA1"},{0x00,0x00,0x00,0x00,0x00,0x00,0x00,0x00,0x00,0x1F,0xFF,0x00,0x1F,0xFF,0x00,0x18,0x03,0x00,0x18,0x03,0x00,0x1F,0xFF,0x00,0x1F,0xFF,0x00,0x18,0x18,0x00,0x18,0x0C,0x00,0x33,0x8C,0x00,0x33,0xE6,0x00,0x30,0x77,0x00,0x60,0x03,0x80,0x64,0x01,0x80,0x0F,0x80,0x00,0x01,0xF0,0x00,0x00,0x3C,0x00,0x00,0x08,0x00,0x00,0x00,0x00}},
/*-- char: 居 --*/
{{"\xBE\xD3"},{0x00,0x00,0x00,0x00,0x00,0x00,0x00,0x00,0x00,0x1F,0xFF,0x00,0x3F,0xFF,0x00,0x30,0x03,0x00,0x38,0x03,0x00,0x3F,0xFF,0x00,0x30,0x60,0x00,0x30,0x60,0x00,0x3F,0xFF,0x80,0x3F,0xFF,0x80,0x30,0x60,0x00,0x37,0xFF,0x00,0x37,0xFF,0x00,0x36,0x03,0x00,0x66,0x03,0x00,0x67,0xFF,0x00,0x67,0xFF,0x00,0x06,0x03,0x00,0x00,0x00,0x00}},
/*-- char: 屋 --*/
{{"\xCE\xDD"},{0x00,0x00,0x00,0x00,0x00,0x00,0x00,0x00,0x00,0x1F,0xFF,0x00,0x3F,0xFF,0x00,0x30,0x03,0x00,0x3F,0xFF,0x00,0x3F,0xFF,0x00,0x30,0x00,0x00,0x3F,0xFF,0x80,0x31,0x8C,0x00,0x31,0x8E,0x00,0x3F,0xFF,0x00,0x35,0xE1,0x00,0x37,0xFF,0x00,0x37,0xFF,0x00,0x60,0x60,0x00,0x60,0x60,0x00,0x7F,0xFF,0x80,0x00,0x00,0x00,0x00,0x00,0x00}},
/*-- char: 屑 --*/
{{"\xD0\xBC"},{0x00,0x00,0x00,0x00,0x00,0x00,0x00,0x00,0x00,0x3F,0xFF,0x00,0x3F,0xFF,0x00,0x30,0x03,0x00,0x3F,0xFF,0x00,0x3F,0xFF,0x00,0x31,0x26,0x00,0x33,0x27,0x00,0x3E,0x73,0x80,0x3F,0xFF,0x80,0x36,0x03,0x00,0x37,0xFF,0x00,0x37,0xFF,0x00,0x37,0xFF,0x00,0x67,0xFF,0x00,0x66,0x03,0x00,0x46,0x0F,0x00,0x02,0x0E,0x00,0x00,0x00,0x00}},
/*-- char: 展 --*/
{{"\xD5\xB9"},{0x00,0x00,0x00,0x00,0x00,0x00,0x00,0x00,0x00,0x1F,0xFF,0x00,0x3F,0xFF,0x00,0x30,0x03,0x00,0x38,0x03,0x00,0x3F,0xFF,0x00,0x31,0x8C,0x00,0x3F,0xFF,0x00,0x3F,0xFF,0x80,0x31,0x8C,0x00,0x3F,0xFF,0x80,0x3F,0xFF,0x80,0x33,0x33,0x00,0x33,0x3E,0x00,0x63,0x1C,0x00,0x67,0xFE,0x00,0x6F,0xC7,0x80,0x00,0x00,0x80,0x00,0x00,0x00}},
/*-- char: 山 --*/
{{"\xC9\xBD"},{0x00,0x00,0x00,0x00,0x00,0x00,0x00,0x00,0x00,0x00,0xC0,0x00,0x00,0xC0,0x00,0x00,0xC0,0x00,0x00,0xC0,0x00,0x30,0xC3,0x00,0x30,0xC3,0x00,0x30,0xC3,0x00,0x30,0xC3,0x00,0x30,0xC3,0x00,0x30,0xC3,0x00,0x30,0xC3,0x00,0x30,0xC3,0x00,0x30,0xC1,0x00,0x3F,0xFF,0x00,0x3F,0xFF,0x00,0x30,0x01,0x00,0x20,0x00,0x00,0x00,0x00,0x00}},
/*-- char: 岁 --*/
{{"\xCB\xEA"},{0x00,0x00,0x00,0x00,0x00,0x00,0x00,0xC0,0x00,0x30,0xC3,0x00,0x30,0xC3,0x00,0x30,0xC3,0x00,0x3F,0xFF,0x00,0x3F,0xFF,0x00,0x03,0x00,0x00,0x07,0x7C,0x00,0x0F,0xFE,0x00,0x1C,0x06,0x00,0x3A,0x0C,0x00,0x03,0x1C,0x00,0x01,0xB8,0x00,0x00,0xF0,0x00,0x01,0xE0,0x00,0x0F,0x80,0x00,0x3E,0x00,0x00,0x00,0x00,0x00,0x00,0x00,0x00}},
/*-- char: 州 --*/
{{"\xD6\xDD"},{0x00,0x00,0x00,0x00,0x00,0x00,0x00,0x00,0x00,0x0C,0x63,0x00,0x0C,0x63,0x00,0x0C,0x63,0x00,0x0C,0x63,0x00,0x2E,0x7B,0x00,0x2F,0x7B,0x00,0x6F,0x6F,0x00,0x6D,0x6F,0x00,0x4D,0xE7,0x00,0x4C,0x63,0x00,0x08,0x63,0x00,0x18,0x63,0x00,0x18,0x63,0x00,0x30,0x63,0x00,0x70,0x63,0x00,0x60,0x03,0x00,0x00,0x00,0x00,0x00,0x00,0x00}},
/*-- char: 工 --*/
{{"\xB9\xA4"},{0x00,0x00,0x00,0x00,0x00,0x00,0x00,0x00,0x00,0x00,0x00,0x00,0x3F,0xFF,0x00,0x3F,0xFF,0x80,0x00,0xC0,0x00,0x00,0xC0,0x00,0x00,0xC0,0x00,0x00,0xC0,0x00,0x00,0xC0,0x00,0x00,0xC0,0x00,0x00,0xC0,0x00,0x00,0xC0,0x00,0x00,0xC0,0x00,0x00,0xC0,0x00,0x7F,0xFF,0x80,0x7F,0xFF,0x80,0x00,0x00,0x00,0x00,0x00,0x00,0x00,0x00,0x00}},
/*-- char: 左 --*/
{{"\xD7\xF3"},{0x00,0x00,0x00,0x00,0x00,0x00,0x01,0x00,0x00,0x03,0x00,0x00,0x03,0x00,0x00,0x03,0x00,0x00,0x7F,0xFF,0x80,0x7F,0xFF,0x80,0x06,0x00,0x00,0x06,0x00,0x00,0x0F,0xFF,0x00,0x0F,0xFF,0x80,0x0C,0x30,0x00,0x18,0x30,0x00,0x18,0x30,0x00,0x30,0x30,0x00,0x60,0x30,0x00,0x4F,0xFF,0x80,0x0F,0xFF,0x80,0x00,0x00,0x00,0x00,0x00,0x00}},
/*-- char: 差 --*/
{{"\xB2\xEE"},{0x00,0x00,0x00,0x00,0x00,0x00,0x00,0x00,0x00,0x0C,0x0C,0x00,0x06,0x18,0x00,0x3F,0xFF,0x80,0x00,0xC0,0x00,0x00,0xC0,0x00,0x3F,0xFF,0x00,0x00,0xC0,0x00,0x7F,0xFF,0x80,0x7F,0xFF,0x80,0x0C,0x00,0x00,0x0F,0xFF,0x00,0x0F,0xFE,0x00,0x18,0x60,0x00,0x38,0x60,0x00,0x35,0x71,0x00,0x6F,0xFF,0x80,0x00,0x00,0x00,0x00,0x00,0x00}},
/*-- char: 己 --*/
{{"\xBC\xBA"},{0x00,0x00,0x00,0x00,0x00,0x00,0x00,0x00,0x00,0x1F,0xFE,0x00,0x3F,0xFE,0x00,0x00,0x06,0x00,0x00,0x06,0x00,0x00,0x06,0x00,0x00,0x06,0x00,0x1F,0xFE,0x00,0x3F,0xFE,0x00,0x30,0x06,0x00,0x30,0x00,0x00,0x30,0x00,0x00,0x30,0x00,0x80,0x30,0x01,0x80,0x30,0x01,0x80,0x1F,0xFF,0x80,0x1F,0xFF,0x00,0x00,0x00,0x00,0x00,0x00,0x00}},
/*-- char: 已 --*/
{{"\xD2\xD1"},{0x00,0x00,0x00,0x00,0x00,0x00,0x00,0x00,0x00,0x3F,0xFE,0x00,0x7F,0xFE,0x00,0x00,0x06,0x00,0x00,0x06,0x00,0x30,0x06,0x00,0x30,0x06,0x00,0x30,0x06,0x00,0x3F,0xFE,0x00,0x3F,0xFE,0x00,0x30,0x02,0x00,0x30,0x00,0x00,0x30,0x01,0x80,0x30,0x01,0x80,0x30,0x01,0x80,0x1F,0xFF,0x80,0x1F,0xFF,0x00,0x00,0x00,0x00,0x00,0x00,0x00}},
/*-- char: 布 --*/
{{"\xB2\xBC"},{0x00,0x00,0x00,0x00,0x00,0x00,0x01,0x00,0x00,0x01,0x80,0x00,0x03,0x00,0x00,0x7F,0xFF,0x80,0x7F,0xFF,0x80,0x06,0x40,0x00,0x0C,0x60,0x00,0x0C,0x60,0x00,0x1F,0xFF,0x00,0x3F,0xFF,0x00,0x7C,0x63,0x00,0x4C,0x63,0x00,0x0C,0x63,0x00,0x0C,0x63,0x00,0x0C,0x6F,0x00,0x08,0x6E,0x00,0x00,0x60,0x00,0x00,0x40,0x00,0x00,0x00,0x00}},
/*-- char: 帖 --*/
{{"\xCC\xFB"},{0x00,0x00,0x00,0x00,0x00,0x00,0x08,0x18,0x00,0x18,0x18,0x00,0x18,0x18,0x00,0x1C,0x18,0x00,0x7F,0x1F,0xC0,0x7F,0x1F,0x80,0x6B,0x18,0x00,0x7B,0x18,0x00,0x7B,0x7F,0x00,0x7B,0x7F,0x80,0x7B,0x41,0x80,0x7B,0x41,0x80,0x7F,0x41,0x80,0x5E,0x41,0x80,0x18,0x41,0x80,0x18,0x7F,0x80,0x18,0x7F,0x80,0x08,0x41,0x00,0x00,0x00,0x00}},
/*-- char: 带 --*/
{{"\xB4\xF8"},{0x00,0x00,0x00,0x00,0x00,0x00,0x08,0xC4,0x00,0x0C,0xC6,0x00,0x1C,0xCE,0x00,0x7F,0xFF,0x80,0x1C,0xCE,0x00,0x08,0xC4,0x00,0x7F,0xFF,0x80,0x7F,0xFF,0x80,0x60,0xC1,0x80,0x60,0xC1,0x80,0x7F,0xFF,0x80,0x1A,0xF6,0x00,0x18,0xC6,0x00,0x18,0xC6,0x00,0x18,0xCE,0x00,0x18,0xDE,0x00,0x00,0xC0,0x00,0x00,0xC0,0x00,0x00,0x00,0x00}},
/*-- char: 常 --*/
{{"\xB3\xA3"},{0x00,0x00,0x00,0x00,0x00,0x00,0x00,0xC0,0x00,0x18,0xC6,0x00,0x0C,0xCC,0x00,0x3F,0xFF,0x80,0x7F,0xFF,0x80,0x60,0x01,0x80,0x6F,0xFD,0x80,0x2C,0x0D,0x80,0x0F,0xFC,0x00,0x0F,0xFC,0x00,0x00,0xC0,0x00,0x1F,0xFF,0x00,0x3F,0xFF,0x00,0x30,0xC3,0x00,0x30,0xC3,0x00,0x30,0xCF,0x00,0x10,0xCE,0x00,0x00,0x40,0x00,0x00,0x00,0x00}},
/*-- char: 帽 --*/
{{"\xC3\xB1"},{0x00,0x00,0x00,0x00,0x00,0x00,0x08,0x00,0x00,0x18,0xFF,0x80,0x18,0xFF,0x80,0x18,0xC1,0x80,0x7F,0xFF,0x80,0x7F,0xC1,0x80,0x5B,0xFF,0x80,0x7B,0x7F,0x80,0x7A,0x3E,0x00,0x7A,0xFF,0x80,0x7A,0xC1,0x80,0x7A,0xFF,0x80,0x7E,0xC1,0x80,0x5E,0xFF,0x80,0x18,0xFF,0x80,0x18,0xFF,0x80,0x18,0xFF,0x80,0x08,0x40,0x00,0x00,0x00,0x00}},
/*-- char: 干 --*/
{{"\xB8\xC9"},{0x00,0x00,0x00,0x00,0x00,0x00,0x00,0x00,0x00,0x00,0x00,0x00,0x3F,0xFF,0x80,0x3F,0xFF,0x00,0x00,0xC0,0x00,0x00,0xC0,0x00,0x00,0xC0,0x00,0x00,0xC0,0x00,0x7F,0xFF,0x80,0x7F,0xFF,0x80,0x00,0xC0,0x00,0x00,0xC0,0x00,0x00,0xC0,0x00,0x00,0xC0,0x00,0x00,0xC0,0x00,0x00,0xC0,0x00,0x00,0xC0,0x00,0x00,0xC0,0x00,0x00,0x00,0x00}},
/*-- char: 平 --*/
{{"\xC6\xBD"},{0x00,0x00,0x00,0x00,0x00,0x00,0x00,0x00,0x00,0x3F,0xFF,0x00,0x3F,0xFF,0x00,0x00,0xC0,0x00,0x18,0xC6,0x00,0x18,0xC6,0x00,0x0C,0xCC,0x00,0x0C,0xCC,0x00,0x04,0xC8,0x00,0x7B,0xF7,0x80,0x7F,0xFF,0x80,0x00,0xC0,0x00,0x00,0xC0,0x00,0x00,0xC0,0x00,0x00,0xC0,0x00,0x00,0xC0,0x00,0x00,0xC0,0x00,0x00,0xC0,0x00,0x00,0x00,0x00}},
/*-- char: 年 --*/
{{"\xC4\xEA"},{0x00,0x00,0x00,0x00,0x00,0x00,0x04,0x00,0x00,0x0C,0x00,0x00,0x0F,0xFF,0x00,0x1F,0xFF,0x80,0x18,0x60,0x00,0x30,0x60,0x00,0x60,0x60,0x00,0x6F,0xFF,0x00,0x0F,0xFF,0x00,0x08,0x60,0x00,0x08,0x60,0x00,0x1C,0x60,0x00,0x7F,0xFF,0xC0,0x7F,0xFF,0x80,0x00,0x60,0x00,0x00,0x60,0x00,0x00,0x60,0x00,0x00,0x60,0x00,0x00,0x00,0x00}},
/*-- char: 并 --*/
{{"\xB2\xA2"},{0x00,0x00,0x00,0x00,0x00,0x00,0x00,0x04,0x00,0x0C,0x0C,0x00,0x06,0x0C,0x00,0x06,0x18,0x00,0x7F,0xFF,0x80,0x7F,0xFF,0x80,0x06,0x18,0x00,0x06,0x18,0x00,0x06,0x18,0x00,0x7F,0xFF,0x80,0x7F,0xFF,0x80,0x06,0x18,0x00,0x0C,0x18,0x00,0x0C,0x18,0x00,0x18,0x18,0x00,0x38,0x18,0x00,0x70,0x18,0x00,0x00,0x08,0x00,0x00,0x00,0x00}},
/*-- char: 床 --*/
{{"\xB4\xB2"},{0x00,0x00,0x00,0x00,0x00,0x00,0x00,0x40,0x00,0x00,0x60,0x00,0x00,0xE0,0x00,0x3F,0xFF,0x80,0x3F,0xFF,0x80,0x30,0x20,0x00,0x30,0x20,0x00,0x37,0xFF,0x80,0x3F,0xFF,0x80,0x30,0x70,0x00,0x30,0xF8,0x00,0x31,0xFC,0x00,0x33,0xA6,0x00,0x67,0x67,0x00,0x6E,0x63,0x80,0x6C,0x21,0x80,0x40,0x60,0x00,0x00,0x20,0x00,0x00,0x00,0x00}},
/*-- char: 应 --*/
{{"\xD3\xA6"},{0x00,0x00,0x00,0x00,0x00,0x00,0x00,0x40,0x00,0x00,0x60,0x00,0x00,0x60,0x00,0x3F,0xFF,0x80,0x3F,0xFF,0x80,0x30,0x00,0x00,0x34,0xC3,0x00,0x36,0x63,0x00,0x36,0x63,0x00,0x36,0x66,0x00,0x33,0x26,0x00,0x33,0x34,0x00,0x33,0x0C,0x00,0x60,0x0C,0x00,0x60,0x18,0x00,0x6F,0xFF,0x80,0x6F,0xFF,0x80,0x40,0x00,0x00,0x00,0x00,0x00}},
/*-- char: 座 --*/
{{"\xD7\xF9"},{0x00,0x00,0x00,0x00,0x00,0x00,0x00,0x40,0x00,0x00,0x60,0x00,0x3F,0xFF,0x80,0x3F,0xFF,0x80,0x20,0x60,0x00,0x33,0x66,0x00,0x32,0x66,0x00,0x37,0x66,0x00,0x37,0xEF,0x00,0x3D,0xF9,0x80,0x38,0x70,0x80,0x27,0x76,0x00,0x6F,0xFF,0x00,0x60,0x60,0x00,0x60,0x60,0x00,0x6B,0x77,0x00,0xDF,0xFF,0x80,0x00,0x00,0x00,0x00,0x00,0x00}},
/*-- char: 庭 --*/
{{"\xCD\xA5"},{0x00,0x00,0x00,0x00,0x00,0x00,0x00,0x40,0x00,0x00,0x60,0x00,0x3F,0xFF,0x80,0x3F,0xFF,0x80,0x30,0x03,0x00,0x3F,0x3F,0x00,0x33,0x3C,0x00,0x36,0x0C,0x00,0x36,0x7F,0x80,0x3F,0xFF,0x80,0x39,0x8C,0x00,0x2D,0x8C,0x00,0x6D,0x0C,0x00,0x67,0x7F,0x80,0x67,0x00,0x00,0x6F,0xC0,0x00,0x5D,0xFF,0x80,0x00,0x0F,0x80,0x00,0x00,0x00}},
/*-- char: 建 --*/
{{"\xBD\xA8"},{0x00,0x00,0x00,0x00,0x00,0x00,0x00,0x10,0x00,0x78,0x30,0x00,0xF9,0xFF,0x00,0x18,0x33,0x00,0x1B,0xFF,0xC0,0x33,0xFF,0x80,0x30,0x33,0x00,0x7F,0xFF,0x00,0x6C,0x30,0x00,0x0F,0xFF,0x00,0x6D,0xFF,0x00,0x3C,0x30,0x00,0x3B,0xFF,0x80,0x18,0x30,0x00,0x3C,0x30,0x00,0x37,0xFF,0x80,0x61,0xFF,0x80,0x00,0x00,0x00,0x00,0x00,0x00}},
/*-- char: 开 --*/
{{"\xBF\xAA"},{0x00,0x00,0x00,0x00,0x00,0x00,0x00,0x00,0x00,0x3F,0xFF,0x00,0x7F,0xFF,0x80,0x06,0x18,0x00,0x06,0x18,0x00,0x06,0x18,0x00,0x06,0x18,0x00,0x06,0x18,0x00,0x7F,0xFF,0x80,0x7F,0xFF,0x80,0x06,0x18,0x00,0x06,0x18,0x00,0x0C,0x18,0x00,0x0C,0x18,0x00,0x18,0x18,0x00,0x38,0x18,0x00,0x70,0x18,0x00,0x00,0x08,0x00,0x00,0x00,0x00}},
/*-- char: 弄 --*/
{{"\xC5\xAA"},{0x00,0x00,0x00,0x00,0x00,0x00,0x00,0x00,0x00,0x3F,0xFF,0x00,0x3F,0xFF,0x00,0x00,0xC0,0x00,0x3F,0xFF,0x00,0x1F,0xFE,0x00,0x00,0xC0,0x00,0x7F,0xFF,0x80,0x0E,0x1C,0x00,0x06,0x18,0x00,0x06,0x18,0x00,0x7F,0xFF,0x80,0x7F,0xFF,0x80,0x0C,0x18,0x00,0x0C,0x18,0x00,0x38,0x18,0x00,0x70,0x18,0x00,0x00,0x08,0x00,0x00,0x00,0x00}},
/*-- char: 式 --*/
{{"\xCA\xBD"},{0x00,0x00,0x00,0x00,0x00,0x00,0x00,0x20,0x00,0x00,0x36,0x00,0x00,0x33,0x00,0x00,0x31,0x00,0x7F,0xFF,0x80,0x7F,0xFF,0x80,0x00,0x30,0x00,0x00,0x30,0x00,0x7F,0xF0,0x00,0x3F,0x98,0x00,0x04,0x18,0x00,0x06,0x18,0x00,0x06,0x18,0x00,0x04,0x4C,0xC0,0x0F,0xCC,0xC0,0x7F,0x0E,0x80,0x70,0x07,0x80,0x00,0x03,0x00,0x00,0x00,0x00}},
/*-- char: 张 --*/
{{"\xD5\xC5"},{0x00,0x00,0x00,0x00,0x00,0x00,0x00,0x00,0x00,0x7E,0xC1,0x00,0x7E,0xC3,0x00,0x06,0xC3,0x00,0x06,0xC6,0x00,0x3E,0xDC,0x00,0x3E,0xD8,0x00,0x31,0xFF,0x80,0x23,0xFF,0xC0,0x7C,0xCC,0x00,0x7E,0xCC,0x00,0x06,0xCC,0x00,0x06,0xC6,0x00,0x06,0xC6,0x00,0x06,0xCB,0x00,0x0C,0xF9,0x80,0x3C,0xE1,0x80,0x38,0x80,0x00,0x00,0x00,0x00}},
/*-- char: 强 --*/
{{"\xC7\xBF"},{0x00,0x00,0x00,0x00,0x00,0x00,0x00,0x00,0x00,0x7E,0xFF,0x00,0x7E,0xFF,0x00,0x06,0xC3,0x00,0x06,0xC3,0x00,0x3E,0xFF,0x00,0x7E,0xFF,0x00,0x60,0x18,0x00,0x61,0xFF,0x80,0x7F,0x99,0x80,0x7F,0x99,0x80,0x47,0xFF,0x80,0x07,0xFF,0x80,0x06,0x1B,0x00,0x06,0x1B,0x00,0x07,0xFF,0x80,0x3D,0xFF,0x80,0x18,0x00,0x80,0x00,0x00,0x00}},
/*-- char: 归 --*/
{{"\xB9\xE9"},{0x00,0x00,0x00,0x00,0x00,0x00,0x00,0x00,0x00,0x06,0x00,0x00,0x06,0xFF,0x80,0x66,0xFF,0x80,0x66,0x01,0x80,0x66,0x01,0x80,0x66,0x01,0x80,0x66,0x01,0x80,0x66,0xFF,0x80,0x66,0x7F,0x80,0x66,0x01,0x80,0x26,0x01,0x80,0x04,0x01,0x80,0x0C,0x01,0x80,0x0C,0xFF,0x80,0x19,0xFF,0x80,0x30,0x01,0x80,0x00,0x01,0x00,0x00,0x00,0x00}},
/*-- char: 当 --*/
{{"\xB5\xB1"},{0x00,0x00,0x00,0x00,0x00,0x00,0x00,0xC0,0x00,0x30,0xC3,0x00,0x30,0xC3,0x00,0x18,0xC6,0x00,0x0C,0xC6,0x00,0x0C,0xCC,0x00,0x00,0xC0,0x00,0x3F,0xFF,0x00,0x1F,0xFF,0x00,0x00,0x03,0x00,0x00,0x03,0x00,0x1F,0xFF,0x00,0x1F,0xFF,0x00,0x00,0x03,0x00,0x00,0x03,0x00,0x3F,0xFF,0x00,0x3F,0xFF,0x00,0x00,0x03,0x00,0x00,0x00,0x00}},
/*-- char: 形 --*/
{{"\xD0\xCE"},{0x00,0x00,0x00,0x00,0x00,0x00,0x00,0x00,0x00,0x7F,0xC3,0x00,0x7F,0xE7,0x00,0x19,0x8E,0x00,0x19,0x98,0x00,0x19,0x90,0x00,0x19,0x81,0x80,0x7F,0xC3,0x00,0xFF,0xE6,0x00,0x19,0x9C,0x00,0x19,0x98,0x00,0x11,0x80,0x80,0x31,0x81,0x80,0x31,0x83,0x00,0x31,0x8E,0x00,0x61,0x9C,0x00,0x61,0xB8,0x00,0x01,0x80,0x00,0x00,0x00,0x00}},
/*-- char: 影 --*/
{{"\xD3\xB0"},{0x00,0x00,0x00,0x00,0x00,0x00,0x00,0x00,0x00,0x3F,0xC1,0x00,0x3F,0xC3,0x00,0x3F,0xCE,0x00,0x36,0xDC,0x00,0x3F,0xD0,0x00,0x16,0x81,0x80,0x7F,0xE3,0x00,0x7F,0xE6,0x00,0x3F,0xDC,0x00,0x3F,0xD8,0x00,0x30,0xC0,0x80,0x3F,0xC1,0x80,0x16,0x83,0x00,0x36,0xC6,0x00,0x66,0x7C,0x00,0x5E,0x78,0x00,0x0C,0x00,0x00,0x00,0x00,0x00}},
/*-- char: 往 --*/
{{"\xCD\xF9"},{0x00,0x00,0x00,0x00,0x00,0x00,0x00,0x00,0x00,0x0C,0x70,0x00,0x18,0x38,0x00,0x30,0x0C,0x00,0x67,0xFF,0x80,0x4F,0xFF,0x80,0x1C,0x18,0x00,0x38,0x18,0x00,0x78,0x18,0x00,0xF9,0xFF,0x00,0x59,0xFF,0x80,0x18,0x18,0x00,0x18,0x18,0x00,0x18,0x18,0x00,0x18,0x18,0x00,0x1B,0xFF,0x80,0x1B,0xFF,0xC0,0x18,0x00,0x00,0x00,0x00,0x00}},
/*-- char: 待 --*/
{{"\xB4\xFD"},{0x00,0x00,0x00,0x00,0x00,0x00,0x00,0x10,0x00,0x0C,0x18,0x00,0x18,0x18,0x00,0x31,0xFF,0x80,0x61,0xFF,0x00,0x0C,0x18,0x00,0x1F,0xFF,0xC0,0x1B,0xFF,0xC0,0x38,0x06,0x00,0x7B,0xFF,0x80,0x5B,0xFF,0xC0,0x19,0x86,0x00,0x18,0xC6,0x00,0x18,0xC6,0x00,0x18,0x66,0x00,0x18,0x06,0x00,0x18,0x1E,0x00,0x00,0x1C,0x00,0x00,0x00,0x00}},
/*-- char: 很 --*/
{{"\xBA\xDC"},{0x00,0x00,0x00,0x00,0x00,0x00,0x00,0x00,0x00,0x0D,0xFF,0x00,0x19,0xFF,0x00,0x31,0x81,0x00,0x65,0x83,0x00,0x4D,0xFF,0x00,0x19,0x83,0x00,0x39,0x81,0x00,0x79,0xFF,0x80,0xF9,0xFF,0x00,0x59,0x99,0x80,0x19,0x9B,0x80,0x19,0x8E,0x00,0x19,0x8C,0x00,0x19,0x8E,0x00,0x1B,0xFB,0x80,0x1B,0xE1,0x80,0x18,0x00,0x00,0x00,0x00,0x00}},
/*-- char: 徊 --*/
{{"\xBB\xB2"},{0x00,0x00,0x00,0x00,0x00,0x00,0x00,0x00,0x00,0x0D,0xFF,0x00,0x1B,0xFF,0x80,0x33,0x01,0x80,0x67,0x01,0x80,0x0F,0x7D,0x80,0x1B,0x7D,0x80,0x3B,0x4D,0x80,0x7B,0x4D,0x80,0x7B,0x4D,0x80,0x1B,0x4D,0x80,0x1B,0x7D,0x80,0x1B,0x7D,0x80,0x1B,0x01,0x80,0x1B,0x01,0x80,0x1B,0xFF,0x80,0x1B,0xFF,0x80,0x12,0x00,0x00,0x00,0x00,0x00}},
/*-- char: 徐 --*/
{{"\xD0\xEC"},{0x00,0x00,0x00,0x00,0x00,0x00,0x00,0x10,0x00,0x18,0x38,0x00,0x18,0x7C,0x00,0x70,0xCC,0x00,0x6D,0xC7,0x00,0x0F,0x83,0x80,0x1F,0xFF,0x80,0x38,0xFE,0x00,0x78,0x30,0x00,0xFB,0xFF,0x00,0x5B,0xFF,0x80,0x18,0x30,0x00,0x19,0xB2,0x00,0x19,0xB3,0x00,0x1B,0x31,0x80,0x1A,0x31,0x80,0x18,0xF0,0x00,0x10,0x60,0x00,0x00,0x00,0x00}},
/*-- char: 得 --*/
{{"\xB5\xC3"},{0x00,0x00,0x00,0x00,0x00,0x00,0x00,0x00,0x00,0x0D,0xFF,0x00,0x19,0x83,0x00,0x31,0xFF,0x00,0x61,0xFF,0x00,0x4D,0x81,0x00,0x19,0xFF,0x00,0x18,0xFF,0x00,0x3B,0xFF,0x80,0xFB,0xFF,0x80,0x58,0x06,0x00,0x1B,0xFF,0x80,0x1B,0xFF,0x80,0x18,0x86,0x00,0x18,0xC6,0x00,0x18,0x66,0x00,0x18,0x1E,0x00,0x10,0x18,0x00,0x00,0x00,0x00}},
/*-- char: 徘 --*/
{{"\xC5\xC7"},{0x00,0x00,0x00,0x00,0x00,0x00,0x00,0x4C,0x00,0x18,0x6C,0x00,0x30,0x6C,0x00,0x73,0xEF,0x80,0x6F,0xEF,0x80,0x0C,0x6C,0x00,0x18,0x6C,0x00,0x33,0xEF,0x80,0x73,0xEF,0x80,0xF8,0x6C,0x00,0x58,0x7C,0x00,0x1B,0xFF,0xC0,0x1F,0xCF,0xC0,0x18,0xCC,0x00,0x18,0xCC,0x00,0x19,0x8C,0x00,0x1B,0x0C,0x00,0x12,0x0C,0x00,0x00,0x00,0x00}},
/*-- char: 微 --*/
{{"\xCE\xA2"},{0x00,0x00,0x00,0x00,0x00,0x00,0x00,0x84,0x00,0x19,0x8C,0x00,0x35,0xAC,0x00,0x67,0xAC,0x00,0xCD,0xBF,0xC0,0x1F,0xFF,0x80,0x37,0xF9,0x80,0x30,0x3D,0x80,0x77,0xFD,0x00,0xF7,0xEF,0x00,0x33,0x47,0x00,0x33,0x47,0x00,0x32,0x46,0x00,0x32,0x76,0x00,0x36,0xEF,0x00,0x3E,0x19,0x80,0x3C,0x30,0xC0,0x10,0x00,0x00,0x00,0x00,0x00}},
/*-- char: 心 --*/
{{"\xD0\xC4"},{0x00,0x00,0x00,0x00,0x00,0x00,0x00,0x00,0x00,0x03,0x80,0x00,0x01,0xE0,0x00,0x00,0x78,0x00,0x00,0x10,0x00,0x02,0x00,0x00,0x06,0x00,0x00,0x36,0x06,0x00,0x36,0x03,0x00,0x36,0x03,0x00,0x36,0x01,0x80,0x66,0x01,0x80,0x66,0x0C,0xC0,0xE6,0x0C,0xC0,0x46,0x0C,0x00,0x06,0x0C,0x00,0x03,0xFC,0x00,0x01,0xF0,0x00,0x00,0x00,0x00}},
/*-- char: 必 --*/
{{"\xB1\xD8"},{0x00,0x00,0x00,0x00,0x00,0x00,0x00,0x00,0x00,0x03,0x00,0x00,0x03,0x83,0x00,0x00,0xE6,0x00,0x00,0x6E,0x00,0x06,0x0C,0x00,0x36,0x18,0x00,0x36,0x36,0x00,0x36,0x73,0x00,0x26,0x63,0x00,0x67,0xC1,0x80,0x67,0x81,0x80,0x47,0x00,0xC0,0x1E,0x06,0x00,0x3E,0x06,0x00,0x76,0x0C,0x00,0x03,0xFC,0x00,0x01,0xF8,0x00,0x00,0x00,0x00}},
/*-- char: 忍 --*/
{{"\xC8\xCC"},{0x00,0x00,0x00,0x00,0x00,0x00,0x00,0x00,0x00,0x3F,0xFF,0x00,0x3F,0xFF,0x00,0x01,0x83,0x00,0x1D,0x83,0x00,0x0F,0x83,0x00,0x03,0xC3,0x00,0x06,0xE3,0x00,0x0E,0x36,0x00,0x78,0x1E,0x00,0x61,0x80,0x00,0x06,0xE4,0x00,0x16,0x66,0x00,0x36,0x03,0x00,0x36,0x0D,0x80,0x66,0x0D,0x80,0x47,0xF8,0x00,0x01,0xF0,0x00,0x00,0x00,0x00}},
/*-- char: 忘 --*/
{{"\xCD\xFC"},{0x00,0x00,0x00,0x00,0x00,0x00,0x00,0xC0,0x00,0x00,0xC0,0x00,0x3F,0xFF,0x80,0x7F,0xFF,0x80,0x18,0x00,0x00,0x18,0x00,0x00,0x18,0x00,0x00,0x1F,0xFE,0x00,0x0F,0xFF,0x00,0x01,0x80,0x00,0x01,0xC0,0x00,0x06,0xE6,0x00,0x36,0x66,0x00,0x36,0x03,0x00,0x36,0x0D,0x80,0x66,0x0D,0x80,0x47,0xF8,0x00,0x01,0xF0,0x00,0x00,0x00,0x00}},
/*-- char: 忙 --*/
{{"\xC3\xA6"},{0x00,0x00,0x00,0x00,0x00,0x00,0x18,0x18,0x00,0x18,0x18,0x00,0x18,0x18,0x00,0x18,0x18,0x00,0x7F,0xFF,0xC0,0x7F,0xFF,0xC0,0x7A,0xC0,0x00,0x58,0xC0,0x00,0xD8,0xC0,0x00,0x18,0xC0,0x00,0x18,0xC0,0x00,0x18,0xC0,0x00,0x18,0xC0,0x00,0x18,0xC0,0x00,0x18,0xC0,0x00,0x18,0xFF,0x80,0x18,0x7F,0x80,0x10,0x00,0x00,0x00,0x00,0x00}},
/*-- char: 快 --*/
{{"\xBF\xEC"},{0x00,0x00,0x00,0x00,0x00,0x00,0x10,0x30,0x00,0x18,0x30,0x00,0x18,0x30,0x00,0x19,0xFF,0x00,0x7D,0xFF,0x00,0x7E,0x33,0x00,0x7E,0x33,0x00,0x58,0x33,0x00,0xD8,0x33,0x00,0x1B,0xFF,0xC0,0x1B,0xFF,0x80,0x18,0x38,0x00,0x18,0x6C,0x00,0x18,0x6C,0x00,0x18,0xC6,0x00,0x1B,0x83,0x00,0x1B,0x01,0x80,0x10,0x00,0x00,0x00,0x00,0x00}},
/*-- char: 念 --*/
{{"\xC4\xEE"},{0x00,0x00,0x00,0x00,0x00,0x00,0x00,0xC0,0x00,0x01,0xE0,0x00,0x03,0x70,0x00,0x06,0x18,0x00,0x1F,0xFE,0x00,0x73,0xF3,0x80,0x60,0x01,0x80,0x1F,0xFC,0x00,0x00,0x0C,0x00,0x00,0x08,0x00,0x03,0x98,0x00,0x01,0xF0,0x00,0x1E,0x66,0x00,0x36,0x03,0x00,0x36,0x1B,0x80,0x66,0x19,0x80,0x63,0xF8,0x80,0x01,0xE0,0x00,0x00,0x00,0x00}},
/*-- char: 忽 --*/
{{"\xBA\xF6"},{0x00,0x00,0x00,0x00,0x00,0x00,0x00,0x00,0x00,0x06,0x00,0x00,0x0F,0xFF,0x00,0x1F,0xFF,0x00,0x39,0xB3,0x00,0x73,0x33,0x00,0x66,0x63,0x00,0x0C,0x63,0x00,0x38,0xC2,0x00,0x33,0x9E,0x00,0x07,0x1E,0x00,0x01,0xC0,0x00,0x16,0xE6,0x00,0x16,0x23,0x00,0x36,0x0B,0x80,0x66,0x0D,0x80,0x43,0xF8,0x80,0x01,0xF0,0x00,0x00,0x00,0x00}},
/*-- char: 怀 --*/
{{"\xBB\xB3"},{0x00,0x00,0x00,0x00,0x00,0x00,0x18,0x00,0x00,0x1B,0xFF,0x80,0x1B,0xFF,0x80,0x1C,0x18,0x00,0x7C,0x30,0x00,0x7E,0x30,0x00,0x7A,0x7C,0x00,0x58,0x7E,0x00,0xD8,0xF6,0x00,0x19,0xB3,0x00,0x1B,0x31,0x80,0x1A,0x30,0x80,0x18,0x30,0x00,0x18,0x30,0x00,0x18,0x30,0x00,0x18,0x30,0x00,0x18,0x30,0x00,0x10,0x10,0x00,0x00,0x00,0x00}},
/*-- char: 怎 --*/
{{"\xD4\xF5"},{0x00,0x00,0x00,0x00,0x00,0x00,0x04,0x00,0x00,0x04,0x00,0x00,0x0F,0xFF,0x80,0x0F,0xFF,0x80,0x19,0x80,0x00,0x31,0xFF,0x00,0x71,0xFF,0x00,0x61,0x80,0x00,0x01,0xFF,0x00,0x01,0xFF,0x00,0x01,0x80,0x00,0x01,0xC0,0x00,0x16,0x66,0x00,0x36,0x23,0x00,0x36,0x09,0x80,0x66,0x0D,0x80,0x43,0xF8,0x00,0x01,0xF0,0x00,0x00,0x00,0x00}},
/*-- char: 怒 --*/
{{"\xC5\xAD"},{0x00,0x00,0x00,0x00,0x00,0x00,0x08,0x00,0x00,0x18,0x7F,0x00,0x7F,0x7F,0x80,0x7F,0xA3,0x00,0x31,0x33,0x00,0x33,0x36,0x00,0x7B,0x1E,0x00,0x7E,0x1C,0x00,0x0F,0x3E,0x00,0x19,0x73,0x80,0x71,0x41,0x80,0x03,0xC4,0x00,0x16,0x66,0x00,0x36,0x03,0x00,0x36,0x09,0x80,0x66,0x19,0x80,0x63,0xF8,0x80,0x01,0xE0,0x00,0x00,0x00,0x00}},
/*-- char: 怕 --*/
{{"\xC5\xC2"},{0x00,0x00,0x00,0x00,0x00,0x00,0x08,0x00,0x00,0x18,0x18,0x00,0x18,0x18,0x00,0x18,0x18,0x00,0x7D,0xFF,0x80,0x7F,0xFF,0x80,0x7B,0x81,0x80,0x59,0x81,0x80,0x59,0x81,0x80,0x19,0xFF,0x80,0x19,0xFF,0x80,0x19,0x81,0x80,0x19,0x81,0x80,0x19,0x81,0x80,0x19,0x81,0x80,0x19,0xFF,0x80,0x19,0xFF,0x80,0x00,0x80,0x00,0x00,0x00,0x00}},
/*-- char: 性 --*/
{{"\xD0\xD4"},{0x00,0x00,0x00,0x00,0x00,0x00,0x10,0x10,0x00,0x18,0x98,0x00,0x18,0xD8,0x00,0x18,0x98,0x00,0x7D,0xFF,0x80,0x7F,0xFF,0x80,0x7B,0x18,0x00,0x5B,0x18,0x00,0xDA,0x18,0x00,0x19,0xFF,0x00,0x19,0xFF,0x80,0x18,0x18,0x00,0x18,0x18,0x00,0x18,0x18,0x00,0x18,0x18,0x00,0x1B,0xFF,0x80,0x1B,0xFF,0x80,0x10,0x00,0x00,0x00,0x00,0x00}},
/*-- char: 总 --*/
{{"\xD7\xDC"},{0x00,0x00,0x00,0x00,0x00,0x00,0x00,0x00,0x00,0x06,0x0C,0x00,0x06,0x18,0x00,0x03,0x18,0x00,0x1F,0xFE,0x00,0x1F,0xFE,0x00,0x18,0x06,0x00,0x18,0x06,0x00,0x1F,0xFE,0x00,0x1F,0xFE,0x00,0x01,0x80,0x00,0x04,0xC2,0x00,0x36,0x63,0x00,0x36,0x31,0x00,0x66,0x05,0x80,0x66,0x0C,0x80,0x07,0xFC,0x00,0x01,0xF0,0x00,0x00,0x00,0x00}},
/*-- char: 恢 --*/
{{"\xBB\xD6"},{0x00,0x00,0x00,0x00,0x00,0x00,0x11,0x00,0x00,0x19,0x80,0x00,0x1B,0xFF,0x80,0x1F,0xFF,0xC0,0x7D,0x8C,0x00,0x7D,0x8C,0x00,0x7F,0x8C,0x80,0x59,0xED,0x80,0xD9,0xED,0x80,0x19,0xCD,0x00,0x19,0xCF,0x00,0x19,0x1C,0x00,0x1B,0x1C,0x00,0x1B,0x16,0x00,0x1B,0x33,0x00,0x1E,0x63,0x80,0x1E,0xC1,0xC0,0x10,0x00,0x00,0x00,0x00,0x00}},
/*-- char: 恨 --*/
{{"\xBA\xDE"},{0x00,0x00,0x00,0x00,0x00,0x00,0x10,0x00,0x00,0x19,0xFF,0x00,0x19,0xFF,0x00,0x19,0x81,0x00,0x5D,0xFF,0x00,0x7F,0xFF,0x00,0x7F,0x83,0x00,0x59,0x83,0x00,0xD9,0xFF,0x00,0x19,0xFF,0x00,0x19,0x99,0x80,0x19,0x9B,0x00,0x19,0x8E,0x00,0x19,0x8C,0x00,0x19,0x96,0x00,0x1B,0xFB,0x00,0x1B,0xE1,0x80,0x10,0x00,0x00,0x00,0x00,0x00}},
/*-- char: 息 --*/
{{"\xCF\xA2"},{0x00,0x00,0x00,0x00,0x00,0x00,0x00,0xC0,0x00,0x00,0xC0,0x00,0x1F,0xFE,0x00,0x18,0x06,0x00,0x1F,0xFE,0x00,0x1F,0xFE,0x00,0x18,0x06,0x00,0x1F,0xFE,0x00,0x1F,0xFE,0x00,0x18,0x06,0x00,0x1F,0xFE,0x00,0x01,0x80,0x00,0x16,0xC6,0x00,0x36,0x67,0x00,0x36,0x0B,0x80,0x66,0x0D,0x80,0x47,0xF8,0x80,0x03,0xF0,0x00,0x00,0x00,0x00}},
/*-- char: 悄 --*/
{{"\xC7\xC4"},{0x00,0x00,0x00,0x00,0x00,0x00,0x18,0x08,0x00,0x18,0x18,0x00,0x18,0xDB,0x00,0x18,0xD9,0x80,0x7F,0x99,0x80,0x7F,0x98,0x80,0x7A,0xFF,0x80,0x58,0xFF,0x80,0xD8,0xC1,0x80,0x18,0xFF,0x80,0x18,0xFF,0x80,0x18,0xC1,0x80,0x18,0xFF,0x80,0x18,0xFF,0x80,0x18,0xC1,0x80,0x18,0xC1,0x80,0x18,0xC7,0x80,0x18,0x86,0x00,0x00,0x00,0x00}},
/*-- char: 悴 --*/
{{"\xE3\xB2"},{0x00,0x00,0x00,0x00,0x00,0x00,0x10,0x10,0x00,0x18,0x18,0x00,0x18,0x18,0x00,0x1B,0xFF,0x80,0x7D,0xFF,0x00,0x7C,0xC6,0x00,0x7E,0xC6,0x00,0x59,0xEE,0x00,0xD9,0xFF,0x80,0x1B,0x19,0x80,0x18,0x10,0x00,0x1B,0xFF,0x80,0x1B,0xFF,0xC0,0x18,0x18,0x00,0x18,0x18,0x00,0x18,0x18,0x00,0x18,0x18,0x00,0x10,0x10,0x00,0x00,0x00,0x00}},
/*-- char: 情 --*/
{{"\xC7\xE9"},{0x00,0x00,0x00,0x00,0x00,0x00,0x10,0x10,0x00,0x30,0x30,0x00,0x33,0xFF,0x80,0x38,0x30,0x00,0x7F,0xFF,0x00,0x7D,0xFF,0x00,0x77,0xFF,0x80,0x77,0xFF,0xC0,0xF1,0xFE,0x00,0x33,0xFF,0x00,0x33,0x03,0x00,0x33,0xFF,0x00,0x33,0x03,0x00,0x33,0xFF,0x00,0x33,0xFF,0x00,0x33,0x03,0x00,0x33,0x0F,0x00,0x11,0x06,0x00,0x00,0x00,0x00}},
/*-- char: 惟 --*/
{{"\xCE\xA9"},{0x00,0x00,0x00,0x00,0x00,0x00,0x10,0x40,0x00,0x18,0x66,0x00,0x18,0xC6,0x00,0x1C,0xCC,0x00,0x5E,0xFF,0x80,0x7F,0xFF,0x80,0x7B,0x8C,0x00,0x5B,0xFF,0x80,0xD8,0xFF,0x80,0x18,0x8C,0x00,0x18,0x8C,0x00,0x18,0xFF,0x80,0x18,0xFF,0x80,0x18,0x8C,0x00,0x18,0x8C,0x00,0x18,0xFF,0xC0,0x18,0xFF,0x80,0x10,0x80,0x00,0x00,0x00,0x00}},
/*-- char: 惦 --*/
{{"\xB5\xEB"},{0x00,0x00,0x00,0x00,0x00,0x00,0x10,0x10,0x00,0x18,0x18,0x00,0x18,0x18,0x00,0x19,0xFF,0xC0,0x7D,0xFF,0x80,0x7F,0x18,0x00,0x7F,0x18,0x00,0x5B,0x1F,0x80,0xD9,0x1F,0x00,0x1B,0x18,0x00,0x1B,0x5F,0x00,0x1B,0xFF,0x80,0x1B,0xE1,0x80,0x1B,0xC1,0x80,0x1B,0xC1,0x80,0x1A,0xFF,0x80,0x1E,0xFF,0x80,0x10,0x41,0x00,0x00,0x00,0x00}},
/*-- char: 惨 --*/
{{"\xB2\xD2"},{0x00,0x00,0x00,0x00,0x00,0x00,0x10,0x00,0x00,0x18,0x60,0x00,0x18,0x66,0x00,0x18,0xC3,0x00,0x7F,0xFF,0x80,0x7E,0x30,0x80,0x7F,0xFF,0x80,0x5B,0xFF,0xC0,0xD8,0xC6,0x00,0x1B,0x93,0x00,0x1F,0x71,0x80,0x19,0xCC,0x00,0x18,0x38,0x00,0x18,0xF3,0x00,0x18,0x8E,0x00,0x18,0x7C,0x00,0x19,0xF0,0x00,0x10,0x80,0x00,0x00,0x00,0x00}},
/*-- char: 想 --*/
{{"\xCF\xEB"},{0x00,0x00,0x00,0x00,0x00,0x00,0x08,0x00,0x00,0x0C,0x7F,0x00,0x0C,0x7F,0x80,0x7F,0xE1,0x80,0x7F,0x7F,0x80,0x1C,0x7F,0x80,0x1E,0x61,0x80,0x3F,0x7F,0x80,0x6D,0x7F,0x80,0x4C,0x61,0x80,0x0C,0x7F,0x80,0x08,0x82,0x00,0x34,0xC3,0x00,0x36,0x63,0x00,0x66,0x0D,0x80,0x67,0xFD,0x80,0x07,0xF8,0x00,0x00,0x00,0x00,0x00,0x00,0x00}},
/*-- char: 意 --*/
{{"\xD2\xE2"},{0x00,0x00,0x00,0x00,0x00,0x00,0x00,0x40,0x00,0x00,0xC0,0x00,0x3F,0xFF,0x00,0x06,0x18,0x00,0x06,0x18,0x00,0x7F,0xFF,0x80,0x1F,0xFE,0x00,0x1F,0xFE,0x00,0x18,0x06,0x00,0x1F,0xFE,0x00,0x18,0x06,0x00,0x1F,0xFE,0x00,0x0F,0xFE,0x00,0x16,0xC6,0x00,0x36,0x6B,0x00,0x76,0x09,0x80,0x67,0xF8,0x80,0x03,0xF0,0x00,0x00,0x00,0x00}},
/*-- char: 感 --*/
{{"\xB8\xD0"},{0x00,0x00,0x00,0x00,0x00,0x00,0x00,0x24,0x00,0x00,0x26,0x00,0x3F,0xFF,0x80,0x3F,0xFF,0x80,0x3F,0xB2,0x00,0x3F,0xF6,0x00,0x30,0x16,0x00,0x3F,0xDC,0x00,0x2C,0xDC,0x00,0x6C,0xDC,0xC0,0x6F,0xFF,0x80,0x41,0xE3,0x80,0x03,0xC0,0x00,0x16,0x66,0x00,0x36,0x0B,0x00,0x66,0x0D,0x80,0x67,0xF8,0x80,0x01,0xF0,0x00,0x00,0x00,0x00}},
/*-- char: 愿 --*/
{{"\xD4\xB8"},{0x00,0x00,0x00,0x00,0x00,0x00,0x00,0x00,0x00,0x3F,0xFF,0x80,0x3F,0xFF,0x00,0x37,0xFE,0x00,0x3F,0xFE,0x00,0x37,0xFE,0x00,0x37,0xFE,0x00,0x37,0xFE,0x00,0x27,0xFC,0x00,0x66,0x6C,0x00,0x6C,0x67,0x00,0x49,0xC1,0x00,0x01,0xC0,0x00,0x16,0xE6,0x00,0x36,0x0B,0x00,0x66,0x0D,0x80,0x63,0xF8,0x80,0x01,0xF0,0x00,0x00,0x00,0x00}},
/*-- char: 慢 --*/
{{"\xC2\xFD"},{0x00,0x00,0x00,0x00,0x00,0x00,0x10,0x00,0x00,0x19,0xFF,0x00,0x19,0x83,0x00,0x19,0xFF,0x00,0x7D,0xBF,0x00,0x7D,0xFF,0x00,0x7F,0xFF,0x00,0x5B,0xFF,0x80,0xDB,0x6D,0x80,0x1B,0xFF,0x80,0x19,0xFF,0x80,0x1B,0xFF,0x00,0x1B,0xFF,0x00,0x18,0x66,0x00,0x18,0x3C,0x00,0x18,0xFE,0x00,0x1B,0xE7,0x80,0x13,0x00,0x80,0x00,0x00,0x00}},
/*-- char: 憔 --*/
{{"\xE3\xBE"},{0x00,0x00,0x00,0x00,0x00,0x00,0x10,0x40,0x00,0x18,0xCC,0x00,0x18,0xCC,0x00,0x1C,0xFF,0x80,0x7D,0xFF,0x80,0x7F,0x98,0x00,0x7F,0xFF,0x80,0x59,0x98,0x00,0xD9,0xFF,0x00,0x19,0xFF,0x00,0x19,0x98,0x00,0x19,0xFF,0x80,0x18,0xFF,0x80,0x19,0x09,0x00,0x19,0x6D,0x80,0x1B,0x6D,0x80,0x1B,0x64,0xC0,0x10,0x00,0x00,0x00,0x00,0x00}},
/*-- char: 懂 --*/
{{"\xB6\xAE"},{0x00,0x00,0x00,0x00,0x00,0x00,0x10,0x44,0x00,0x18,0xC6,0x00,0x1B,0xFF,0xC0,0x1C,0xCF,0x80,0x7D,0xFF,0x00,0x7F,0xF8,0x00,0x7B,0xFF,0xC0,0x59,0xFF,0x00,0xD9,0xFF,0x00,0x19,0xBB,0x80,0x19,0xFF,0x80,0x19,0xBB,0x80,0x19,0xFF,0x00,0x19,0xFF,0x80,0x19,0xFF,0x80,0x18,0x18,0x00,0x1B,0xFF,0xC0,0x10,0x00,0x00,0x00,0x00,0x00}},
/*-- char: 成 --*/
{{"\xB3\xC9"},{0x00,0x00,0x00,0x00,0x00,0x00,0x00,0x20,0x00,0x00,0x7E,0x00,0x00,0x37,0x00,0x3F,0xFF,0x80,0x3F,0xFF,0x80,0x30,0x30,0x00,0x30,0x31,0x00,0x3F,0xB3,0x00,0x3F,0xB3,0x00,0x31,0xB6,0x00,0x31,0xBE,0x00,0x31,0x9C,0x00,0x31,0x18,0x00,0x3F,0x38,0xC0,0x6F,0x7C,0x80,0x60,0xEF,0x80,0x61,0xC7,0x80,0x00,0x03,0x00,0x00,0x00,0x00}},
/*-- char: 我 --*/
{{"\xCE\xD2"},{0x00,0x00,0x00,0x00,0x00,0x00,0x00,0x20,0x00,0x07,0xB4,0x00,0x7F,0x36,0x00,0x7C,0x33,0x00,0x06,0x31,0x00,0x0E,0x30,0x00,0x7F,0xFF,0x80,0x7F,0xFF,0x80,0x04,0x31,0x00,0x06,0x93,0x00,0x1F,0xDE,0x00,0x7F,0x1C,0x00,0x64,0x1C,0x00,0x06,0x38,0x80,0x06,0x7C,0xC0,0x05,0xCE,0x80,0x3C,0x87,0x80,0x18,0x03,0x00,0x00,0x00,0x00}},
/*-- char: 或 --*/
{{"\xBB\xF2"},{0x00,0x00,0x00,0x00,0x00,0x00,0x00,0x20,0x00,0x00,0x36,0x00,0x00,0x33,0x00,0x7F,0xFF,0x80,0x7F,0xFF,0x80,0x00,0x30,0x00,0x3F,0x31,0x00,0x3F,0xB3,0x00,0x31,0xB3,0x00,0x31,0xB6,0x00,0x31,0x9E,0x00,0x3F,0x9C,0x00,0x00,0x18,0x00,0x03,0xB8,0xC0,0x7F,0xFC,0xC0,0x78,0xEF,0x80,0x01,0xC7,0x80,0x00,0x01,0x00,0x00,0x00,0x00}},
/*-- char: 战 --*/
{{"\xD5\xBD"},{0x00,0x00,0x00,0x00,0x00,0x00,0x08,0x18,0x00,0x0C,0x1A,0x00,0x0C,0x1B,0x00,0x0C,0x19,0x80,0x0F,0xD8,0x00,0x0F,0x9F,0x80,0x0C,0x7F,0x80,0x0C,0x78,0x80,0x3F,0x0D,0x80,0x7F,0x8D,0x80,0x61,0x8F,0x00,0x61,0x8F,0x00,0x61,0x8E,0x00,0x61,0x8C,0x80,0x7F,0x9E,0xC0,0x7F,0xF7,0x80,0x61,0xE3,0x80,0x00,0x01,0x00,0x00,0x00,0x00}},
/*-- char: 戴 --*/
{{"\xB4\xF7"},{0x00,0x00,0x00,0x00,0x00,0x00,0x06,0x10,0x00,0x06,0x1E,0x00,0x3F,0xDF,0x00,0x06,0x1B,0x00,0xFF,0xFF,0x80,0x7F,0xFF,0x80,0x3F,0xD8,0x00,0x7F,0xDB,0x00,0x3F,0xDB,0x00,0x66,0xDB,0x00,0x3F,0xDA,0x00,0x7F,0xCE,0x00,0x3F,0xCE,0x00,0x7F,0xEC,0x00,0x7F,0xDC,0x80,0x1B,0x3E,0x80,0x71,0xF3,0x80,0x00,0x01,0x00,0x00,0x00,0x00}},
/*-- char: 户 --*/
{{"\xBB\xA7"},{0x00,0x00,0x00,0x00,0x00,0x00,0x00,0x80,0x00,0x00,0xC0,0x00,0x00,0xC0,0x00,0x1F,0xFE,0x00,0x1F,0xFF,0x00,0x18,0x03,0x00,0x18,0x03,0x00,0x18,0x03,0x00,0x1F,0xFF,0x00,0x1F,0xFF,0x00,0x18,0x02,0x00,0x30,0x00,0x00,0x30,0x00,0x00,0x30,0x00,0x00,0x30,0x00,0x00,0x60,0x00,0x00,0x60,0x00,0x00,0x00,0x00,0x00,0x00,0x00,0x00}},
/*-- char: 房 --*/
{{"\xB7\xBF"},{0x00,0x00,0x00,0x00,0x00,0x00,0x00,0x00,0x00,0x3F,0xFF,0x80,0x7F,0xFF,0x80,0x00,0x00,0x00,0x3F,0xFF,0x00,0x30,0x03,0x00,0x30,0x03,0x00,0x3F,0xFF,0x00,0x30,0x60,0x00,0x3F,0xFF,0x80,0x3F,0xFF,0x80,0x31,0x80,0x00,0x31,0xFE,0x00,0x31,0xFF,0x00,0x63,0x02,0x00,0x66,0x06,0x00,0x5C,0x3E,0x00,0x00,0x1C,0x00,0x00,0x00,0x00}},
/*-- char: 所 --*/
{{"\xCB\xF9"},{0x00,0x00,0x00,0x00,0x00,0x00,0x00,0x00,0x00,0x7F,0x83,0x80,0x7F,0xBF,0x00,0x00,0x78,0x00,0x3F,0x60,0x00,0x7F,0xE0,0x00,0x61,0xFF,0x80,0x61,0xFF,0xC0,0x61,0xE3,0x00,0x7F,0xE3,0x00,0x7F,0x63,0x00,0x60,0x63,0x00,0x60,0x63,0x00,0x60,0xC3,0x00,0x60,0xC3,0x00,0x61,0x83,0x00,0xC1,0x83,0x00,0x00,0x02,0x00,0x00,0x00,0x00}},
/*-- char: 扁 --*/
{{"\xB1\xE2"},{0x00,0x00,0x00,0x00,0x00,0x00,0x00,0x06,0x00,0x3F,0xFE,0x00,0x3F,0xE0,0x00,0x30,0x00,0x00,0x3F,0xFF,0x00,0x30,0x03,0x00,0x30,0x03,0x00,0x3F,0xFF,0x00,0x30,0x00,0x00,0x37,0xFF,0x00,0x3F,0xFF,0x00,0x3C,0x99,0x00,0x3F,0xFF,0x00,0x2F,0xFF,0x00,0x6D,0x99,0x00,0x6D,0x99,0x00,0x4D,0x9F,0x00,0x0C,0x82,0x00,0x00,0x00,0x00}},
/*-- char: 手 --*/
{{"\xCA\xD6"},{0x00,0x00,0x00,0x00,0x00,0x00,0x00,0x00,0x00,0x01,0xFE,0x00,0x3F,0xF8,0x00,0x38,0xC0,0x00,0x00,0xC0,0x00,0x3F,0xFF,0x00,0x3F,0xFF,0x00,0x00,0xC0,0x00,0x00,0xC0,0x00,0x00,0xC0,0x00,0x7F,0xFF,0x80,0x7F,0xFF,0x80,0x00,0xC0,0x00,0x00,0xC0,0x00,0x00,0xC0,0x00,0x00,0xC0,0x00,0x0F,0xC0,0x00,0x07,0x00,0x00,0x00,0x00,0x00}},
/*-- char: 才 --*/
{{"\xB2\xC5"},{0x00,0x00,0x00,0x00,0x00,0x00,0x00,0x40,0x00,0x00,0xC0,0x00,0x00,0xC0,0x00,0x00,0xC0,0x00,0x7F,0xFF,0x80,0x7F,0xFF,0x80,0x00,0xC2,0x00,0x00,0xCE,0x00,0x00,0xDC,0x00,0x00,0xF8,0x00,0x01,0xE0,0x00,0x07,0xC0,0x00,0x1E,0xC0,0x00,0x78,0xC0,0x00,0x40,0xC0,0x00,0x00,0xC0,0x00,0x07,0xC0,0x00,0x03,0x80,0x00,0x00,0x00,0x00}},
/*-- char: 扑 --*/
{{"\xC6\xCB"},{0x00,0x00,0x00,0x00,0x00,0x00,0x08,0x10,0x00,0x0C,0x30,0x00,0x08,0x30,0x00,0x08,0x30,0x00,0x7F,0x30,0x00,0x7F,0x30,0x00,0x08,0x30,0x00,0x08,0x3C,0x00,0x09,0x3E,0x00,0x1F,0x33,0x80,0x7E,0x31,0x80,0x78,0x30,0x00,0x08,0x30,0x00,0x08,0x30,0x00,0x08,0x30,0x00,0x08,0x30,0x00,0x78,0x30,0x00,0x30,0x10,0x00,0x00,0x00,0x00}},
/*-- char: 打 --*/
{{"\xB4\xF2"},{0x00,0x00,0x00,0x00,0x00,0x00,0x08,0x00,0x00,0x18,0x00,0x00,0x19,0xFF,0xC0,0x18,0xFF,0x80,0x7F,0x0C,0x00,0x7F,0x0C,0x00,0x18,0x0C,0x00,0x18,0x0C,0x00,0x1B,0x0C,0x00,0x1F,0x0C,0x00,0x7C,0x0C,0x00,0x58,0x0C,0x00,0x18,0x0C,0x00,0x18,0x0C,0x00,0x18,0x0C,0x00,0x18,0x0C,0x00,0x78,0x7C,0x00,0x30,0x38,0x00,0x00,0x00,0x00}},
/*-- char: 托 --*/
{{"\xCD\xD0"},{0x00,0x00,0x00,0x00,0x00,0x00,0x18,0x00,0x00,0x18,0x0F,0x00,0x18,0xFE,0x00,0x19,0xF8,0x00,0x7E,0x18,0x00,0x7E,0x18,0x00,0x18,0x18,0x00,0x18,0x1B,0x80,0x1A,0xFF,0x80,0x1F,0xF8,0x00,0x78,0x18,0x00,0x58,0x18,0x00,0x18,0x18,0x00,0x18,0x18,0x80,0x18,0x18,0xC0,0x18,0x1F,0x80,0x78,0x1F,0x80,0x20,0x00,0x00,0x00,0x00,0x00}},
/*-- char: 找 --*/
{{"\xD5\xD2"},{0x00,0x00,0x00,0x00,0x00,0x00,0x18,0x20,0x00,0x18,0x6C,0x00,0x18,0x66,0x00,0x18,0x63,0x00,0x7E,0x20,0x00,0x7F,0xFF,0x80,0x19,0xFF,0x00,0x18,0x30,0x00,0x1A,0x33,0x00,0x1E,0x33,0x00,0x78,0x36,0x00,0x58,0x1C,0x00,0x18,0x18,0x00,0x18,0x38,0xC0,0x18,0xFC,0xC0,0x19,0xCF,0x80,0x79,0x87,0x80,0x20,0x01,0x00,0x00,0x00,0x00}},
/*-- char: 把 --*/
{{"\xB0\xD1"},{0x00,0x00,0x00,0x00,0x00,0x00,0x10,0x00,0x00,0x19,0xFF,0x00,0x19,0xFF,0x80,0x19,0x99,0x80,0x7F,0x99,0x80,0x7D,0x99,0x80,0x19,0x99,0x80,0x19,0x99,0x80,0x19,0xFF,0x80,0x3F,0xFF,0x80,0x79,0x81,0x80,0x59,0x81,0x00,0x19,0x80,0x00,0x19,0x80,0xC0,0x19,0x80,0xC0,0x19,0xFF,0x80,0x78,0xFF,0x80,0x20,0x00,0x00,0x00,0x00,0x00}},
/*-- char: 抓 --*/
{{"\xD7\xA5"},{0x00,0x00,0x00,0x00,0x00,0x00,0x10,0x00,0x00,0x18,0x07,0x00,0x19,0xFF,0x00,0x19,0xF3,0x00,0xFF,0x93,0x00,0x7F,0xB3,0x00,0x19,0xB3,0x00,0x19,0x93,0x00,0x19,0x93,0x00,0x1F,0xB3,0x00,0xF9,0xB3,0x00,0x59,0xB3,0x00,0x19,0x31,0x80,0x1B,0x31,0x80,0x1B,0x11,0x80,0x1B,0x31,0xC0,0x7E,0x10,0xC0,0x30,0x00,0x00,0x00,0x00,0x00}},
/*-- char: 抬 --*/
{{"\xCC\xA7"},{0x00,0x00,0x00,0x00,0x00,0x00,0x18,0x00,0x00,0x18,0x30,0x00,0x18,0x20,0x00,0x18,0x60,0x00,0x7E,0x66,0x00,0x7E,0xC3,0x00,0x18,0xFF,0x80,0x1B,0xFF,0x80,0x1B,0x00,0xC0,0x1E,0x00,0x00,0xF9,0xFF,0x00,0x59,0xFF,0x00,0x19,0x83,0x00,0x19,0x83,0x00,0x19,0x83,0x00,0x19,0xFF,0x00,0x79,0xFF,0x00,0x30,0x81,0x00,0x00,0x00,0x00}},
/*-- char: 抱 --*/
{{"\xB1\xA7"},{0x00,0x00,0x00,0x00,0x00,0x00,0x10,0x40,0x00,0x18,0xC0,0x00,0x18,0xC0,0x00,0x18,0xFF,0x80,0x7D,0xBF,0x80,0x7F,0x01,0x80,0x1B,0xF9,0x80,0x18,0x99,0x80,0x18,0x09,0x80,0x1E,0x19,0x80,0xF9,0xF9,0x80,0x59,0xBF,0x00,0x19,0x87,0x00,0x19,0x80,0x00,0x19,0x80,0xC0,0x19,0x81,0x80,0x79,0xFF,0x80,0x20,0x7F,0x00,0x00,0x00,0x00}},
/*-- char: 拣 --*/
{{"\xBC\xF0"},{0x00,0x00,0x00,0x00,0x00,0x00,0x10,0x20,0x00,0x18,0x20,0x00,0x19,0xFF,0x80,0x1B,0xFF,0x80,0xFC,0x60,0x00,0x7D,0xF0,0x00,0x1B,0xF8,0x00,0x18,0xD8,0x00,0x1D,0x98,0x00,0x3F,0xFF,0x80,0xF9,0xFF,0x80,0x58,0x18,0x00,0x18,0xDB,0x00,0x19,0x9B,0x00,0x19,0x99,0x80,0x1B,0x18,0x80,0x72,0x78,0x00,0x60,0x70,0x00,0x00,0x00,0x00}},
/*-- char: 拭 --*/
{{"\xCA\xC3"},{0x00,0x00,0x00,0x00,0x00,0x00,0x10,0x00,0x00,0x18,0x0F,0x00,0x18,0x0D,0x80,0x18,0x0C,0x80,0x7F,0xFF,0x80,0x7F,0xFF,0x80,0x18,0x0C,0x00,0x18,0x0C,0x00,0x19,0xFC,0x00,0x3F,0xFC,0x00,0x78,0x66,0x00,0x58,0x66,0x00,0x18,0x66,0x00,0x18,0x66,0x80,0x19,0xFE,0xC0,0x1B,0xE3,0x80,0x70,0x03,0x80,0x20,0x01,0x00,0x00,0x00,0x00}},
/*-- char: 持 --*/
{{"\xB3\xD6"},{0x00,0x00,0x00,0x00,0x00,0x00,0x10,0x18,0x00,0x18,0x18,0x00,0x18,0x18,0x00,0x19,0xFF,0x80,0xFC,0xFF,0x00,0x7C,0x18,0x00,0x1B,0xFF,0x80,0x1B,0xFF,0xC0,0x1C,0x02,0x00,0x3F,0xFF,0x80,0xFB,0xFF,0x80,0x58,0xC6,0x00,0x18,0xC6,0x00,0x18,0x66,0x00,0x18,0x66,0x00,0x18,0x06,0x00,0x70,0x1E,0x00,0x20,0x0C,0x00,0x00,0x00,0x00}},
/*-- char: 指 --*/
{{"\xD6\xB8"},{0x00,0x00,0x00,0x00,0x00,0x00,0x18,0x80,0x00,0x18,0xC0,0x00,0x18,0xCF,0x00,0x18,0xFE,0x00,0x7E,0xE0,0x80,0x7E,0xC0,0x80,0x18,0xFF,0x80,0x18,0xFF,0x80,0x1A,0x00,0x00,0x3E,0xFF,0x80,0xF8,0xFF,0x80,0x58,0x81,0x80,0x18,0xFF,0x80,0x18,0xFF,0x80,0x18,0x81,0x80,0x18,0xFF,0x80,0x78,0xFF,0x80,0x30,0x81,0x00,0x00,0x00,0x00}},
/*-- char: 挡 --*/
{{"\xB5\xB2"},{0x00,0x00,0x00,0x00,0x00,0x00,0x10,0x00,0x00,0x18,0x18,0x00,0x19,0x99,0x80,0x19,0x99,0x00,0x7E,0xDB,0x00,0x7E,0xDB,0x00,0x18,0x1A,0x00,0x19,0xFF,0x80,0x1B,0xFF,0x80,0x3E,0x01,0x80,0xF8,0x01,0x80,0x59,0xFF,0x80,0x18,0xFF,0x80,0x18,0x01,0x80,0x19,0xFF,0x80,0x1B,0xFF,0x80,0x78,0x01,0x80,0x30,0x00,0x00,0x00,0x00,0x00}},
/*-- char: 挪 --*/
{{"\xC5\xB2"},{0x00,0x00,0x00,0x00,0x00,0x00,0x10,0x00,0x00,0x13,0xE7,0x80,0x13,0xFF,0x80,0x11,0xBD,0x80,0xFD,0xBD,0x80,0x7F,0xFD,0x80,0x13,0xFD,0x00,0x11,0xBD,0x00,0x1D,0xBD,0x80,0x3D,0xBD,0x80,0xFF,0xFC,0x80,0x13,0xFC,0xC0,0x19,0x2C,0xC0,0x1B,0x2F,0x80,0x1B,0x2D,0x00,0x12,0x6C,0x00,0x76,0xEC,0x00,0x60,0xC4,0x00,0x00,0x00,0x00}},
/*-- char: 挽 --*/
{{"\xCD\xEC"},{0x00,0x00,0x00,0x00,0x00,0x00,0x10,0x20,0x00,0x18,0x60,0x00,0x18,0xFC,0x00,0x18,0xFC,0x00,0x7D,0x8C,0x00,0x7F,0xFF,0x80,0x1B,0xFF,0x80,0x19,0x99,0x80,0x19,0x99,0x80,0x3D,0xB9,0x80,0x79,0xFF,0x80,0x58,0x38,0x00,0x18,0x38,0x00,0x18,0x78,0x00,0x18,0xF8,0xC0,0x19,0xD8,0xC0,0x77,0x0F,0x80,0x60,0x00,0x00,0x00,0x00,0x00}},
/*-- char: 据 --*/
{{"\xBE\xDD"},{0x00,0x00,0x00,0x00,0x00,0x00,0x10,0x00,0x00,0x19,0xFF,0x80,0x19,0xFF,0x80,0x19,0x81,0x80,0xFF,0x81,0x80,0x7F,0xFF,0x80,0x19,0x9D,0x00,0x19,0x8C,0x00,0x19,0xFF,0xC0,0x3F,0xFF,0x80,0xF9,0x88,0x00,0x79,0xFF,0x80,0x1B,0xFF,0x80,0x1B,0xC1,0x80,0x1B,0xC1,0x80,0x1A,0xFF,0x80,0x76,0xFF,0x80,0x60,0x40,0x00,0x00,0x00,0x00}},
/*-- char: 捶 --*/
{{"\xB4\xB7"},{0x00,0x00,0x00,0x00,0x00,0x00,0x10,0x00,0x00,0x18,0x7F,0x80,0x1B,0xFE,0x00,0x18,0x10,0x00,0xFC,0x18,0x00,0x7F,0xFF,0x80,0x19,0xDB,0x00,0x10,0x93,0x00,0x1F,0xFF,0xC0,0x7F,0xFF,0x80,0xF0,0x93,0x00,0x19,0xDB,0x00,0x1B,0xFF,0x80,0x18,0x38,0x00,0x18,0x10,0x00,0x1B,0xFF,0x80,0x73,0xFF,0xC0,0x60,0x00,0x00,0x00,0x00,0x00}},
/*-- char: 探 --*/
{{"\xCC\xBD"},{0x00,0x00,0x00,0x00,0x00,0x00,0x10,0x00,0x00,0x19,0xFF,0x80,0x1B,0xFF,0x80,0x1B,0x6D,0x80,0xFF,0x6D,0x80,0x7C,0x6C,0x80,0x18,0xCC,0xC0,0x1B,0x8F,0x80,0x1F,0x18,0x00,0x7C,0x18,0x00,0xFB,0xFF,0x80,0x19,0xFD,0x80,0x18,0x7C,0x00,0x18,0xDE,0x00,0x19,0x9B,0x00,0x1B,0x19,0xC0,0x72,0x18,0x00,0x60,0x10,0x00,0x00,0x00,0x00}},
/*-- char: 接 --*/
{{"\xBD\xD3"},{0x00,0x00,0x00,0x00,0x00,0x00,0x10,0x10,0x00,0x18,0x18,0x00,0x19,0xFF,0x80,0x1B,0xFF,0x80,0x7E,0xC6,0x00,0x7C,0x46,0x00,0x18,0x6E,0x80,0x1B,0xFF,0xC0,0x1A,0x30,0x00,0x1E,0x70,0x00,0xFB,0xFF,0xC0,0x58,0xC6,0x00,0x18,0xC6,0x00,0x19,0xFC,0x00,0x18,0x3C,0x00,0x18,0xFF,0x00,0x7B,0xE3,0x80,0x22,0x00,0x00,0x00,0x00,0x00}},
/*-- char: 控 --*/
{{"\xBF\xD8"},{0x00,0x00,0x00,0x00,0x00,0x00,0x10,0x10,0x00,0x18,0x18,0x00,0x1B,0xFF,0x80,0x1B,0xFF,0x80,0xFF,0x6C,0x80,0x7F,0x6C,0x80,0x18,0x6C,0x80,0x18,0xCF,0x80,0x1F,0x87,0x80,0x7C,0x00,0x00,0xF9,0xFF,0x80,0x19,0xFF,0x80,0x18,0x18,0x00,0x18,0x18,0x00,0x18,0x18,0x00,0x1B,0xFF,0x80,0x73,0xFF,0xC0,0x60,0x00,0x00,0x00,0x00,0x00}},
/*-- char: 推 --*/
{{"\xCD\xC6"},{0x00,0x00,0x00,0x00,0x00,0x00,0x10,0x40,0x00,0x18,0x66,0x00,0x18,0xCC,0x00,0x18,0xCC,0x00,0x7D,0xFF,0x80,0x7F,0xFF,0x80,0x1B,0x8C,0x00,0x1B,0xFF,0x80,0x18,0xFF,0x80,0x3E,0x8C,0x00,0xF9,0x8C,0x00,0x59,0xFF,0x80,0x19,0xFF,0x80,0x19,0x8C,0x00,0x19,0x8C,0x00,0x19,0xFF,0xC0,0x79,0xFF,0xC0,0x20,0x80,0x00,0x00,0x00,0x00}},
/*-- char: 掩 --*/
{{"\xD1\xDA"},{0x00,0x00,0x00,0x00,0x00,0x00,0x10,0x10,0x00,0x10,0x30,0x00,0x11,0xF7,0x80,0x13,0xFF,0xC0,0xFC,0x66,0x00,0x7C,0xD6,0x00,0x11,0x93,0x00,0x13,0xFF,0x80,0x13,0xFF,0x80,0x3D,0x9B,0x00,0xF9,0xFF,0x00,0x51,0x9B,0x00,0x11,0xFF,0x00,0x11,0xFF,0x00,0x11,0x90,0x80,0x10,0x18,0xC0,0x70,0x1F,0x80,0x60,0x0F,0x00,0x00,0x00,0x00}},
/*-- char: 提 --*/
{{"\xCC\xE1"},{0x00,0x00,0x00,0x00,0x00,0x00,0x10,0x00,0x00,0x19,0xFF,0x00,0x19,0xFF,0x00,0x19,0xFF,0x00,0xFD,0xFF,0x00,0xFD,0x83,0x00,0x19,0xFF,0x00,0x18,0x00,0x00,0x1B,0xFF,0x80,0x3F,0xFF,0x80,0xF8,0x98,0x00,0x71,0x98,0x00,0x19,0x9F,0x00,0x19,0x98,0x00,0x1B,0xD8,0x00,0x1B,0x78,0x00,0x76,0x3F,0xC0,0x60,0x03,0x80,0x00,0x00,0x00}},
/*-- char: 插 --*/
{{"\xB2\xE5"},{0x00,0x00,0x00,0x00,0x00,0x00,0x10,0x00,0x00,0x18,0x7F,0x00,0x19,0xFF,0x00,0x18,0x18,0x00,0xFF,0xFF,0x80,0x7F,0xFF,0x80,0x18,0x18,0x00,0x18,0x78,0x00,0x1F,0xFF,0x80,0x3F,0x19,0x80,0xFB,0x19,0x80,0x1B,0xFF,0x80,0x1B,0xFF,0x80,0x1B,0x19,0x80,0x1B,0x19,0x80,0x1B,0xFF,0x80,0x73,0xFF,0x80,0x61,0x00,0x80,0x00,0x00,0x00}},
/*-- char: 搀 --*/
{{"\xB2\xF3"},{0x00,0x00,0x00,0x00,0x00,0x00,0x10,0x20,0x00,0x18,0x60,0x00,0x18,0xFE,0x00,0x19,0x8C,0x00,0x7F,0xFF,0x80,0x7F,0xFF,0x80,0x19,0x99,0x80,0x19,0xFF,0x80,0x18,0x3C,0x00,0x1C,0x6C,0x80,0x79,0xCF,0xC0,0x7B,0xAF,0x80,0x1A,0x78,0x00,0x18,0x0C,0x00,0x19,0xE0,0x00,0x18,0xF8,0x00,0x70,0x0E,0x00,0x20,0x02,0x00,0x00,0x00,0x00}},
/*-- char: 摔 --*/
{{"\xCB\xA4"},{0x00,0x00,0x00,0x00,0x00,0x00,0x10,0x00,0x00,0x18,0x10,0x00,0x18,0x38,0x00,0x13,0xFF,0x80,0xFC,0xB2,0x00,0x7D,0xB3,0x00,0x13,0x69,0x80,0x10,0x78,0x00,0x1D,0xBF,0x00,0x7F,0xBD,0x80,0xFB,0x7E,0x80,0x10,0x10,0x00,0x13,0xFF,0xC0,0x13,0xFF,0x80,0x18,0x10,0x00,0x18,0x10,0x00,0x70,0x10,0x00,0x60,0x10,0x00,0x00,0x00,0x00}},
/*-- char: 攀 --*/
{{"\xC5\xCA"},{0x00,0x00,0x00,0x00,0x00,0x00,0x08,0x04,0x00,0x19,0xE6,0x00,0x7F,0xFF,0x80,0x7F,0xFF,0x80,0x3D,0x6F,0x00,0x7F,0xDF,0x80,0x59,0xF6,0x80,0x1B,0x26,0x00,0x7F,0xFF,0x80,0x7F,0xFF,0x80,0x0F,0xFC,0x00,0x3B,0xE7,0x00,0x6F,0xFD,0x80,0x0F,0xFC,0x00,0x3F,0xFF,0x00,0x00,0xC0,0x00,0x03,0xC0,0x00,0x03,0x80,0x00,0x00,0x00,0x00}},
/*-- char: 支 --*/
{{"\xD6\xA7"},{0x00,0x00,0x00,0x00,0x00,0x00,0x00,0xC0,0x00,0x00,0xC0,0x00,0x00,0xC0,0x00,0x7F,0xFF,0x80,0x7F,0xFF,0x80,0x00,0xC0,0x00,0x00,0xC0,0x00,0x3F,0xFC,0x00,0x3F,0xFE,0x00,0x0C,0x0E,0x00,0x0C,0x0C,0x00,0x06,0x18,0x00,0x03,0x30,0x00,0x01,0xE0,0x00,0x03,0xF0,0x00,0x1F,0x3E,0x00,0x7C,0x0F,0x80,0x00,0x01,0x00,0x00,0x00,0x00}},
/*-- char: 放 --*/
{{"\xB7\xC5"},{0x00,0x00,0x00,0x00,0x00,0x00,0x08,0x10,0x00,0x0C,0x30,0x00,0x0C,0x30,0x00,0x7F,0xB0,0x00,0xFF,0xBF,0xC0,0x18,0x7F,0x80,0x10,0x63,0x00,0x1F,0xF3,0x00,0x1F,0xF3,0x00,0x13,0x96,0x00,0x13,0x1E,0x00,0x33,0x1C,0x00,0x33,0x0C,0x00,0x33,0x1C,0x00,0x33,0x36,0x00,0x63,0x63,0x80,0xCF,0xC1,0x80,0x04,0x00,0x00,0x00,0x00,0x00}},
/*-- char: 政 --*/
{{"\xD5\xFE"},{0x00,0x00,0x00,0x00,0x00,0x00,0x00,0x10,0x00,0x00,0x18,0x00,0x7F,0xB0,0x00,0x7F,0xB0,0x00,0x0C,0x3F,0xC0,0x0C,0x7F,0x80,0x6C,0x63,0x00,0x6F,0xF3,0x00,0x6F,0xF3,0x00,0x6C,0x12,0x00,0x6C,0x1E,0x00,0x6C,0x1E,0x00,0x6C,0x8C,0x00,0x7F,0xDC,0x00,0x7E,0x3E,0x00,0x60,0x73,0x00,0x00,0xE1,0x80,0x00,0x00,0x00,0x00,0x00,0x00}},
/*-- char: 敏 --*/
{{"\xC3\xF4"},{0x00,0x00,0x00,0x00,0x00,0x00,0x10,0x00,0x00,0x30,0x18,0x00,0x34,0x98,0x00,0x3F,0xD8,0x00,0x60,0x3F,0xC0,0x7F,0xBF,0x80,0xFF,0xB1,0x00,0x35,0xF3,0x00,0x25,0xFB,0x00,0x7F,0xDB,0x00,0xFF,0xDE,0x00,0x2D,0x8E,0x00,0x6D,0x8C,0x00,0x7F,0xCE,0x00,0x7F,0xDE,0x00,0x41,0xB3,0x80,0x0F,0x61,0x80,0x06,0x00,0x00,0x00,0x00,0x00}},
/*-- char: 散 --*/
{{"\xC9\xA2"},{0x00,0x00,0x00,0x00,0x00,0x00,0x13,0x00,0x00,0x13,0x18,0x00,0x3B,0x18,0x00,0x7F,0xD0,0x00,0x33,0x3F,0xC0,0x13,0x3F,0x80,0xFF,0xF3,0x00,0x7F,0xF3,0x00,0x3F,0x7B,0x00,0x3F,0xDA,0x00,0x31,0x9E,0x00,0x3F,0x8E,0x00,0x31,0x8C,0x00,0x3F,0x8E,0x00,0x3F,0x9E,0x00,0x31,0xB3,0x80,0x37,0xE1,0x80,0x23,0x00,0x00,0x00,0x00,0x00}},
/*-- char: 数 --*/
{{"\xCA\xFD"},{0x00,0x00,0x00,0x00,0x00,0x00,0x04,0x00,0x00,0x6D,0x98,0x00,0x3D,0x98,0x00,0x3F,0x30,0x00,0xFF,0xFF,0xC0,0x1E,0x3F,0x80,0x1F,0x33,0x00,0x7D,0xF3,0x00,0x6C,0xFB,0x00,0x18,0x5A,0x00,0xFF,0xDE,0x00,0x7F,0xCE,0x00,0x33,0x0C,0x00,0x7F,0x1E,0x00,0x1E,0x3F,0x00,0x1F,0xF3,0x80,0x79,0xE1,0x80,0x00,0x00,0x00,0x00,0x00,0x00}},
/*-- char: 整 --*/
{{"\xD5\xFB"},{0x00,0x00,0x00,0x00,0x00,0x00,0x04,0x00,0x00,0x7F,0x98,0x00,0x7F,0xDF,0x80,0x3F,0xBF,0x80,0x7F,0xF3,0x00,0x6D,0xFB,0x00,0x7F,0x8E,0x00,0x1F,0x0E,0x00,0x3F,0xBF,0x00,0x6C,0xE1,0x80,0x3F,0xFF,0x00,0x3F,0xFF,0x00,0x08,0xC0,0x00,0x18,0xFE,0x00,0x08,0xFE,0x00,0x1C,0xC0,0x00,0x7F,0xFF,0xC0,0x00,0x00,0x00,0x00,0x00,0x00}},
/*-- char: 文 --*/
{{"\xCE\xC4"},{0x00,0x00,0x00,0x00,0x00,0x00,0x00,0xC0,0x00,0x00,0xC0,0x00,0x00,0xC0,0x00,0x7F,0xFF,0x80,0x7F,0xFF,0xC0,0x1C,0x0C,0x00,0x0C,0x0C,0x00,0x0C,0x0C,0x00,0x06,0x18,0x00,0x07,0x30,0x00,0x03,0x30,0x00,0x01,0xE0,0x00,0x01,0xE0,0x00,0x03,0xF0,0x00,0x0F,0x3C,0x00,0x3C,0x1F,0x00,0x78,0x07,0x80,0x00,0x00,0x00,0x00,0x00,0x00}},
/*-- char: 料 --*/
{{"\xC1\xCF"},{0x00,0x00,0x00,0x00,0x00,0x00,0x08,0x02,0x00,0x18,0x06,0x00,0x5B,0x66,0x00,0x7B,0x36,0x00,0x7E,0x1E,0x00,0x3E,0x06,0x00,0x7F,0x46,0x00,0x7F,0xE6,0x00,0x1C,0x36,0x00,0x1C,0x16,0x00,0x3E,0x07,0x80,0x3B,0x3F,0xC0,0x7B,0xFE,0x00,0x58,0xC6,0x00,0x58,0x06,0x00,0x18,0x06,0x00,0x18,0x06,0x00,0x08,0x02,0x00,0x00,0x00,0x00}},
/*-- char: 斜 --*/
{{"\xD0\xB1"},{0x00,0x00,0x00,0x00,0x00,0x00,0x0C,0x03,0x00,0x0E,0x03,0x00,0x1B,0x33,0x00,0x39,0x9B,0x00,0x30,0x8F,0x00,0x7F,0x83,0x00,0xFF,0xA3,0x00,0x0C,0x33,0x00,0x7F,0x9B,0x00,0x7F,0xCB,0x00,0x0C,0x03,0xC0,0x2D,0x1F,0xC0,0x2D,0xFF,0x00,0x6C,0xC3,0x00,0x6C,0xC3,0x00,0x4C,0x03,0x00,0x1C,0x03,0x00,0x18,0x02,0x00,0x00,0x00,0x00}},
/*-- char: 新 --*/
{{"\xD0\xC2"},{0x00,0x00,0x00,0x00,0x00,0x00,0x0C,0x00,0x00,0x0C,0x07,0x80,0x7F,0xBF,0x00,0x7F,0xB0,0x00,0x33,0x20,0x00,0x33,0x30,0x00,0x7F,0xFF,0x80,0x7F,0xFF,0xC0,0x0C,0x33,0x00,0x0C,0x23,0x00,0x7F,0xE3,0x00,0x1C,0x63,0x00,0x1E,0x63,0x00,0x3F,0x63,0x00,0x6D,0xE3,0x00,0x4C,0xC3,0x00,0x0D,0x83,0x00,0x04,0x02,0x00,0x00,0x00,0x00}},
/*-- char: 方 --*/
{{"\xB7\xBD"},{0x00,0x00,0x00,0x00,0x00,0x00,0x00,0xC0,0x00,0x00,0xC0,0x00,0x00,0xC0,0x00,0x7F,0xFF,0x80,0x7F,0xFF,0x80,0x03,0x00,0x00,0x03,0x00,0x00,0x03,0x00,0x00,0x03,0xFE,0x00,0x03,0xFE,0x00,0x06,0x06,0x00,0x06,0x06,0x00,0x06,0x06,0x00,0x0C,0x06,0x00,0x1C,0x06,0x00,0x38,0x0C,0x00,0x70,0xFC,0x00,0x00,0x78,0x00,0x00,0x00,0x00}},
/*-- char: 旅 --*/
{{"\xC2\xC3"},{0x00,0x00,0x00,0x00,0x00,0x00,0x08,0x20,0x00,0x0C,0x30,0x00,0x0C,0x60,0x00,0x7F,0x7F,0x80,0xFF,0xFF,0x80,0x11,0xC3,0x00,0x11,0x8E,0x00,0x1F,0x7C,0x00,0x1F,0xEC,0x80,0x13,0x6D,0x80,0x33,0x6F,0x00,0x33,0x66,0x00,0x33,0x66,0x00,0x33,0x66,0x00,0x23,0x63,0x00,0x63,0x61,0x80,0xCE,0x61,0x80,0x0C,0x20,0x00,0x00,0x00,0x00}},
/*-- char: 旋 --*/
{{"\xD0\xFD"},{0x00,0x00,0x00,0x00,0x00,0x00,0x08,0x20,0x00,0x18,0x60,0x00,0x08,0x60,0x00,0x7F,0x7F,0xC0,0xFF,0xFF,0x80,0x31,0x80,0x00,0x30,0xFF,0x80,0x3E,0x7F,0x80,0x3F,0x09,0x80,0x33,0x49,0x00,0x32,0x6F,0x80,0x32,0x4F,0x80,0x32,0x48,0x00,0x36,0xE8,0x00,0x66,0xF8,0x00,0x66,0xFC,0x00,0xDF,0x9F,0xC0,0x0C,0x03,0x80,0x00,0x00,0x00}},
/*-- char: 无 --*/
{{"\xCE\xDE"},{0x00,0x00,0x00,0x00,0x00,0x00,0x00,0x00,0x00,0x3F,0xFF,0x00,0x3F,0xFF,0x00,0x00,0xC0,0x00,0x00,0xC0,0x00,0x00,0xC0,0x00,0x00,0xC0,0x00,0x7F,0xFF,0x80,0x7F,0xFF,0x80,0x01,0xE0,0x00,0x01,0xE0,0x00,0x01,0xE0,0x00,0x03,0x60,0x00,0x07,0x60,0x80,0x0E,0x60,0xC0,0x3C,0x61,0x80,0x70,0x7F,0x80,0x40,0x3F,0x00,0x00,0x00,0x00}},
/*-- char: 日 --*/
{{"\xC8\xD5"},{0x00,0x00,0x00,0x00,0x00,0x00,0x00,0x00,0x00,0x00,0x00,0x00,0x1F,0xFE,0x00,0x1F,0xFE,0x00,0x18,0x06,0x00,0x18,0x06,0x00,0x18,0x06,0x00,0x18,0x06,0x00,0x1F,0xFE,0x00,0x1F,0xFE,0x00,0x18,0x06,0x00,0x18,0x06,0x00,0x18,0x06,0x00,0x18,0x06,0x00,0x1F,0xFE,0x00,0x1F,0xFE,0x00,0x18,0x06,0x00,0x00,0x00,0x00,0x00,0x00,0x00}},
/*-- char: 早 --*/
{{"\xD4\xE7"},{0x00,0x00,0x00,0x00,0x00,0x00,0x00,0x00,0x00,0x1F,0xFE,0x00,0x3F,0xFF,0x00,0x30,0x02,0x00,0x3F,0xFE,0x00,0x3F,0xFE,0x00,0x30,0x02,0x00,0x3F,0xFE,0x00,0x3F,0xFE,0x00,0x00,0xC0,0x00,0x00,0xC0,0x00,0x7F,0xFF,0x80,0x7F,0xFF,0xC0,0x00,0xC0,0x00,0x00,0xC0,0x00,0x00,0xC0,0x00,0x00,0xC0,0x00,0x00,0xC0,0x00,0x00,0x00,0x00}},
/*-- char: 时 --*/
{{"\xCA\xB1"},{0x00,0x00,0x00,0x00,0x00,0x00,0x00,0x02,0x00,0x00,0x06,0x00,0x7E,0x06,0x00,0x7E,0x06,0x00,0x62,0xFF,0xC0,0x62,0xFF,0xC0,0x62,0x06,0x00,0x7E,0x46,0x00,0x7E,0x66,0x00,0x62,0x36,0x00,0x62,0x36,0x00,0x62,0x16,0x00,0x7E,0x06,0x00,0x7E,0x06,0x00,0x60,0x06,0x00,0x60,0x06,0x00,0x00,0x3E,0x00,0x00,0x1C,0x00,0x00,0x00,0x00}},
/*-- char: 明 --*/
{{"\xC3\xF7"},{0x00,0x00,0x00,0x00,0x00,0x00,0x00,0x00,0x00,0x3E,0x7F,0x80,0x7F,0x7F,0x80,0x63,0x61,0x80,0x63,0x61,0x80,0x63,0x7F,0x80,0x7F,0x7F,0x80,0x7E,0x61,0x80,0x63,0x61,0x80,0x63,0x61,0x80,0x63,0x7F,0x80,0x7E,0x7F,0x80,0x7E,0xC1,0x80,0x60,0xC1,0x80,0x61,0x81,0x80,0x03,0x81,0x80,0x03,0x0F,0x80,0x00,0x06,0x00,0x00,0x00,0x00}},
/*-- char: 昏 --*/
{{"\xBB\xE8"},{0x00,0x00,0x00,0x00,0x00,0x00,0x00,0x00,0x00,0x03,0xFE,0x00,0x1F,0xF8,0x00,0x18,0x60,0x00,0x1F,0xFF,0x80,0x1F,0xFF,0x80,0x18,0x30,0x00,0x18,0xF8,0x80,0x7F,0xDC,0x80,0x7E,0x07,0x80,0x1F,0xFF,0x00,0x1F,0xFE,0x00,0x18,0x06,0x00,0x1F,0xFE,0x00,0x18,0x06,0x00,0x1F,0xFE,0x00,0x1F,0xFE,0x00,0x08,0x00,0x00,0x00,0x00,0x00}},
/*-- char: 易 --*/
{{"\xD2\xD7"},{0x00,0x00,0x00,0x00,0x00,0x00,0x00,0x00,0x00,0x1F,0xFE,0x00,0x1F,0xFE,0x00,0x18,0x06,0x00,0x1F,0xFE,0x00,0x1F,0xFE,0x00,0x18,0x06,0x00,0x1F,0xFE,0x00,0x1F,0xFE,0x00,0x0E,0x00,0x00,0x1F,0xFF,0x00,0x3F,0xFB,0x00,0x73,0x33,0x00,0x46,0x33,0x00,0x0C,0x63,0x00,0x18,0xC3,0x00,0x31,0xDE,0x00,0x00,0x1C,0x00,0x00,0x00,0x00}},
/*-- char: 是 --*/
{{"\xCA\xC7"},{0x00,0x00,0x00,0x00,0x00,0x00,0x00,0x00,0x00,0x1F,0xFE,0x00,0x1F,0xFE,0x00,0x18,0x06,0x00,0x1F,0xFE,0x00,0x18,0x06,0x00,0x1F,0xFE,0x00,0x0F,0xFC,0x00,0x7F,0xFF,0x80,0x7F,0xFF,0x80,0x08,0xC0,0x00,0x0C,0xC0,0x00,0x18,0xFF,0x00,0x1C,0xFE,0x00,0x3E,0xC0,0x00,0x73,0xFF,0x80,0x61,0xFF,0x80,0x00,0x00,0x00,0x00,0x00,0x00}},
/*-- char: 显 --*/
{{"\xCF\xD4"},{0x00,0x00,0x00,0x00,0x00,0x00,0x00,0x00,0x00,0x1F,0xFE,0x00,0x1F,0xFE,0x00,0x18,0x06,0x00,0x1F,0xFE,0x00,0x1F,0xFE,0x00,0x18,0x02,0x00,0x1F,0xFE,0x00,0x1F,0xFE,0x00,0x03,0x30,0x00,0x33,0x33,0x00,0x13,0x33,0x00,0x1B,0x36,0x00,0x0B,0x3C,0x00,0x03,0x30,0x00,0xFF,0xFF,0xC0,0xFF,0xFF,0xC0,0x00,0x00,0x00,0x00,0x00,0x00}},
/*-- char: 景 --*/
{{"\xBE\xB0"},{0x00,0x00,0x00,0x00,0x00,0x00,0x00,0x00,0x00,0x1F,0xFE,0x00,0x1F,0xFE,0x00,0x1F,0xFE,0x00,0x1F,0xFE,0x00,0x1F,0xFE,0x00,0x1F,0xFE,0x00,0x7F,0xFF,0x80,0x7F,0xFF,0x80,0x0F,0xFC,0x00,0x1F,0xFE,0x00,0x18,0x06,0x00,0x1F,0xFE,0x00,0x0F,0xF8,0x00,0x0C,0xCC,0x00,0x38,0xC7,0x00,0x73,0xC1,0x80,0x03,0x80,0x00,0x00,0x00,0x00}},
/*-- char: 晶 --*/
{{"\xBE\xA7"},{0x00,0x00,0x00,0x00,0x00,0x00,0x00,0x00,0x00,0x0F,0xFC,0x00,0x0F,0xFC,0x00,0x0C,0x0C,0x00,0x0F,0xFC,0x00,0x0C,0x0C,0x00,0x0C,0x0C,0x00,0x0F,0xFC,0x00,0x00,0x00,0x00,0x3F,0x3F,0x80,0x7F,0xBF,0x80,0x61,0x21,0x80,0x7F,0x3F,0x80,0x7F,0x3F,0x80,0x61,0x21,0x80,0x7F,0x3F,0x80,0x7F,0xBF,0x80,0x21,0x21,0x00,0x00,0x00,0x00}},
/*-- char: 暗 --*/
{{"\xB0\xB5"},{0x00,0x00,0x00,0x00,0x00,0x00,0x00,0x18,0x00,0x3C,0x18,0x00,0x7F,0xFF,0x80,0x67,0xFF,0x80,0x66,0x43,0x00,0x66,0x66,0x00,0x66,0x6E,0x80,0x7F,0xFF,0xC0,0x7E,0x00,0x00,0x66,0xFF,0x00,0x66,0xFF,0x80,0x66,0xC1,0x80,0x7E,0xFF,0x80,0x7E,0xFF,0x80,0x60,0xC1,0x80,0x00,0xFF,0x00,0x00,0xFF,0x80,0x00,0x81,0x00,0x00,0x00,0x00}},
/*-- char: 暴 --*/
{{"\xB1\xA9"},{0x00,0x00,0x00,0x00,0x00,0x00,0x00,0x00,0x00,0x1F,0xFE,0x00,0x1F,0xFE,0x00,0x1F,0xFE,0x00,0x1F,0xFE,0x00,0x1F,0xFE,0x00,0x1F,0xFE,0x00,0x3F,0xFF,0x00,0x3F,0xFF,0x00,0x06,0x18,0x00,0x7F,0xFF,0x80,0x7F,0xFF,0x80,0x1C,0xCF,0x00,0x76,0xDB,0x80,0x03,0xF0,0x00,0x1E,0xFE,0x00,0x3B,0xC6,0x00,0x01,0x80,0x00,0x00,0x00,0x00}},
/*-- char: 曾 --*/
{{"\xD4\xF8"},{0x00,0x00,0x00,0x00,0x00,0x00,0x00,0x00,0x00,0x07,0xF8,0x00,0x0C,0x1C,0x00,0x1C,0x0E,0x00,0x3F,0xFF,0x00,0x7F,0xFF,0x80,0x7E,0xDB,0x80,0x12,0xD2,0x00,0x1F,0xFE,0x00,0x1F,0xFE,0x00,0x0F,0xFC,0x00,0x0F,0xFE,0x00,0x08,0x06,0x00,0x0F,0xFE,0x00,0x0F,0xFE,0x00,0x0F,0xFE,0x00,0x0F,0xFE,0x00,0x08,0x04,0x00,0x00,0x00,0x00}},
/*-- char: 最 --*/
{{"\xD7\xEE"},{0x00,0x00,0x00,0x00,0x00,0x00,0x00,0x00,0x00,0x1F,0xFE,0x00,0x18,0x06,0x00,0x1F,0xFE,0x00,0x1F,0xFE,0x00,0x1F,0xFE,0x00,0x1F,0xFE,0x00,0x7F,0xFF,0x80,0x7F,0xFF,0x80,0x31,0x80,0x00,0x3F,0xFF,0x00,0x31,0xB3,0x00,0x3F,0xB2,0x00,0x3B,0x9E,0x00,0x3F,0x9C,0x00,0x7F,0xBF,0x00,0x41,0xE3,0x80,0x01,0x00,0x00,0x00,0x00,0x00}},
/*-- char: 月 --*/
{{"\xD4\xC2"},{0x00,0x00,0x00,0x00,0x00,0x00,0x00,0x00,0x00,0x0F,0xFE,0x00,0x1F,0xFE,0x00,0x18,0x06,0x00,0x18,0x06,0x00,0x18,0x06,0x00,0x1F,0xFE,0x00,0x1F,0xFE,0x00,0x18,0x06,0x00,0x18,0x06,0x00,0x1F,0xFE,0x00,0x1F,0xFE,0x00,0x18,0x06,0x00,0x30,0x06,0x00,0x30,0x06,0x00,0x60,0x06,0x00,0x60,0x7E,0x00,0x00,0x38,0x00,0x00,0x00,0x00}},
/*-- char: 有 --*/
{{"\xD3\xD0"},{0x00,0x00,0x00,0x00,0x00,0x00,0x01,0x00,0x00,0x01,0x00,0x00,0x03,0x00,0x00,0x7F,0xFF,0x80,0x7F,0xFF,0x80,0x06,0x00,0x00,0x0F,0xFE,0x00,0x1F,0xFE,0x00,0x1C,0x06,0x00,0x3F,0xFE,0x00,0x6F,0xFE,0x00,0x0C,0x06,0x00,0x0F,0xFE,0x00,0x0F,0xFE,0x00,0x0C,0x06,0x00,0x0C,0x06,0x00,0x0C,0x3E,0x00,0x04,0x1C,0x00,0x00,0x00,0x00}},
/*-- char: 朋 --*/
{{"\xC5\xF3"},{0x00,0x00,0x00,0x00,0x00,0x00,0x00,0x00,0x00,0x3F,0x3F,0x00,0x3F,0x3F,0x80,0x33,0x31,0x80,0x31,0x31,0x80,0x3F,0x3F,0x80,0x3F,0x3F,0x80,0x33,0x31,0x80,0x31,0x31,0x80,0x3F,0x3F,0x80,0x3F,0x3F,0x80,0x33,0x21,0x80,0x31,0x61,0x80,0x23,0x61,0x80,0x61,0x61,0x80,0x67,0xC1,0x80,0x47,0xCF,0x00,0x00,0x06,0x00,0x00,0x00,0x00}},
/*-- char: 望 --*/
{{"\xCD\xFB"},{0x00,0x00,0x00,0x00,0x00,0x00,0x00,0x00,0x00,0x0C,0x3F,0x80,0x7F,0xBF,0x80,0xFF,0xBF,0x80,0x30,0x3F,0x80,0x30,0x3F,0x80,0x30,0x3F,0x80,0x3F,0x61,0x80,0x1F,0xC7,0x00,0x00,0xC6,0x00,0x3F,0xFF,0x00,0x3F,0xFF,0x00,0x00,0xC0,0x00,0x1F,0xFE,0x00,0x1F,0xFE,0x00,0x00,0xC0,0x00,0x7F,0xFF,0x80,0x00,0x00,0x00,0x00,0x00,0x00}},
/*-- char: 期 --*/
{{"\xC6\xDA"},{0x00,0x00,0x00,0x00,0x00,0x00,0x00,0x00,0x00,0x31,0xBF,0x80,0x31,0xBF,0x80,0x7F,0xF1,0x80,0x33,0xB1,0x80,0x31,0xBF,0x80,0x3F,0xBF,0x80,0x31,0xB1,0x80,0x3F,0xB1,0x80,0x3F,0xB1,0x80,0x31,0xBF,0x80,0x37,0xBF,0x80,0xFF,0xF1,0x80,0x1A,0x31,0x80,0x33,0x21,0x80,0x31,0xE1,0x80,0x61,0xE7,0x80,0x00,0x07,0x00,0x00,0x00,0x00}},
/*-- char: 未 --*/
{{"\xCE\xB4"},{0x00,0x00,0x00,0x00,0x00,0x00,0x00,0x80,0x00,0x00,0xC0,0x00,0x00,0xC0,0x00,0x3F,0xFF,0x00,0x3F,0xFF,0x00,0x00,0xC0,0x00,0x00,0xC0,0x00,0x00,0xC0,0x00,0x7F,0xFF,0x80,0x7F,0xFF,0x80,0x03,0xF0,0x00,0x07,0xF8,0x00,0x0E,0xDC,0x00,0x1C,0xCE,0x00,0x78,0xC7,0x80,0x60,0xC1,0x80,0x00,0xC0,0x00,0x00,0xC0,0x00,0x00,0x00,0x00}},
/*-- char: 本 --*/
{{"\xB1\xBE"},{0x00,0x00,0x00,0x00,0x00,0x00,0x00,0xC0,0x00,0x00,0xC0,0x00,0x00,0xC0,0x00,0x00,0xC0,0x00,0x7F,0xFF,0x80,0x7F,0xFF,0x80,0x01,0xE0,0x00,0x03,0xF0,0x00,0x03,0xF0,0x00,0x06,0xD8,0x00,0x0C,0xCC,0x00,0x18,0xC6,0x00,0x3F,0xF7,0x00,0x6F,0xF9,0x80,0x40,0xC0,0x00,0x00,0xC0,0x00,0x00,0xC0,0x00,0x00,0xC0,0x00,0x00,0x00,0x00}},
/*-- char: 朱 --*/
{{"\xD6\xEC"},{0x00,0x00,0x00,0x00,0x00,0x00,0x00,0xC0,0x00,0x0C,0xC0,0x00,0x0C,0xC0,0x00,0x1F,0xFE,0x00,0x1F,0xFF,0x00,0x30,0xC0,0x00,0x30,0xC0,0x00,0x00,0xC0,0x00,0x7F,0xFF,0x80,0x7F,0xFF,0x80,0x03,0xF0,0x00,0x03,0xF8,0x00,0x0E,0xDC,0x00,0x1C,0xCE,0x00,0x78,0xC3,0x80,0x60,0xC1,0x80,0x00,0xC0,0x00,0x00,0xC0,0x00,0x00,0x00,0x00}},
/*-- char: 机 --*/
{{"\xBB\xFA"},{0x00,0x00,0x00,0x00,0x00,0x00,0x08,0x00,0x00,0x0C,0x7E,0x00,0x0C,0x7E,0x00,0x0C,0x66,0x00,0x7F,0x66,0x00,0x7F,0x66,0x00,0x18,0x66,0x00,0x1C,0x66,0x00,0x1E,0x66,0x00,0x3E,0x66,0x00,0x3F,0xC6,0x00,0x6C,0xC6,0x00,0xCC,0xC6,0x00,0x4C,0xC6,0xC0,0x0D,0x86,0xC0,0x0D,0x86,0xC0,0x0F,0x03,0xC0,0x08,0x01,0x00,0x00,0x00,0x00}},
/*-- char: 李 --*/
{{"\xC0\xEE"},{0x00,0x00,0x00,0x00,0x00,0x00,0x00,0xC0,0x00,0x00,0xC0,0x00,0x7F,0xFF,0x80,0x7F,0xFF,0x80,0x03,0xF0,0x00,0x06,0xD8,0x00,0x1C,0xCE,0x00,0x78,0xC7,0x80,0x6F,0xFD,0x80,0x0F,0xFC,0x00,0x00,0x30,0x00,0x00,0xE0,0x00,0x7F,0xFF,0x80,0x7F,0xFF,0x80,0x00,0xC0,0x00,0x00,0xC0,0x00,0x07,0xC0,0x00,0x03,0x00,0x00,0x00,0x00,0x00}},
/*-- char: 条 --*/
{{"\xCC\xF5"},{0x00,0x00,0x00,0x00,0x00,0x00,0x01,0x00,0x00,0x03,0x00,0x00,0x07,0xFC,0x00,0x0F,0xFC,0x00,0x1E,0x18,0x00,0x73,0x30,0x00,0x01,0xE0,0x00,0x03,0xF8,0x00,0x3F,0x3F,0x80,0x78,0xC7,0x80,0x72,0xF1,0x80,0x7F,0xFF,0x80,0x03,0xF0,0x00,0x06,0xD8,0x00,0x1C,0xCE,0x00,0x78,0xC7,0x80,0x60,0xC1,0x80,0x00,0xC0,0x00,0x00,0x00,0x00}},
/*-- char: 来 --*/
{{"\xC0\xB4"},{0x00,0x00,0x00,0x00,0x00,0x00,0x00,0xC0,0x00,0x00,0xC0,0x00,0x3F,0xFF,0x00,0x3F,0xFF,0x80,0x18,0xC6,0x00,0x18,0xC6,0x00,0x0C,0xCC,0x00,0x0C,0xCC,0x00,0x7F,0xFF,0x80,0x7F,0xFF,0x80,0x01,0xE0,0x00,0x03,0xF0,0x00,0x06,0xD8,0x00,0x0C,0xCC,0x00,0x38,0xC7,0x00,0x70,0xC3,0x80,0x40,0xC0,0x80,0x00,0xC0,0x00,0x00,0x00,0x00}},
/*-- char: 杨 --*/
{{"\xD1\xEE"},{0x00,0x00,0x00,0x00,0x00,0x00,0x18,0x00,0x00,0x19,0xFE,0x00,0x19,0xFE,0x00,0x18,0x0C,0x00,0x7E,0x38,0x00,0x7E,0x60,0x00,0x19,0xFF,0x80,0x3D,0xFF,0x80,0x3E,0x65,0x80,0x3E,0x6D,0x80,0x78,0xCD,0x80,0x79,0x99,0x80,0xDB,0x19,0x80,0x18,0x31,0x80,0x18,0x61,0x80,0x18,0xC3,0x00,0x19,0x8F,0x00,0x00,0x04,0x00,0x00,0x00,0x00}},
/*-- char: 松 --*/
{{"\xCB\xC9"},{0x00,0x00,0x00,0x00,0x00,0x00,0x08,0x00,0x00,0x18,0x66,0x00,0x18,0x66,0x00,0x18,0x63,0x00,0x7E,0x43,0x00,0x7E,0xC1,0x80,0x19,0xC1,0x80,0x19,0x80,0x80,0x3C,0x18,0x00,0x3E,0x30,0x00,0x3A,0x30,0x00,0x78,0x36,0x00,0xD8,0x63,0x00,0x58,0x63,0x00,0x18,0x63,0x80,0x19,0xFF,0x80,0x19,0xFD,0xC0,0x08,0x00,0x00,0x00,0x00,0x00}},
/*-- char: 果 --*/
{{"\xB9\xFB"},{0x00,0x00,0x00,0x00,0x00,0x00,0x00,0x00,0x00,0x1F,0xFE,0x00,0x1F,0xFF,0x00,0x10,0xC3,0x00,0x1F,0xFF,0x00,0x1F,0xFF,0x00,0x18,0xC3,0x00,0x1F,0xFF,0x00,0x1F,0xFE,0x00,0x00,0xC0,0x00,0x7F,0xFF,0x80,0x7F,0xFF,0x80,0x03,0xF0,0x00,0x06,0xDC,0x00,0x1C,0xCE,0x00,0x78,0xC3,0x80,0x60,0xC1,0x80,0x00,0xC0,0x00,0x00,0x00,0x00}},
/*-- char: 枯 --*/
{{"\xBF\xDD"},{0x00,0x00,0x00,0x00,0x00,0x00,0x08,0x10,0x00,0x18,0x18,0x00,0x18,0x18,0x00,0x18,0x18,0x00,0x7F,0xFF,0x80,0x7F,0xFF,0xC0,0x18,0x18,0x00,0x1C,0x18,0x00,0x3E,0x18,0x00,0x3E,0xFF,0x00,0x79,0xFF,0x80,0x79,0x83,0x80,0xD9,0x81,0x80,0x19,0x81,0x80,0x19,0x81,0x80,0x19,0xFF,0x80,0x19,0xFF,0x80,0x08,0x81,0x00,0x00,0x00,0x00}},
/*-- char: 柳 --*/
{{"\xC1\xF8"},{0x00,0x00,0x00,0x00,0x00,0x00,0x10,0x00,0x00,0x18,0x60,0x00,0x19,0xCF,0x80,0x1B,0x0F,0x80,0x7F,0x2D,0x80,0x7F,0x2D,0x80,0x1B,0x2D,0x80,0x3B,0x2D,0x80,0x3B,0x2D,0x80,0x3F,0x2D,0x80,0x7F,0x2D,0x80,0x7B,0xED,0x80,0xDB,0xED,0x80,0x5B,0x6F,0x80,0x18,0xCC,0x00,0x18,0xCC,0x00,0x1B,0x8C,0x00,0x10,0x0C,0x00,0x00,0x00,0x00}},
/*-- char: 栅 --*/
{{"\xD5\xA4"},{0x00,0x00,0x00,0x00,0x00,0x00,0x10,0x00,0x00,0x11,0xEF,0x00,0x11,0xEF,0x00,0x11,0x29,0x00,0x7D,0x6D,0x00,0x7D,0x6D,0x00,0x11,0x69,0x00,0x39,0xFD,0x80,0x3F,0xFF,0xC0,0x3F,0xFF,0x80,0x79,0x29,0x00,0x71,0x69,0x00,0x53,0x69,0x00,0x53,0x79,0x00,0x13,0x79,0x00,0x13,0x79,0x00,0x16,0xFB,0x00,0x10,0x02,0x00,0x00,0x00,0x00}},
/*-- char: 栏 --*/
{{"\xC0\xB8"},{0x00,0x00,0x00,0x00,0x00,0x00,0x08,0x00,0x00,0x18,0x43,0x00,0x18,0x66,0x00,0x18,0x26,0x00,0x7E,0xFF,0x00,0x7F,0xFF,0x80,0x18,0x00,0x00,0x1C,0x00,0x00,0x3E,0x00,0x00,0x3E,0x7E,0x00,0x78,0xFF,0x00,0x78,0x00,0x00,0x58,0x00,0x00,0x18,0x00,0x00,0x18,0x00,0x00,0x1B,0xFF,0x80,0x19,0xFF,0x80,0x08,0x00,0x00,0x00,0x00,0x00}},
/*-- char: 树 --*/
{{"\xCA\xF7"},{0x00,0x00,0x00,0x00,0x00,0x00,0x10,0x01,0x00,0x10,0x03,0x00,0x11,0x43,0x00,0x13,0xE3,0x00,0x7C,0x7F,0x80,0x7C,0x7F,0xC0,0x33,0x63,0x00,0x39,0x63,0x00,0x3D,0xDB,0x00,0x3C,0xCF,0x00,0x74,0xCF,0x00,0x70,0xE7,0x00,0xD1,0xE3,0x00,0x51,0xA3,0x00,0x13,0x03,0x00,0x13,0x03,0x00,0x12,0x0F,0x00,0x10,0x06,0x00,0x00,0x00,0x00}},
/*-- char: 样 --*/
{{"\xD1\xF9"},{0x00,0x00,0x00,0x00,0x00,0x00,0x18,0x01,0x00,0x18,0xC3,0x00,0x18,0x63,0x00,0x18,0x66,0x00,0x7F,0xFF,0x80,0x7D,0xFF,0x80,0x18,0x18,0x00,0x3C,0x18,0x00,0x3D,0xFF,0x00,0x3E,0xFF,0x00,0x78,0x18,0x00,0x79,0xFF,0x80,0xDB,0xFF,0x80,0x18,0x18,0x00,0x18,0x18,0x00,0x18,0x18,0x00,0x18,0x18,0x00,0x18,0x10,0x00,0x00,0x00,0x00}},
/*-- char: 根 --*/
{{"\xB8\xF9"},{0x00,0x00,0x00,0x00,0x00,0x00,0x08,0x00,0x00,0x18,0xFF,0x00,0x18,0xFF,0x00,0x18,0xC1,0x00,0x7E,0xC3,0x00,0x7F,0xFF,0x00,0x18,0xC3,0x00,0x18,0xC1,0x00,0x3C,0xFF,0x00,0x3E,0xFF,0x00,0x3A,0xD9,0x80,0x78,0xCB,0x80,0xD8,0xCE,0x00,0x58,0xC4,0x00,0x18,0xCE,0x00,0x19,0xFB,0x00,0x19,0xE1,0x80,0x08,0x00,0x00,0x00,0x00,0x00}},
/*-- char: 桃 --*/
{{"\xCC\xD2"},{0x00,0x00,0x00,0x00,0x00,0x00,0x10,0x24,0x00,0x18,0x6C,0x00,0x18,0x6C,0x00,0x19,0x6C,0x80,0xFF,0xED,0x80,0x7D,0xED,0x00,0x18,0xEF,0x00,0x3C,0x6E,0x00,0x3E,0x6C,0x00,0x3E,0x6E,0x00,0x78,0xEF,0x00,0x7B,0xED,0x80,0xDB,0x6C,0x80,0x18,0x4C,0x00,0x18,0xCC,0xC0,0x19,0x8C,0xC0,0x1B,0x07,0x80,0x12,0x03,0x00,0x00,0x00,0x00}},
/*-- char: 棉 --*/
{{"\xC3\xDE"},{0x00,0x00,0x00,0x00,0x00,0x00,0x08,0x10,0x00,0x18,0x18,0x00,0x18,0xFF,0x00,0x18,0xFF,0x80,0x7F,0x81,0x80,0x7F,0xFF,0x80,0x18,0x81,0x80,0x1C,0xFF,0x80,0x3C,0xFF,0x00,0x3E,0x18,0x00,0x3B,0xFF,0x80,0x79,0xFF,0x80,0x59,0x99,0x80,0x59,0x99,0x80,0x19,0x99,0x80,0x19,0x9B,0x80,0x18,0x18,0x00,0x08,0x18,0x00,0x00,0x00,0x00}},
/*-- char: 椅 --*/
{{"\xD2\xCE"},{0x00,0x00,0x00,0x00,0x00,0x00,0x18,0x08,0x00,0x18,0x18,0x00,0x19,0xFF,0x80,0x18,0xFF,0x80,0x7E,0x3C,0x00,0x7E,0x77,0x00,0x19,0xC3,0x80,0x3D,0xFF,0xC0,0x3F,0xFF,0x80,0x3E,0x03,0x00,0x78,0xFB,0x00,0x78,0xDB,0x00,0xD8,0x9B,0x00,0x58,0xFB,0x00,0x18,0xFB,0x00,0x18,0x83,0x00,0x18,0x0F,0x00,0x18,0x0E,0x00,0x00,0x00,0x00}},
/*-- char: 橘 --*/
{{"\xE9\xD9"},{0x00,0x00,0x00,0x00,0x00,0x00,0x10,0x00,0x00,0x18,0xFF,0x00,0x18,0xFE,0x00,0x18,0x3C,0x00,0x7F,0xFF,0x80,0x7F,0xFF,0x80,0x18,0xF9,0x00,0x19,0xD8,0x00,0x3D,0x38,0x00,0x3F,0xFF,0x80,0x7F,0xBD,0x80,0x79,0xEF,0x80,0x59,0xEF,0x80,0x59,0xBD,0x80,0x19,0xE7,0x80,0x19,0xFF,0x80,0x19,0xA7,0x80,0x11,0x03,0x00,0x00,0x00,0x00}},
/*-- char: 次 --*/
{{"\xB4\xCE"},{0x00,0x00,0x00,0x00,0x00,0x00,0x00,0x80,0x00,0x00,0xC0,0x00,0x61,0x80,0x00,0x39,0x80,0x00,0x19,0xFF,0x80,0x0B,0xFF,0x80,0x03,0x31,0x80,0x06,0x33,0x00,0x06,0x33,0x00,0x00,0x30,0x00,0x0C,0x70,0x00,0x18,0x78,0x00,0x30,0xC8,0x00,0x60,0xCC,0x00,0x41,0x86,0x00,0x07,0x03,0x00,0x0E,0x01,0x80,0x00,0x00,0x00,0x00,0x00,0x00}},
/*-- char: 欢 --*/
{{"\xBB\xB6"},{0x00,0x00,0x00,0x00,0x00,0x00,0x00,0x20,0x00,0x00,0x60,0x00,0x7E,0x60,0x00,0x7F,0x7F,0x80,0x03,0x7F,0x80,0x42,0x49,0x80,0x66,0xD9,0x00,0x36,0x99,0x00,0x1E,0x18,0x00,0x1C,0x18,0x00,0x0C,0x18,0x00,0x1C,0x3C,0x00,0x1E,0x3C,0x00,0x32,0x66,0x00,0x62,0x66,0x00,0x40,0xC3,0x80,0x01,0x81,0x80,0x00,0x00,0x00,0x00,0x00,0x00}},
/*-- char: 歌 --*/
{{"\xB8\xE8"},{0x00,0x00,0x00,0x00,0x00,0x00,0x00,0x10,0x00,0x7F,0xF0,0x00,0x7F,0xF0,0x00,0x3D,0xBF,0x80,0x7D,0xBF,0xC0,0x65,0xAD,0x80,0x7D,0xED,0x80,0x7F,0xED,0x80,0x03,0x0D,0x00,0xFF,0xCC,0x00,0x7F,0xCC,0x00,0x3D,0x8E,0x00,0x7D,0x9E,0x00,0x65,0x9A,0x00,0x7D,0xB3,0x00,0x7D,0xE1,0x80,0x07,0xE1,0xC0,0x03,0x00,0x00,0x00,0x00,0x00}},
/*-- char: 正 --*/
{{"\xD5\xFD"},{0x00,0x00,0x00,0x00,0x00,0x00,0x00,0x00,0x00,0x00,0x00,0x00,0x7F,0xFF,0x80,0x3F,0xFF,0x00,0x00,0xC0,0x00,0x00,0xC0,0x00,0x18,0xC0,0x00,0x18,0xE0,0x00,0x18,0xFF,0x00,0x18,0xFF,0x00,0x18,0xC0,0x00,0x18,0xC0,0x00,0x18,0xC0,0x00,0x18,0xC0,0x00,0x18,0xC0,0x00,0x7F,0xFF,0x80,0x7F,0xFF,0x80,0x00,0x00,0x00,0x00,0x00,0x00}},
/*-- char: 此 --*/
{{"\xB4\xCB"},{0x00,0x00,0x00,0x00,0x00,0x00,0x02,0x10,0x00,0x06,0x30,0x00,0x06,0x30,0x00,0x06,0x30,0x00,0x36,0x30,0x00,0x36,0x33,0x80,0x37,0xF7,0x00,0x37,0xFE,0x00,0x36,0x38,0x00,0x36,0x30,0x00,0x36,0x30,0x00,0x36,0x30,0x00,0x36,0x30,0x80,0x36,0x30,0xC0,0x37,0xF0,0xC0,0x7F,0xFF,0x80,0x7E,0x1F,0x80,0x00,0x00,0x00,0x00,0x00,0x00}},
/*-- char: 步 --*/
{{"\xB2\xBD"},{0x00,0x00,0x00,0x00,0x00,0x00,0x00,0xC0,0x00,0x00,0xC0,0x00,0x18,0xFE,0x00,0x18,0xFF,0x00,0x18,0xC0,0x00,0x18,0xC0,0x00,0x7F,0xFF,0x80,0x7F,0xFF,0x80,0x0C,0xC0,0x00,0x1C,0xC6,0x00,0x38,0xC6,0x00,0x70,0xCC,0x00,0x63,0xDC,0x00,0x01,0x38,0x00,0x00,0xF0,0x00,0x07,0xC0,0x00,0x3F,0x00,0x00,0x10,0x00,0x00,0x00,0x00,0x00}},
/*-- char: 死 --*/
{{"\xCB\xC0"},{0x00,0x00,0x00,0x00,0x00,0x00,0x00,0x00,0x00,0x00,0x00,0x00,0x7F,0xFF,0x80,0x7F,0xFF,0x80,0x0C,0x30,0x00,0x0C,0x30,0x00,0x1F,0xF1,0x00,0x1F,0xB3,0x80,0x31,0xBE,0x00,0x79,0xBC,0x00,0x7D,0x30,0x00,0x0F,0x30,0x00,0x07,0x30,0x00,0x06,0x30,0x80,0x0C,0x30,0xC0,0x38,0x30,0x80,0x30,0x3F,0x80,0x00,0x0F,0x00,0x00,0x00,0x00}},
/*-- char: 母 --*/
{{"\xC4\xB8"},{0x00,0x00,0x00,0x00,0x00,0x00,0x00,0x00,0x00,0x0F,0xFE,0x00,0x0F,0xFF,0x00,0x0D,0x82,0x00,0x19,0xC6,0x00,0x18,0x66,0x00,0x18,0x26,0x00,0xFF,0xFF,0xC0,0xFF,0xFF,0xC0,0x19,0x06,0x00,0x19,0xC6,0x00,0x30,0xE6,0x00,0x30,0x66,0x00,0x3F,0xFF,0x80,0x3F,0xFF,0x80,0x30,0x0C,0x00,0x00,0x7C,0x00,0x00,0x30,0x00,0x00,0x00,0x00}},
/*-- char: 比 --*/
{{"\xB1\xC8"},{0x00,0x00,0x00,0x00,0x00,0x00,0x10,0x20,0x00,0x18,0x30,0x00,0x18,0x30,0x00,0x18,0x30,0x00,0x18,0x30,0x00,0x18,0x33,0x80,0x1F,0xBF,0x00,0x1F,0xBC,0x00,0x18,0x30,0x00,0x18,0x30,0x00,0x18,0x30,0x00,0x18,0x30,0x00,0x18,0x30,0x80,0x18,0x30,0xC0,0x1F,0xF0,0xC0,0x7F,0x3F,0x80,0x70,0x3F,0x80,0x00,0x00,0x00,0x00,0x00,0x00}},
/*-- char: 毕 --*/
{{"\xB1\xCF"},{0x00,0x00,0x00,0x00,0x00,0x00,0x10,0x00,0x00,0x30,0x60,0x00,0x30,0x67,0x00,0x3F,0xFF,0x00,0x3F,0x78,0x00,0x30,0x60,0x00,0x30,0x61,0x80,0x3F,0xFF,0x80,0x3F,0x3F,0x00,0x20,0xC0,0x00,0x00,0xC0,0x00,0x7F,0xFF,0x80,0x7F,0xFF,0x80,0x00,0xC0,0x00,0x00,0xC0,0x00,0x00,0xC0,0x00,0x00,0xC0,0x00,0x00,0xC0,0x00,0x00,0x00,0x00}},
/*-- char: 毛 --*/
{{"\xC3\xAB"},{0x00,0x00,0x00,0x00,0x00,0x00,0x00,0x00,0x00,0x00,0x3E,0x00,0x07,0xF8,0x00,0x7F,0xC0,0x00,0x79,0x80,0x00,0x01,0x8F,0x00,0x07,0xFF,0x00,0x3F,0xF0,0x00,0x39,0x80,0x00,0x01,0x83,0x80,0x03,0xFF,0x80,0x7F,0xF8,0x00,0x7D,0x80,0x00,0x01,0x80,0x80,0x01,0x80,0xC0,0x01,0xFF,0x80,0x00,0xFF,0x80,0x00,0x00,0x00,0x00,0x00,0x00}},
/*-- char: 民 --*/
{{"\xC3\xF1"},{0x00,0x00,0x00,0x00,0x00,0x00,0x00,0x00,0x00,0x1F,0xFF,0x00,0x1F,0xFF,0x00,0x18,0x03,0x00,0x18,0x03,0x00,0x1F,0xFF,0x00,0x1F,0xFF,0x00,0x18,0x60,0x00,0x10,0x60,0x00,0x1F,0xFF,0x80,0x1F,0xFF,0x80,0x18,0x30,0x00,0x18,0x30,0x00,0x18,0x30,0x80,0x19,0xD8,0xC0,0x7F,0xCC,0x80,0x7E,0x07,0x80,0x00,0x03,0x00,0x00,0x00,0x00}},
/*-- char: 气 --*/
{{"\xC6\xF8"},{0x00,0x00,0x00,0x00,0x00,0x00,0x00,0x00,0x00,0x0C,0x00,0x00,0x0F,0xFF,0x80,0x1F,0xFF,0x80,0x18,0x00,0x00,0x3F,0xFE,0x00,0x67,0xFE,0x00,0x60,0x00,0x00,0x3F,0xFC,0x00,0x00,0x0C,0x00,0x00,0x0C,0x00,0x00,0x0C,0x00,0x00,0x06,0x00,0x00,0x06,0x00,0x00,0x06,0xC0,0x00,0x06,0xC0,0x00,0x03,0x80,0x00,0x01,0x00,0x00,0x00,0x00}},
/*-- char: 水 --*/
{{"\xCB\xAE"},{0x00,0x00,0x00,0x00,0x00,0x00,0x00,0x40,0x00,0x00,0xC0,0x00,0x00,0xC0,0x00,0x00,0xC0,0x00,0x00,0xC1,0x80,0x7E,0xC3,0x00,0x7E,0xE6,0x00,0x06,0xEC,0x00,0x06,0xF8,0x00,0x0E,0xF0,0x00,0x0C,0xD8,0x00,0x1C,0xDC,0x00,0x18,0xCC,0x00,0x30,0xC7,0x00,0x60,0xC3,0x80,0x40,0xC1,0x80,0x07,0xC0,0x00,0x03,0x80,0x00,0x00,0x00,0x00}},
/*-- char: 永 --*/
{{"\xD3\xC0"},{0x00,0x00,0x00,0x00,0x00,0x00,0x00,0x00,0x00,0x07,0x80,0x00,0x01,0xF0,0x00,0x00,0x70,0x00,0x1F,0xC0,0x00,0x1F,0xC0,0x00,0x00,0xC1,0x80,0x00,0xE3,0x00,0x7E,0xEE,0x00,0x7E,0xFC,0x00,0x06,0xF0,0x00,0x0C,0xD8,0x00,0x18,0xDC,0x00,0x38,0xCE,0x00,0x70,0xC7,0x80,0x60,0xC1,0x80,0x07,0xC0,0x00,0x03,0x80,0x00,0x00,0x00,0x00}},
/*-- char: 求 --*/
{{"\xC7\xF3"},{0x00,0x00,0x00,0x00,0x00,0x00,0x00,0xC0,0x00,0x00,0xDC,0x00,0x00,0xC6,0x00,0x7F,0xFF,0x80,0x7F,0xFF,0x80,0x00,0xC0,0x00,0x30,0xC3,0x00,0x18,0xE7,0x00,0x0C,0xEE,0x00,0x0C,0xFC,0x00,0x00,0xD8,0x00,0x06,0xD8,0x00,0x0E,0xCC,0x00,0x38,0xC7,0x00,0x70,0xC3,0x80,0x40,0xC1,0x80,0x07,0xC0,0x00,0x03,0x00,0x00,0x00,0x00,0x00}},
/*-- char: 江 --*/
{{"\xBD\xAD"},{0x00,0x00,0x00,0x00,0x00,0x00,0x00,0x00,0x00,0x30,0x00,0x00,0x39,0xFF,0x00,0x0D,0xFF,0x80,0x00,0x30,0x00,0x00,0x30,0x00,0x60,0x30,0x00,0x78,0x30,0x00,0x18,0x30,0x00,0x00,0x30,0x00,0x00,0x30,0x00,0x0C,0x30,0x00,0x18,0x30,0x00,0x18,0x30,0x00,0x30,0x30,0x00,0x33,0xFF,0xC0,0x63,0xFF,0x80,0x00,0x00,0x00,0x00,0x00,0x00}},
/*-- char: 沉 --*/
{{"\xB3\xC1"},{0x00,0x00,0x00,0x00,0x00,0x00,0x00,0x00,0x00,0x33,0xFF,0x80,0x3B,0xFF,0x80,0x0B,0x01,0x80,0x03,0x01,0x80,0x02,0x00,0x80,0x60,0xFE,0x00,0x78,0xFE,0x00,0x18,0xC6,0x00,0x00,0xC6,0x00,0x08,0xC6,0x00,0x0C,0xC6,0x00,0x18,0xC6,0x00,0x19,0x86,0xC0,0x31,0x86,0xC0,0x73,0x07,0xC0,0x66,0x07,0x80,0x00,0x00,0x00,0x00,0x00,0x00}},
/*-- char: 没 --*/
{{"\xC3\xBB"},{0x00,0x00,0x00,0x00,0x00,0x00,0x00,0x00,0x00,0x31,0xFC,0x00,0x3D,0xFC,0x00,0x0D,0x84,0x00,0x01,0x84,0x80,0x01,0x84,0xC0,0x63,0x87,0xC0,0x3F,0x07,0x80,0x13,0xFE,0x00,0x03,0xFF,0x00,0x09,0x87,0x00,0x0C,0xC6,0x00,0x18,0x6C,0x00,0x18,0x38,0x00,0x30,0x78,0x00,0x73,0xEF,0x00,0x67,0x87,0x80,0x00,0x00,0x80,0x00,0x00,0x00}},
/*-- char: 泥 --*/
{{"\xC4\xE0"},{0x00,0x00,0x00,0x00,0x00,0x00,0x00,0x00,0x00,0x31,0xFF,0x00,0x1D,0xFF,0x80,0x09,0x01,0x80,0x01,0x01,0x80,0x01,0xFF,0x80,0x61,0xFF,0x80,0x39,0x20,0x00,0x11,0x60,0x00,0x01,0x67,0x00,0x0B,0x6E,0x00,0x0B,0x78,0x00,0x1B,0x60,0x00,0x1B,0x60,0x80,0x33,0x60,0xC0,0x76,0x61,0x80,0x66,0x3F,0x80,0x00,0x1F,0x00,0x00,0x00,0x00}},
/*-- char: 泪 --*/
{{"\xC0\xE1"},{0x00,0x00,0x00,0x00,0x00,0x00,0x00,0x00,0x00,0x39,0xFF,0x00,0x1D,0xFF,0x80,0x0D,0x81,0x80,0x01,0x81,0x80,0x01,0x83,0x80,0x71,0xFF,0x80,0x39,0xFF,0x80,0x09,0x81,0x80,0x01,0x81,0x80,0x01,0xFF,0x80,0x0D,0xFF,0x80,0x19,0x81,0x80,0x19,0x81,0x80,0x31,0x81,0x80,0x31,0xFF,0x80,0x61,0xFF,0x80,0x01,0x01,0x00,0x00,0x00,0x00}},
/*-- char: 泼 --*/
{{"\xC6\xC3"},{0x00,0x00,0x00,0x00,0x00,0x00,0x00,0x00,0x00,0x31,0x36,0x00,0x39,0xB7,0x00,0x1B,0x33,0x00,0x03,0x70,0x00,0x07,0xFF,0x80,0x63,0xEF,0x80,0x30,0x60,0x00,0x18,0xFF,0x00,0x00,0xDB,0x00,0x01,0xC2,0x00,0x19,0xE6,0x00,0x1B,0x3C,0x00,0x36,0x18,0x00,0x36,0x3C,0x00,0x60,0xE7,0x00,0x61,0xC3,0x80,0x00,0x00,0x80,0x00,0x00,0x00}},
/*-- char: 洁 --*/
{{"\xBD\xE0"},{0x00,0x00,0x00,0x00,0x00,0x00,0x00,0x10,0x00,0x30,0x30,0x00,0x38,0x30,0x00,0x1F,0xFF,0x80,0x07,0xFF,0x80,0x00,0x30,0x00,0x60,0x30,0x00,0x73,0xFF,0x80,0x1B,0xFF,0x00,0x00,0x00,0x00,0x01,0xFF,0x00,0x09,0xFF,0x00,0x19,0x03,0x00,0x19,0x03,0x00,0x31,0x03,0x00,0x71,0xFF,0x00,0x63,0xFF,0x00,0x01,0x00,0x00,0x00,0x00,0x00}},
/*-- char: 洒 --*/
{{"\xC8\xF7"},{0x00,0x00,0x00,0x00,0x00,0x00,0x00,0x00,0x00,0x33,0xFF,0x80,0x3F,0xFF,0xC0,0x08,0x6C,0x00,0x00,0x6C,0x00,0x03,0xFF,0x80,0x63,0xFF,0x80,0x33,0x6D,0x80,0x13,0x6D,0x80,0x03,0x69,0x80,0x02,0xCF,0x80,0x1B,0xC7,0x80,0x1B,0x01,0x80,0x32,0x01,0x80,0x33,0xFF,0x80,0x63,0xFF,0x80,0x63,0x01,0x80,0x02,0x00,0x80,0x00,0x00,0x00}},
/*-- char: 洗 --*/
{{"\xCF\xB4"},{0x00,0x00,0x00,0x00,0x00,0x00,0x00,0x10,0x00,0x31,0xB0,0x00,0x39,0x90,0x00,0x09,0xFF,0x80,0x01,0xFF,0x80,0x03,0x30,0x00,0x63,0x30,0x00,0x7A,0x10,0x00,0x1F,0xFF,0xC0,0x07,0xFF,0xC0,0x00,0xCC,0x00,0x18,0xCC,0x00,0x18,0xCC,0x00,0x30,0xCC,0x80,0x31,0x8C,0xC0,0x63,0x8C,0xC0,0x67,0x0F,0x80,0x00,0x03,0x00,0x00,0x00,0x00}},
/*-- char: 活 --*/
{{"\xBB\xEE"},{0x00,0x00,0x00,0x00,0x00,0x00,0x00,0x00,0x00,0x30,0x3F,0x00,0x3D,0xFE,0x00,0x0D,0x98,0x00,0x00,0x18,0x00,0x00,0x18,0x00,0x67,0xFF,0xC0,0x7B,0xFF,0x80,0x18,0x18,0x00,0x00,0x18,0x00,0x01,0xFF,0x00,0x0D,0xFF,0x00,0x19,0x83,0x00,0x19,0x83,0x00,0x31,0x83,0x00,0x71,0xFF,0x00,0x61,0xFF,0x00,0x01,0x01,0x00,0x00,0x00,0x00}},
/*-- char: 流 --*/
{{"\xC1\xF7"},{0x00,0x00,0x00,0x00,0x00,0x00,0x00,0x30,0x00,0x30,0x30,0x00,0x1C,0x30,0x00,0x0F,0xFF,0x80,0x03,0xFF,0x80,0x00,0x46,0x00,0x60,0xC7,0x00,0x7B,0xFF,0x80,0x13,0xF1,0x80,0x01,0xB2,0x00,0x01,0xB6,0x00,0x09,0xB6,0x00,0x19,0xB6,0x00,0x19,0xB6,0x00,0x33,0x36,0xC0,0x73,0x36,0xC0,0x66,0x33,0x80,0x00,0x00,0x00,0x00,0x00,0x00}},
/*-- char: 浦 --*/
{{"\xC6\xD6"},{0x00,0x00,0x00,0x00,0x00,0x00,0x00,0x10,0x00,0x30,0x37,0x00,0x38,0x33,0x80,0x0F,0xFF,0xC0,0x03,0xFF,0x80,0x00,0x30,0x00,0x63,0xFF,0x80,0x3B,0xFF,0x80,0x13,0x31,0x80,0x03,0xFF,0x80,0x0B,0xFF,0x80,0x0B,0x31,0x80,0x1B,0xFF,0x80,0x1B,0xFF,0x80,0x33,0x31,0x80,0x63,0x31,0x80,0x63,0x37,0x80,0x03,0x12,0x00,0x00,0x00,0x00}},
/*-- char: 海 --*/
{{"\xBA\xA3"},{0x00,0x00,0x00,0x00,0x00,0x00,0x00,0x80,0x00,0x31,0x80,0x00,0x19,0xBF,0x80,0x09,0xFF,0x80,0x03,0x00,0x00,0x07,0x00,0x00,0x67,0xFF,0x00,0x39,0xB3,0x00,0x11,0x93,0x00,0x07,0xFF,0x80,0x07,0xFF,0xC0,0x1B,0x33,0x00,0x1B,0x33,0x00,0x33,0xFF,0x80,0x33,0xFF,0xC0,0x62,0x03,0x00,0x60,0x1E,0x00,0x00,0x0C,0x00,0x00,0x00,0x00}},
/*-- char: 涔 --*/
{{"\xE4\xB9"},{0x00,0x00,0x00,0x00,0x00,0x00,0x00,0x10,0x00,0x33,0x31,0x80,0x1B,0x31,0x80,0x0B,0xFF,0x80,0x03,0xFF,0x80,0x00,0x78,0x00,0x70,0x6C,0x00,0x39,0xC7,0x00,0x17,0xFF,0x80,0x06,0xFE,0x80,0x00,0x00,0x00,0x0B,0xFF,0x00,0x1B,0xFF,0x00,0x18,0x06,0x00,0x30,0x06,0x00,0x60,0x04,0x00,0x60,0x0C,0x00,0x00,0x08,0x00,0x00,0x00,0x00}},
/*-- char: 淡 --*/
{{"\xB5\xAD"},{0x00,0x00,0x00,0x00,0x00,0x00,0x00,0x10,0x00,0x30,0x30,0x00,0x39,0xB3,0x00,0x0D,0xB3,0x00,0x03,0x36,0x00,0x02,0x3C,0x00,0x60,0x7E,0x00,0x71,0xC7,0x00,0x1B,0x91,0x80,0x00,0x30,0x00,0x09,0xB1,0x00,0x19,0x33,0x00,0x1B,0x3E,0x00,0x32,0x7C,0x00,0x30,0xEC,0x00,0x63,0xC7,0x00,0x67,0x83,0x80,0x00,0x00,0x00,0x00,0x00,0x00}},
/*-- char: 深 --*/
{{"\xC9\xEE"},{0x00,0x00,0x00,0x00,0x00,0x00,0x00,0x00,0x00,0x33,0xFF,0x80,0x3F,0xFF,0x80,0x0E,0x6D,0x80,0x02,0x6C,0x80,0x00,0xCC,0x80,0x71,0xCF,0x80,0x3B,0x87,0x80,0x10,0x30,0x00,0x00,0x30,0x00,0x07,0xFF,0x80,0x0B,0x7F,0x80,0x18,0x7C,0x00,0x10,0xF6,0x00,0x33,0xB3,0x00,0x67,0x31,0x80,0x64,0x30,0x80,0x00,0x10,0x00,0x00,0x00,0x00}},
/*-- char: 混 --*/
{{"\xBB\xEC"},{0x00,0x00,0x00,0x00,0x00,0x00,0x00,0x00,0x00,0x33,0xFF,0x00,0x3B,0xFF,0x00,0x0B,0x03,0x00,0x03,0xFF,0x00,0x03,0xFF,0x00,0x63,0x03,0x00,0x3B,0xFF,0x00,0x11,0x08,0x00,0x03,0x18,0x00,0x03,0x19,0x80,0x1B,0xFF,0x80,0x1B,0xFE,0x00,0x13,0x18,0x00,0x33,0x18,0xC0,0x67,0xF8,0xC0,0x67,0xCF,0x80,0x00,0x07,0x00,0x00,0x00,0x00}},
/*-- char: 渐 --*/
{{"\xBD\xA5"},{0x00,0x00,0x00,0x00,0x00,0x00,0x01,0x00,0x00,0x31,0x07,0x80,0x3B,0xDF,0x00,0x0F,0xF8,0x00,0x03,0x18,0x00,0x03,0x98,0x00,0x62,0x9F,0xC0,0x36,0x9F,0x80,0x17,0xFB,0x00,0x07,0xFB,0x00,0x00,0x9B,0x00,0x18,0xFB,0x00,0x1F,0xFB,0x00,0x37,0x9B,0x00,0x30,0x93,0x00,0x60,0xB3,0x00,0x60,0xB3,0x00,0x00,0x80,0x00,0x00,0x00,0x00}},
/*-- char: 渡 --*/
{{"\xB6\xC9"},{0x00,0x00,0x00,0x00,0x00,0x00,0x00,0x10,0x00,0x30,0x18,0x00,0x1B,0xFF,0x80,0x0F,0xFF,0x80,0x03,0x62,0x00,0x03,0xFF,0x80,0x73,0xFF,0xC0,0x33,0x62,0x00,0x13,0x7E,0x00,0x03,0x7E,0x00,0x03,0xFF,0x00,0x1F,0xFF,0x00,0x16,0x63,0x00,0x36,0x36,0x00,0x36,0x3C,0x00,0x6C,0x7E,0x00,0x6D,0xE7,0x80,0x00,0x00,0x80,0x00,0x00,0x00}},
/*-- char: 游 --*/
{{"\xD3\xCE"},{0x00,0x00,0x00,0x00,0x00,0x00,0x00,0x00,0x00,0x71,0x8C,0x00,0x39,0x8C,0x00,0x0F,0xFF,0xC0,0x0F,0xFF,0x80,0x03,0x30,0x00,0x63,0x3F,0x80,0x33,0xCF,0x80,0x13,0xE3,0x00,0x03,0x66,0x00,0x02,0x7F,0x80,0x12,0x7F,0xC0,0x36,0x66,0x00,0x36,0x66,0x00,0x26,0x46,0x00,0x6C,0xC6,0x00,0x6B,0xDE,0x00,0x01,0x8C,0x00,0x00,0x00,0x00}},
/*-- char: 溜 --*/
{{"\xC1\xEF"},{0x00,0x00,0x00,0x00,0x00,0x00,0x00,0x00,0x00,0x30,0xFF,0x80,0x1B,0x9F,0x80,0x0B,0x0D,0x80,0x03,0x4D,0x80,0x03,0x6D,0x80,0x63,0xF9,0x80,0x3F,0xBB,0x80,0x10,0x37,0x00,0x00,0x20,0x00,0x03,0xFF,0x00,0x1B,0x33,0x00,0x1B,0xFF,0x00,0x13,0xFF,0x00,0x33,0x31,0x00,0x63,0xFF,0x00,0x63,0xFF,0x00,0x01,0x01,0x00,0x00,0x00,0x00}},
/*-- char: 满 --*/
{{"\xC2\xFA"},{0x00,0x00,0x00,0x00,0x00,0x00,0x00,0xC4,0x00,0x30,0xCC,0x00,0x3F,0xFF,0x80,0x08,0xCC,0x00,0x00,0xC4,0x00,0x07,0xFF,0x80,0x67,0xFF,0x80,0x70,0x6C,0x00,0x17,0xFF,0x80,0x07,0xFD,0x80,0x06,0x49,0x80,0x1E,0xED,0x80,0x1E,0xFF,0x80,0x37,0x9F,0x80,0x37,0xB1,0x80,0x66,0x01,0x80,0x66,0x07,0x80,0x02,0x03,0x00,0x00,0x00,0x00}},
/*-- char: 滴 --*/
{{"\xB5\xCE"},{0x00,0x00,0x00,0x00,0x00,0x00,0x00,0x10,0x00,0x30,0x30,0x00,0x3F,0xFF,0x80,0x0F,0xFF,0x80,0x00,0xC6,0x00,0x00,0xCC,0x00,0x63,0xFF,0x80,0x3B,0x31,0x80,0x13,0xFD,0x80,0x03,0xFF,0x80,0x0A,0x31,0x80,0x1A,0xFD,0x80,0x1A,0xCD,0x80,0x32,0xCD,0x80,0x32,0xFD,0x80,0x62,0x41,0x80,0x63,0x07,0x80,0x02,0x03,0x00,0x00,0x00,0x00}},
/*-- char: 漂 --*/
{{"\xC6\xAF"},{0x00,0x00,0x00,0x00,0x00,0x00,0x00,0x00,0x00,0x37,0xFF,0x80,0x3F,0xFF,0x80,0x08,0x6C,0x00,0x03,0xFF,0x80,0x03,0x6D,0x80,0x63,0x6D,0x80,0x73,0xFF,0x80,0x13,0xFF,0x00,0x03,0xFF,0x00,0x09,0xFF,0x00,0x1B,0xFF,0x80,0x1F,0xFF,0xC0,0x31,0xB2,0x00,0x31,0xB3,0x00,0x67,0x31,0x80,0x66,0x70,0x80,0x00,0x60,0x00,0x00,0x00,0x00}},
/*-- char: 漫 --*/
{{"\xC2\xFE"},{0x00,0x00,0x00,0x00,0x00,0x00,0x00,0x00,0x00,0x31,0xFF,0x00,0x39,0xA3,0x00,0x0D,0xFF,0x00,0x01,0xFF,0x00,0x01,0xFF,0x00,0x63,0xFF,0x00,0x73,0xFF,0x80,0x1B,0x6D,0x80,0x03,0xFF,0x80,0x03,0xFF,0x80,0x0F,0xFF,0x00,0x1B,0xFF,0x00,0x18,0xC6,0x00,0x30,0x7C,0x00,0x61,0xFE,0x00,0x67,0xCF,0x80,0x02,0x01,0x00,0x00,0x00,0x00}},
/*-- char: 潸 --*/
{{"\xE4\xFA"},{0x00,0x00,0x00,0x00,0x00,0x00,0x00,0x04,0x00,0x31,0x86,0x00,0x3F,0xFF,0x80,0x0F,0xDF,0x80,0x03,0xDF,0x00,0x07,0xDF,0x00,0x67,0xDF,0xC0,0x37,0xF7,0xC0,0x05,0x94,0x80,0x01,0xFF,0x00,0x03,0xFF,0x00,0x1B,0xFF,0x00,0x13,0xFF,0x00,0x33,0xFF,0x00,0x33,0xFF,0x00,0x66,0x03,0x00,0x66,0x0F,0x00,0x00,0x0E,0x00,0x00,0x00,0x00}},
/*-- char: 点 --*/
{{"\xB5\xE3"},{0x00,0x00,0x00,0x00,0x00,0x00,0x00,0xC0,0x00,0x00,0xC0,0x00,0x00,0xFF,0x00,0x00,0xFF,0x80,0x00,0xC0,0x00,0x00,0xC0,0x00,0x1F,0xFE,0x00,0x1F,0xFE,0x00,0x18,0x06,0x00,0x18,0x06,0x00,0x1F,0xFE,0x00,0x1F,0xFE,0x00,0x00,0x00,0x00,0x12,0x22,0x00,0x33,0x33,0x00,0x33,0x31,0x80,0x63,0x19,0x80,0x00,0x00,0x00,0x00,0x00,0x00}},
/*-- char: 烂 --*/
{{"\xC0\xC3"},{0x00,0x00,0x00,0x00,0x00,0x00,0x10,0x00,0x00,0x18,0x43,0x00,0x18,0x66,0x00,0x18,0x26,0x00,0x3A,0xFF,0x00,0x7F,0xFF,0x80,0x7E,0x00,0x00,0x7C,0x00,0x00,0x58,0x00,0x00,0x18,0x7F,0x00,0x18,0xFF,0x00,0x18,0x00,0x00,0x1C,0x00,0x00,0x36,0x00,0x00,0x36,0x00,0x00,0x61,0xFF,0x80,0x61,0xFF,0x80,0x00,0x00,0x00,0x00,0x00,0x00}},
/*-- char: 烈 --*/
{{"\xC1\xD2"},{0x00,0x00,0x00,0x00,0x00,0x00,0x00,0x00,0x00,0x7F,0xC3,0x00,0x7F,0xF3,0x00,0x08,0x33,0x00,0x1F,0xB3,0x00,0x3F,0xB3,0x00,0x71,0xB3,0x00,0x7B,0x33,0x00,0x0F,0x33,0x00,0x06,0x33,0x00,0x0C,0x03,0x00,0x38,0x0F,0x00,0x70,0x0F,0x00,0x10,0x22,0x00,0x33,0x33,0x00,0x33,0x31,0x80,0x63,0x11,0x80,0x00,0x00,0x00,0x00,0x00,0x00}},
/*-- char: 烟 --*/
{{"\xD1\xCC"},{0x00,0x00,0x00,0x00,0x00,0x00,0x00,0x00,0x00,0x19,0xFF,0x80,0x19,0xFF,0x80,0x19,0x99,0x80,0x3B,0x99,0x80,0x7F,0x99,0x80,0x7F,0xFF,0x80,0x7D,0xFF,0x80,0x59,0x99,0x80,0x19,0x99,0x80,0x19,0x9D,0x80,0x19,0xBD,0x80,0x1D,0xB7,0x80,0x37,0xE7,0x80,0x37,0x81,0x80,0x61,0xFF,0x80,0x61,0xFF,0x80,0x00,0x80,0x00,0x00,0x00,0x00}},
/*-- char: 烦 --*/
{{"\xB7\xB3"},{0x00,0x00,0x00,0x00,0x00,0x00,0x08,0x00,0x00,0x19,0xFF,0x80,0x19,0xFF,0x80,0x18,0x18,0x00,0x3B,0xFF,0x00,0x7A,0xFF,0x00,0x7E,0xC1,0x00,0x7E,0xD9,0x00,0x58,0xD9,0x00,0x18,0xD9,0x00,0x18,0xD9,0x00,0x18,0xD9,0x00,0x1C,0xD9,0x00,0x36,0x9D,0x00,0x32,0x36,0x00,0x60,0xE3,0x00,0x61,0xC1,0x80,0x00,0x00,0x00,0x00,0x00,0x00}},
/*-- char: 热 --*/
{{"\xC8\xC8"},{0x00,0x00,0x00,0x00,0x00,0x00,0x08,0x20,0x00,0x08,0x30,0x00,0x08,0x30,0x00,0x7F,0xFE,0x00,0x7F,0xFE,0x00,0x08,0x32,0x00,0x0F,0x36,0x00,0x3F,0xE6,0x00,0x7C,0x72,0x00,0x08,0x7A,0x00,0x08,0xCA,0xC0,0x39,0xC3,0xC0,0x39,0x01,0x80,0x10,0x22,0x00,0x33,0x33,0x00,0x33,0x31,0x80,0x63,0x11,0x80,0x40,0x00,0x00,0x00,0x00,0x00}},
/*-- char: 然 --*/
{{"\xC8\xBB"},{0x00,0x00,0x00,0x00,0x00,0x00,0x0C,0x08,0x00,0x0C,0x0F,0x00,0x0F,0x8D,0x80,0x1F,0x8D,0x80,0x39,0xFF,0x80,0x6F,0xFF,0x80,0xF3,0x0C,0x00,0x5B,0x1C,0x00,0x0E,0x1E,0x00,0x0C,0x36,0x00,0x1C,0x73,0x00,0x78,0xE1,0x80,0x60,0x80,0x80,0x10,0x22,0x00,0x33,0x33,0x00,0x33,0x31,0x80,0x63,0x11,0x80,0x00,0x00,0x00,0x00,0x00,0x00}},
/*-- char: 照 --*/
{{"\xD5\xD5"},{0x00,0x00,0x00,0x00,0x00,0x00,0x00,0x00,0x00,0x7F,0xFF,0x80,0x7F,0xFF,0x80,0x66,0x31,0x80,0x66,0x71,0x80,0x76,0xEF,0x00,0x7F,0xC6,0x00,0x66,0xFF,0x00,0x66,0xFF,0x00,0x66,0xC1,0x00,0x7E,0xC3,0x00,0x7E,0xFF,0x00,0x60,0xFF,0x00,0x12,0x22,0x00,0x33,0x33,0x00,0x33,0x31,0x80,0x63,0x19,0x80,0x40,0x10,0x00,0x00,0x00,0x00}},
/*-- char: 熟 --*/
{{"\xCA\xEC"},{0x00,0x00,0x00,0x00,0x00,0x00,0x04,0x18,0x00,0x0C,0x18,0x00,0x7F,0xD8,0x00,0x3F,0xFF,0x00,0x3F,0xFF,0x00,0x31,0x9B,0x00,0x3F,0xFB,0x00,0x7F,0x3B,0x00,0x3F,0x1B,0x00,0x0F,0xBF,0x00,0x7F,0xE3,0xC0,0x0C,0x63,0xC0,0x1C,0xC1,0x80,0x18,0x02,0x00,0x33,0x33,0x00,0x33,0x31,0x80,0x63,0x31,0x80,0x00,0x00,0x00,0x00,0x00,0x00}},
/*-- char: 燕 --*/
{{"\xD1\xE0"},{0x00,0x00,0x00,0x00,0x00,0x00,0x02,0x10,0x00,0x07,0x30,0x00,0x7F,0xFF,0x80,0x3F,0x3F,0x80,0x07,0xF0,0x00,0x0F,0xFC,0x00,0x1C,0x0C,0x00,0x7B,0xFF,0x80,0x1B,0x3F,0x00,0x0B,0x3C,0x00,0x3B,0x3C,0x80,0x7F,0xFF,0x80,0x09,0xE7,0x80,0x10,0x22,0x00,0x33,0x33,0x00,0x33,0x31,0x80,0x63,0x11,0x80,0x00,0x00,0x00,0x00,0x00,0x00}},
/*-- char: 爬 --*/
{{"\xC5\xC0"},{0x00,0x00,0x00,0x00,0x00,0x00,0x00,0x80,0x00,0x07,0x80,0x00,0x3F,0xBF,0x80,0x3D,0xAD,0x80,0x2D,0xAD,0x80,0x2D,0xAD,0x80,0x2D,0xAD,0x80,0x2D,0xBF,0x80,0x2D,0xBF,0x80,0x2D,0xA0,0x00,0x2D,0xA0,0x80,0x2C,0xE0,0x80,0x6C,0xFF,0x80,0x6C,0x7F,0x00,0x6C,0x70,0x00,0x6C,0x3E,0x00,0x4C,0x0F,0x80,0x00,0x01,0x80,0x00,0x00,0x00}},
/*-- char: 爱 --*/
{{"\xB0\xAE"},{0x00,0x00,0x00,0x00,0x00,0x00,0x00,0x00,0x00,0x3F,0xFF,0x00,0x3F,0xFC,0x00,0x0C,0xCC,0x00,0x0C,0xCC,0x00,0x7F,0xFF,0x80,0x63,0x01,0x80,0x63,0x01,0x80,0x1F,0xFF,0x00,0x1F,0xFE,0x00,0x06,0x00,0x00,0x07,0xFE,0x00,0x0F,0x0C,0x00,0x0D,0x98,0x00,0x18,0xF0,0x00,0x73,0xFF,0x00,0x67,0x8F,0x80,0x00,0x00,0x00,0x00,0x00,0x00}},
/*-- char: 父 --*/
{{"\xB8\xB8"},{0x00,0x00,0x00,0x00,0x00,0x00,0x00,0x00,0x00,0x06,0x18,0x00,0x0E,0x1C,0x00,0x0C,0x06,0x00,0x18,0x03,0x00,0x70,0x03,0x80,0x64,0x0D,0x80,0x06,0x18,0x00,0x06,0x18,0x00,0x03,0x30,0x00,0x03,0xB0,0x00,0x01,0xE0,0x00,0x01,0xE0,0x00,0x03,0xF0,0x00,0x0F,0x3C,0x00,0x3C,0x0F,0x00,0x70,0x07,0x80,0x00,0x00,0x00,0x00,0x00,0x00}},
/*-- char: 爸 --*/
{{"\xB0\xD6"},{0x00,0x00,0x00,0x00,0x00,0x00,0x00,0x00,0x00,0x06,0x1C,0x00,0x1C,0x0E,0x00,0x3E,0x13,0x80,0x63,0x31,0x80,0x01,0xE0,0x00,0x03,0xF0,0x00,0x1F,0x3F,0x00,0x7C,0x0F,0x80,0x5F,0xFE,0x00,0x18,0xC6,0x00,0x18,0xC6,0x00,0x1F,0xFE,0x00,0x1F,0xFE,0x00,0x18,0x01,0x80,0x18,0x01,0x80,0x0F,0xFF,0x00,0x03,0xFE,0x00,0x00,0x00,0x00}},
/*-- char: 物 --*/
{{"\xCE\xEF"},{0x00,0x00,0x00,0x00,0x00,0x00,0x08,0x00,0x00,0x2C,0x60,0x00,0x6C,0x60,0x00,0x6C,0x7F,0x80,0x7E,0xFF,0x80,0x7F,0xD7,0x80,0x4D,0xB7,0x80,0xCD,0x37,0x80,0x0D,0x65,0x80,0x0F,0x6D,0x80,0x7E,0xCD,0x80,0x7C,0xD9,0x80,0x0D,0x99,0x80,0x0C,0x31,0x80,0x0C,0x31,0x80,0x0C,0x63,0x00,0x0C,0xCF,0x00,0x08,0x0C,0x00,0x00,0x00,0x00}},
/*-- char: 特 --*/
{{"\xCC\xD8"},{0x00,0x00,0x00,0x00,0x00,0x00,0x08,0x18,0x00,0x0C,0x18,0x00,0x6C,0xFF,0x00,0x6C,0xFF,0x80,0x7E,0x18,0x00,0x7E,0x18,0x00,0x4D,0xFF,0xC0,0xCD,0xFF,0x80,0x0C,0x06,0x00,0x1F,0xFF,0x80,0x7D,0xFF,0x80,0x6C,0xC6,0x00,0x0C,0xC6,0x00,0x0C,0x66,0x00,0x0C,0x26,0x00,0x0C,0x06,0x00,0x0C,0x1E,0x00,0x08,0x0C,0x00,0x00,0x00,0x00}},
/*-- char: 狠 --*/
{{"\xBA\xDD"},{0x00,0x00,0x00,0x00,0x00,0x00,0x00,0x00,0x00,0x66,0xFF,0x00,0x3D,0xFF,0x00,0x19,0x83,0x00,0x39,0x83,0x00,0x79,0xFF,0x00,0x4D,0xFF,0x00,0x0D,0x83,0x00,0x0D,0xFF,0x00,0x1D,0xFF,0x00,0x3D,0x99,0x80,0x6D,0x9B,0x80,0x4D,0x8E,0x00,0x0D,0x8C,0x00,0x0D,0x9E,0x00,0x0D,0xFB,0x00,0x7B,0xC1,0x80,0x30,0x00,0x00,0x00,0x00,0x00}},
/*-- char: 独 --*/
{{"\xB6\xC0"},{0x00,0x00,0x00,0x00,0x00,0x00,0x00,0x10,0x00,0x64,0x18,0x00,0x3C,0x18,0x00,0x38,0x18,0x00,0x39,0xFF,0x80,0x79,0xFF,0x80,0x6D,0x99,0x80,0x0D,0x99,0x80,0x0D,0x99,0x80,0x1D,0xBB,0x80,0x3D,0xFF,0x80,0x6C,0x1B,0x00,0x4C,0x1B,0x00,0x0C,0x1B,0x00,0x0C,0x1F,0x80,0x0F,0xFF,0x80,0x7B,0xF1,0x80,0x30,0x00,0x00,0x00,0x00,0x00}},
/*-- char: 狼 --*/
{{"\xC0\xC7"},{0x00,0x00,0x00,0x00,0x00,0x00,0x00,0x10,0x00,0x66,0x18,0x00,0x3C,0xFF,0x00,0x19,0xFF,0x00,0x39,0x83,0x00,0x7D,0xC3,0x00,0x4D,0xFF,0x00,0x0D,0x83,0x00,0x0D,0x83,0x00,0x1D,0xFF,0x00,0x3D,0xF9,0x00,0x6D,0x99,0x80,0x4D,0x8F,0x00,0x0D,0x8E,0x00,0x0D,0x9E,0x00,0x0D,0xFB,0x00,0x7B,0xC1,0x80,0x30,0x00,0x00,0x00,0x00,0x00}},
/*-- char: 猛 --*/
{{"\xC3\xCD"},{0x00,0x00,0x00,0x00,0x00,0x00,0x00,0x00,0x00,0x6D,0xFF,0x00,0x3D,0xFE,0x00,0x38,0x1C,0x00,0x38,0x18,0x00,0x7B,0xFF,0x80,0x58,0x38,0x00,0x08,0x18,0x00,0x1C,0x78,0x00,0x1C,0x70,0x00,0x3D,0xFF,0x00,0x6F,0xFF,0x00,0x4F,0x69,0x00,0x0B,0x69,0x00,0x0B,0x69,0x00,0x1B,0x6F,0x80,0x7F,0xFF,0xC0,0x20,0x00,0x00,0x00,0x00,0x00}},
/*-- char: 现 --*/
{{"\xCF\xD6"},{0x00,0x00,0x00,0x00,0x00,0x00,0x00,0x00,0x00,0x7E,0xFF,0x00,0x7F,0xFF,0x00,0x19,0x83,0x00,0x19,0x9B,0x00,0x19,0x9B,0x00,0x19,0x9B,0x00,0x7F,0x9B,0x00,0x7D,0x9B,0x00,0x19,0x9B,0x00,0x19,0x9B,0x00,0x18,0xB8,0x00,0x1A,0x38,0x00,0x3E,0x78,0x80,0x78,0xE8,0x80,0x41,0xCD,0x80,0x03,0x8F,0x80,0x00,0x00,0x00,0x00,0x00,0x00}},
/*-- char: 玻 --*/
{{"\xB2\xA3"},{0x00,0x00,0x00,0x00,0x00,0x00,0x00,0x10,0x00,0x7C,0x18,0x00,0x7E,0x18,0x00,0x19,0xFF,0x80,0x19,0xFF,0x80,0x19,0x99,0x80,0x19,0x99,0x00,0x7D,0xBB,0x00,0x7D,0xFF,0x00,0x19,0xC3,0x00,0x19,0xE3,0x00,0x19,0x66,0x00,0x1F,0x36,0x00,0x3F,0x1C,0x00,0xF3,0x3C,0x00,0x06,0x77,0x00,0x06,0xC3,0x80,0x00,0x00,0x00,0x00,0x00,0x00}},
/*-- char: 理 --*/
{{"\xC0\xED"},{0x00,0x00,0x00,0x00,0x00,0x00,0x00,0x00,0x00,0x7D,0xFF,0x80,0xFF,0xFF,0x80,0x19,0x99,0x80,0x19,0x99,0x80,0x19,0xFF,0x80,0x19,0x99,0x80,0x7D,0x99,0x80,0x7D,0xFF,0x80,0x19,0xFF,0x80,0x18,0x18,0x00,0x19,0xFF,0x00,0x1F,0xFF,0x80,0x3E,0x18,0x00,0xF8,0x18,0x00,0x43,0xFF,0x80,0x07,0xFF,0xC0,0x00,0x00,0x00,0x00,0x00,0x00}},
/*-- char: 琐 --*/
{{"\xCB\xF6"},{0x00,0x00,0x00,0x00,0x00,0x00,0x00,0x18,0x00,0x7D,0x99,0x00,0x7E,0xD9,0x00,0x18,0xDB,0x00,0x18,0x5A,0x00,0x19,0xFF,0x00,0x19,0xFF,0x00,0x7F,0x93,0x00,0x7D,0x9B,0x00,0x19,0x9B,0x00,0x19,0x9B,0x00,0x19,0x9B,0x00,0x1F,0x9B,0x00,0x3F,0xB3,0x00,0xF8,0x7E,0x00,0x00,0xE7,0x00,0x03,0x81,0x80,0x00,0x00,0x00,0x00,0x00,0x00}},
/*-- char: 璃 --*/
{{"\xC1\xA7"},{0x00,0x00,0x00,0x00,0x00,0x00,0x00,0x10,0x00,0x00,0x18,0x00,0xFF,0xFF,0x80,0x7F,0xFF,0x80,0x11,0xAD,0x00,0x11,0xB9,0x00,0x11,0xBD,0x00,0x7D,0xE5,0x00,0x7D,0xFF,0x00,0x10,0xFF,0x00,0x11,0xFF,0x80,0x11,0xFF,0x80,0x1F,0x25,0x80,0x7F,0x7D,0x80,0xE1,0xFF,0x80,0x01,0x83,0x80,0x01,0x03,0x80,0x01,0x03,0x00,0x00,0x00,0x00}},
/*-- char: 甚 --*/
{{"\xC9\xF5"},{0x00,0x00,0x00,0x00,0x00,0x00,0x04,0x08,0x00,0x0C,0x0C,0x00,0x7F,0xFF,0x80,0x7F,0xFF,0x80,0x0C,0x0C,0x00,0x0F,0xFC,0x00,0x0C,0x0C,0x00,0x0F,0xFC,0x00,0x0F,0xFC,0x00,0x7F,0xFF,0x80,0xFF,0xFF,0xC0,0x19,0xB0,0x00,0x1B,0x33,0x00,0x1F,0x3F,0x00,0x1C,0x00,0x00,0x1F,0xFF,0x00,0x1F,0xFF,0x00,0x10,0x00,0x00,0x00,0x00,0x00}},
/*-- char: 甜 --*/
{{"\xCC\xF0"},{0x00,0x00,0x00,0x00,0x00,0x00,0x00,0x01,0x00,0x3F,0x63,0x00,0x7C,0x63,0x00,0x08,0x63,0x00,0x08,0xFF,0xC0,0x7F,0xFF,0x80,0xFF,0x63,0x00,0x18,0x63,0x00,0x08,0x63,0x00,0x18,0x7F,0x00,0x7F,0x7F,0x00,0x7F,0x63,0x00,0x63,0x63,0x00,0x63,0x63,0x00,0x7F,0x63,0x00,0x7F,0x7F,0x00,0x63,0x7F,0x00,0x00,0x41,0x00,0x00,0x00,0x00}},
/*-- char: 生 --*/
{{"\xC9\xFA"},{0x00,0x00,0x00,0x00,0x00,0x00,0x00,0xC0,0x00,0x0C,0xC0,0x00,0x08,0xC0,0x00,0x18,0xC0,0x00,0x1F,0xFF,0x80,0x3F,0xFF,0x00,0x30,0xC0,0x00,0x60,0xC0,0x00,0x00,0xC0,0x00,0x1F,0xFF,0x00,0x1F,0xFF,0x00,0x00,0xC0,0x00,0x00,0xC0,0x00,0x00,0xC0,0x00,0x00,0xC0,0x00,0x7F,0xFF,0x80,0x7F,0xFF,0x80,0x00,0x00,0x00,0x00,0x00,0x00}},
/*-- char: 用 --*/
{{"\xD3\xC3"},{0x00,0x00,0x00,0x00,0x00,0x00,0x00,0x00,0x00,0x00,0x00,0x00,0x3F,0xFF,0x00,0x3F,0xFF,0x00,0x30,0xC3,0x00,0x30,0xC3,0x00,0x3F,0xFF,0x00,0x3F,0xFF,0x00,0x30,0xC3,0x00,0x30,0xC3,0x00,0x3F,0xFF,0x00,0x3F,0xFF,0x00,0x30,0xC3,0x00,0x30,0xC3,0x00,0x30,0xC3,0x00,0x60,0xC3,0x00,0x60,0xDF,0x00,0x00,0x0E,0x00,0x00,0x00,0x00}},
/*-- char: 田 --*/
{{"\xCC\xEF"},{0x00,0x00,0x00,0x00,0x00,0x00,0x00,0x00,0x00,0x00,0x00,0x00,0x7F,0xFF,0x80,0x7F,0xFF,0x80,0x60,0xC1,0x80,0x60,0xC1,0x80,0x60,0xC1,0x80,0x60,0xC1,0x80,0x7F,0xFF,0x80,0x7F,0xFF,0x80,0x60,0xC1,0x80,0x60,0xC1,0x80,0x60,0xC1,0x80,0x60,0xC1,0x80,0x7F,0xFF,0x80,0x7F,0xFF,0x80,0x60,0x01,0x80,0x20,0x01,0x00,0x00,0x00,0x00}},
/*-- char: 由 --*/
{{"\xD3\xC9"},{0x00,0x00,0x00,0x00,0x00,0x00,0x00,0xC0,0x00,0x00,0xC0,0x00,0x00,0xC0,0x00,0x00,0xC0,0x00,0x3F,0xFF,0x00,0x3F,0xFF,0x00,0x30,0xC3,0x00,0x30,0xC3,0x00,0x30,0xC3,0x00,0x3F,0xFF,0x00,0x3F,0xFF,0x00,0x30,0xC3,0x00,0x30,0xC3,0x00,0x30,0xC3,0x00,0x30,0xC3,0x00,0x3F,0xFF,0x00,0x3F,0xFF,0x00,0x20,0x01,0x00,0x00,0x00,0x00}},
/*-- char: 界 --*/
{{"\xBD\xE7"},{0x00,0x00,0x00,0x00,0x00,0x00,0x00,0x00,0x00,0x1F,0xFE,0x00,0x1F,0xFF,0x00,0x10,0xC3,0x00,0x1F,0xFF,0x00,0x1F,0xFF,0x00,0x10,0xC3,0x00,0x1F,0xFF,0x00,0x1F,0xFE,0x00,0x06,0x18,0x00,0x1C,0x0E,0x00,0x7E,0x1F,0x80,0x66,0x19,0x80,0x06,0x18,0x00,0x06,0x18,0x00,0x1C,0x18,0x00,0x38,0x18,0x00,0x10,0x00,0x00,0x00,0x00,0x00}},
/*-- char: 留 --*/
{{"\xC1\xF4"},{0x00,0x00,0x00,0x00,0x00,0x00,0x00,0x00,0x00,0x0F,0x7F,0x00,0x3C,0x7F,0x80,0x30,0x19,0x80,0x36,0x11,0x80,0x33,0x31,0x80,0x37,0xB1,0x00,0x7F,0xEF,0x00,0x70,0xCF,0x00,0x1F,0xFE,0x00,0x1F,0xFE,0x00,0x18,0xC6,0x00,0x1F,0xFE,0x00,0x1F,0xFE,0x00,0x18,0xC6,0x00,0x1F,0xFE,0x00,0x1F,0xFE,0x00,0x10,0x02,0x00,0x00,0x00,0x00}},
/*-- char: 疼 --*/
{{"\xCC\xDB"},{0x00,0x00,0x00,0x00,0x00,0x00,0x00,0x60,0x00,0x00,0x60,0x00,0x0F,0xFF,0x80,0x1F,0xFF,0xC0,0x58,0x60,0x00,0x78,0xFE,0x00,0x79,0xFE,0x00,0x3B,0xC6,0x00,0x1E,0x7C,0x00,0x18,0x38,0x00,0x78,0xFC,0x00,0xFF,0xCF,0x80,0x1F,0x71,0x80,0x10,0x38,0x00,0x30,0x03,0x00,0x30,0xFF,0x00,0x61,0xF8,0x00,0x00,0x00,0x00,0x00,0x00,0x00}},
/*-- char: 病 --*/
{{"\xB2\xA1"},{0x00,0x00,0x00,0x00,0x00,0x00,0x00,0x60,0x00,0x00,0x60,0x00,0x0F,0xFF,0x80,0x1F,0xFF,0xC0,0x58,0x00,0x00,0x7B,0xFF,0x80,0x7F,0xFF,0x80,0x38,0x30,0x00,0x1B,0xFF,0x00,0x1B,0xFF,0x80,0x3B,0x31,0x80,0xFB,0x39,0x80,0x1B,0x7D,0x80,0x13,0xE7,0x80,0x33,0x87,0x80,0x33,0x01,0x80,0x63,0x07,0x80,0x00,0x03,0x00,0x00,0x00,0x00}},
/*-- char: 痕 --*/
{{"\xBA\xDB"},{0x00,0x00,0x00,0x00,0x00,0x00,0x00,0x60,0x00,0x00,0x60,0x00,0x0F,0xFF,0x80,0x1F,0xFF,0x80,0x58,0x00,0x00,0x79,0xFE,0x00,0x7B,0xFF,0x00,0x3B,0x02,0x00,0x1B,0xFE,0x00,0x1B,0x03,0x00,0x7B,0xFE,0x00,0xFB,0xFF,0x00,0x1B,0x33,0x80,0x33,0x1E,0x00,0x33,0x1C,0x00,0x73,0xFF,0x00,0x67,0xE3,0x80,0x00,0x00,0x80,0x00,0x00,0x00}},
/*-- char: 痛 --*/
{{"\xCD\xB4"},{0x00,0x00,0x00,0x00,0x00,0x00,0x00,0x60,0x00,0x00,0x60,0x00,0x1F,0xFF,0x80,0x1F,0xFF,0x80,0x59,0xF8,0x00,0x7B,0xFF,0x00,0x78,0xCC,0x00,0x38,0xF8,0x00,0x1B,0xFF,0x80,0x1B,0xFF,0x80,0x7B,0xFF,0x80,0xDB,0xFF,0x80,0x1A,0x31,0x80,0x33,0xFF,0x80,0x33,0xFF,0x80,0x62,0x31,0x80,0x63,0x37,0x80,0x02,0x03,0x00,0x00,0x00,0x00}},
/*-- char: 痪 --*/
{{"\xBB\xBE"},{0x00,0x00,0x00,0x00,0x00,0x00,0x00,0x20,0x00,0x00,0x60,0x00,0x1F,0xFF,0x80,0x1F,0xFF,0x80,0x58,0xC0,0x00,0x78,0xFC,0x00,0x79,0x8C,0x00,0x3B,0x1C,0x00,0x1F,0xFF,0x00,0x1B,0x33,0x00,0x7B,0x33,0x00,0xFB,0x33,0x00,0x1F,0xFF,0xC0,0x30,0x78,0x00,0x30,0xEC,0x00,0x33,0xCF,0x00,0x67,0x03,0x80,0x00,0x00,0x00,0x00,0x00,0x00}},
/*-- char: 瘫 --*/
{{"\xCC\xB1"},{0x00,0x00,0x00,0x00,0x00,0x00,0x00,0x60,0x00,0x00,0x60,0x00,0x1F,0xFF,0x80,0x1F,0xFF,0x80,0x58,0x16,0x00,0x7F,0xB6,0x00,0x3F,0xBF,0x80,0x19,0xF6,0x00,0x1D,0xF6,0x00,0x1F,0xBF,0x80,0x7B,0x36,0x00,0x7B,0x36,0x00,0x13,0xBF,0x80,0x37,0xB6,0x00,0x36,0xF6,0x00,0x6C,0x3F,0x80,0x60,0x3F,0x80,0x00,0x20,0x00,0x00,0x00,0x00}},
/*-- char: 白 --*/
{{"\xB0\xD7"},{0x00,0x00,0x00,0x00,0x00,0x00,0x00,0x80,0x00,0x00,0xC0,0x00,0x01,0x80,0x00,0x1F,0xFE,0x00,0x3F,0xFF,0x00,0x30,0x03,0x00,0x30,0x03,0x00,0x30,0x03,0x00,0x30,0x03,0x00,0x3F,0xFF,0x00,0x3F,0xFF,0x00,0x30,0x03,0x00,0x30,0x03,0x00,0x30,0x03,0x00,0x3F,0xFF,0x00,0x3F,0xFF,0x00,0x30,0x03,0x00,0x10,0x02,0x00,0x00,0x00,0x00}},
/*-- char: 的 --*/
{{"\xB5\xC4"},{0x00,0x00,0x00,0x00,0x00,0x00,0x08,0x10,0x00,0x0C,0x30,0x00,0x08,0x30,0x00,0x3F,0x3F,0x80,0x7F,0x7F,0x80,0x63,0x61,0x80,0x63,0xC1,0x80,0x63,0xC1,0x80,0x7F,0x31,0x80,0x7F,0x19,0x80,0x63,0x19,0x80,0x63,0x0D,0x80,0x63,0x01,0x80,0x63,0x01,0x80,0x7F,0x01,0x00,0x7F,0x1B,0x00,0x60,0x1E,0x00,0x00,0x00,0x00,0x00,0x00,0x00}},
/*-- char: 皮 --*/
{{"\xC6\xA4"},{0x00,0x00,0x00,0x00,0x00,0x00,0x00,0x40,0x00,0x00,0xC0,0x00,0x00,0xE0,0x00,0x3F,0xFF,0x80,0x3F,0xFF,0x00,0x30,0x43,0x00,0x30,0x43,0x00,0x3F,0xFE,0x00,0x3F,0xFE,0x00,0x37,0x06,0x00,0x33,0x06,0x00,0x31,0x8C,0x00,0x31,0xD8,0x00,0x30,0xF0,0x00,0x60,0xF8,0x00,0x67,0xDE,0x00,0x5F,0x07,0x80,0x08,0x01,0x00,0x00,0x00,0x00}},
/*-- char: 盆 --*/
{{"\xC5\xE8"},{0x00,0x00,0x00,0x00,0x00,0x00,0x02,0x10,0x00,0x06,0x18,0x00,0x0E,0x0C,0x00,0x1C,0x06,0x00,0x7F,0xFF,0x80,0x6F,0xFD,0x80,0x01,0x0C,0x00,0x03,0x0C,0x00,0x0E,0x0C,0x00,0x3C,0x78,0x00,0x38,0x70,0x00,0x1F,0xFF,0x00,0x3B,0x37,0x00,0x33,0x33,0x00,0x13,0x33,0x00,0x7F,0xFF,0x80,0xFF,0xFF,0xC0,0x00,0x00,0x00,0x00,0x00,0x00}},
/*-- char: 目 --*/
{{"\xC4\xBF"},{0x00,0x00,0x00,0x00,0x00,0x00,0x00,0x00,0x00,0x1F,0xFE,0x00,0x1F,0xFE,0x00,0x18,0x06,0x00,0x10,0x02,0x00,0x18,0x06,0x00,0x1F,0xFE,0x00,0x1F,0xFE,0x00,0x10,0x02,0x00,0x10,0x06,0x00,0x1F,0xFE,0x00,0x1F,0xFE,0x00,0x10,0x06,0x00,0x10,0x02,0x00,0x1F,0xFE,0x00,0x1F,0xFE,0x00,0x18,0x06,0x00,0x10,0x02,0x00,0x00,0x00,0x00}},
/*-- char: 直 --*/
{{"\xD6\xB1"},{0x00,0x00,0x00,0x00,0x00,0x00,0x00,0x40,0x00,0x00,0xC0,0x00,0x7F,0xFF,0x80,0x7F,0xFF,0x80,0x00,0xC0,0x00,0x27,0xFE,0x00,0x36,0x06,0x00,0x37,0xFE,0x00,0x37,0xFE,0x00,0x36,0x06,0x00,0x37,0xFE,0x00,0x36,0x06,0x00,0x37,0xFE,0x00,0x37,0xFE,0x00,0x30,0x00,0x00,0x3F,0xFF,0x80,0x3F,0xFF,0x80,0x20,0x00,0x00,0x00,0x00,0x00}},
/*-- char: 相 --*/
{{"\xCF\xE0"},{0x00,0x00,0x00,0x00,0x00,0x00,0x08,0x00,0x00,0x08,0x7F,0x80,0x08,0xFF,0x80,0x08,0xC1,0x80,0x7F,0xC1,0x80,0x7F,0xC1,0x80,0x18,0xFF,0x80,0x1C,0xFF,0x80,0x1C,0xC1,0x80,0x3E,0xC1,0x80,0x3B,0xFF,0x80,0x68,0xFF,0x80,0xC8,0xC1,0x80,0x48,0xC1,0x80,0x08,0xC1,0x80,0x08,0xFF,0x80,0x08,0xFF,0x80,0x08,0x40,0x80,0x00,0x00,0x00}},
/*-- char: 看 --*/
{{"\xBF\xB4"},{0x00,0x00,0x00,0x00,0x00,0x00,0x00,0x02,0x00,0x3F,0xFF,0x00,0x3F,0xF0,0x00,0x01,0x80,0x00,0x3F,0xFF,0x00,0x03,0x00,0x00,0x7F,0xFF,0x80,0x7F,0xFF,0x80,0x0F,0xFE,0x00,0x0F,0xFE,0x00,0x1C,0x06,0x00,0x7F,0xFE,0x00,0x6C,0x06,0x00,0x0F,0xFE,0x00,0x0F,0xFE,0x00,0x0F,0xFE,0x00,0x0F,0xFE,0x00,0x04,0x02,0x00,0x00,0x00,0x00}},
/*-- char: 真 --*/
{{"\xD5\xE6"},{0x00,0x00,0x00,0x00,0x00,0x00,0x00,0xC0,0x00,0x00,0xC0,0x00,0x7F,0xFF,0x80,0x3F,0xFF,0x80,0x0F,0xFE,0x00,0x1F,0xFE,0x00,0x1F,0xFE,0x00,0x1F,0xFE,0x00,0x1F,0xFE,0x00,0x1F,0xFE,0x00,0x1F,0xFE,0x00,0x0F,0xFE,0x00,0x00,0x00,0x00,0x7F,0xFF,0x80,0x06,0x18,0x00,0x1E,0x1E,0x00,0x78,0x07,0x80,0x20,0x01,0x00,0x00,0x00,0x00}},
/*-- char: 眼 --*/
{{"\xD1\xDB"},{0x00,0x00,0x00,0x00,0x00,0x00,0x00,0x00,0x00,0x7C,0xFF,0x80,0x7E,0xFF,0x80,0x66,0xC1,0x80,0x66,0xC1,0x80,0x7E,0xFF,0x80,0x7E,0xC1,0x80,0x66,0xC1,0x80,0x66,0xFF,0x80,0x7E,0xFF,0x00,0x7E,0xC9,0x80,0x66,0xCF,0x80,0x66,0xCF,0x00,0x7E,0xC6,0x00,0x7C,0xCE,0x00,0x61,0xFB,0x80,0x03,0xE1,0x80,0x00,0x00,0x00,0x00,0x00,0x00}},
/*-- char: 着 --*/
{{"\xD7\xC5"},{0x00,0x00,0x00,0x00,0x00,0x00,0x00,0x08,0x00,0x0C,0x0C,0x00,0x3F,0xFF,0x00,0x3F,0xFF,0x00,0x00,0xC0,0x00,0x1F,0xFE,0x00,0x00,0xC0,0x00,0x7F,0xFF,0x80,0x7F,0xFF,0x80,0x0F,0xFE,0x00,0x0F,0xFE,0x00,0x1F,0xFE,0x00,0x3F,0xFE,0x00,0x77,0xFE,0x00,0x67,0xFE,0x00,0x07,0xFE,0x00,0x07,0xFE,0x00,0x04,0x02,0x00,0x00,0x00,0x00}},
/*-- char: 睁 --*/
{{"\xD5\xF6"},{0x00,0x00,0x00,0x00,0x00,0x00,0x00,0x00,0x00,0x7C,0x60,0x00,0x7C,0xFE,0x00,0x6C,0xFE,0x00,0x65,0x8C,0x00,0x7F,0xFF,0x00,0x7F,0xFF,0x00,0x64,0x13,0x00,0x67,0xFF,0xC0,0x7F,0xFF,0xC0,0x7C,0x13,0x00,0x65,0xFF,0x00,0x6D,0xFF,0x00,0x7C,0x33,0x00,0x7C,0x30,0x00,0x60,0x30,0x00,0x00,0xF0,0x00,0x00,0x60,0x00,0x00,0x00,0x00}},
/*-- char: 睡 --*/
{{"\xCB\xAF"},{0x00,0x00,0x00,0x00,0x00,0x00,0x00,0x01,0x00,0x7D,0xFF,0x00,0x7F,0xFC,0x00,0x64,0x10,0x00,0x67,0xFF,0x80,0x7F,0xFF,0x80,0x7C,0xDB,0x00,0x66,0xDB,0x00,0x67,0xFF,0xC0,0x7F,0xFF,0x80,0x7C,0x9B,0x00,0x66,0xDB,0x00,0x67,0xFF,0x80,0x7E,0x18,0x00,0x7C,0x18,0x00,0x61,0xFA,0x80,0x03,0xFF,0xC0,0x00,0x00,0x00,0x00,0x00,0x00}},
/*-- char: 矣 --*/
{{"\xD2\xD3"},{0x00,0x00,0x00,0x00,0x00,0x00,0x00,0x00,0x00,0x03,0x00,0x00,0x06,0x1C,0x00,0x0E,0x0E,0x00,0x7F,0xFF,0x00,0x3F,0xFB,0x80,0x0C,0x00,0x00,0x1F,0xFF,0x00,0x1F,0xFF,0x00,0x30,0xC0,0x00,0x20,0xC0,0x00,0x7F,0xFF,0x80,0x7F,0xFF,0x80,0x01,0xE0,0x00,0x07,0x38,0x00,0x1E,0x1E,0x00,0x78,0x07,0x80,0x60,0x01,0x00,0x00,0x00,0x00}},
/*-- char: 知 --*/
{{"\xD6\xAA"},{0x00,0x00,0x00,0x00,0x00,0x00,0x10,0x00,0x00,0x30,0x00,0x00,0x30,0x3F,0x80,0x3F,0xBF,0x80,0x7F,0xA1,0x80,0x6C,0x21,0x80,0x4C,0x21,0x80,0x0C,0x61,0x80,0xFF,0xE1,0x80,0x7F,0xE1,0x80,0x0C,0x21,0x80,0x0E,0x21,0x80,0x1F,0x21,0x80,0x1B,0xB1,0x80,0x31,0xBF,0x80,0x70,0x3F,0x80,0x60,0x21,0x00,0x00,0x00,0x00,0x00,0x00,0x00}},
/*-- char: 砸 --*/
{{"\xD4\xD2"},{0x00,0x00,0x00,0x00,0x00,0x00,0x00,0x00,0x00,0x7F,0xFF,0x80,0x7F,0xFF,0x80,0x19,0x8C,0x00,0x11,0x8C,0x00,0x31,0xBF,0x00,0x31,0xFF,0x80,0x3D,0xED,0x80,0x7F,0xED,0x80,0xE7,0xED,0x80,0xE7,0xED,0x80,0x27,0xEF,0x80,0x27,0xAF,0x00,0x37,0x8C,0x00,0x3F,0x8C,0x00,0x3D,0xFF,0x80,0x21,0xFF,0x80,0x00,0x00,0x00,0x00,0x00,0x00}},
/*-- char: 确 --*/
{{"\xC8\xB7"},{0x00,0x00,0x00,0x00,0x00,0x00,0x00,0x00,0x00,0x7F,0x30,0x00,0x7F,0x7E,0x00,0x18,0x7E,0x00,0x10,0xCC,0x00,0x31,0xFF,0x80,0x31,0xFF,0x80,0x3E,0xC9,0x80,0x36,0xFF,0x80,0x76,0xFF,0x80,0xF6,0xC9,0x80,0x76,0xFF,0x80,0x36,0xFF,0x80,0x3E,0xC1,0x80,0x3F,0x81,0x80,0x31,0x81,0x80,0x23,0x07,0x80,0x00,0x07,0x00,0x00,0x00,0x00}},
/*-- char: 碎 --*/
{{"\xCB\xE9"},{0x00,0x00,0x00,0x00,0x00,0x00,0x00,0x00,0x00,0x7E,0x18,0x00,0x7F,0xFF,0x80,0x31,0xFF,0x80,0x30,0x62,0x00,0x30,0x66,0x00,0x30,0x46,0x00,0x3E,0xE7,0x00,0x7E,0xFD,0x80,0x77,0x99,0x80,0xF6,0x18,0x00,0x76,0xFF,0x80,0x37,0xFF,0xC0,0x3E,0x18,0x00,0x3E,0x18,0x00,0x30,0x18,0x00,0x20,0x18,0x00,0x00,0x08,0x00,0x00,0x00,0x00}},
/*-- char: 碗 --*/
{{"\xCD\xEB"},{0x00,0x00,0x00,0x00,0x00,0x00,0x00,0x10,0x00,0x7E,0x18,0x00,0xFF,0xFF,0x80,0x31,0xFF,0x80,0x31,0x81,0x80,0x31,0xC1,0x80,0x30,0xEF,0x80,0x3C,0xFF,0x80,0x7F,0xBD,0x80,0x67,0xBD,0x80,0xE7,0xED,0x80,0x66,0x6D,0x80,0x26,0x6F,0x80,0x3E,0x4C,0x00,0x3C,0xCC,0x80,0x21,0x8C,0xC0,0x23,0x0F,0x80,0x00,0x00,0x00,0x00,0x00,0x00}},
/*-- char: 社 --*/
{{"\xC9\xE7"},{0x00,0x00,0x00,0x00,0x00,0x00,0x08,0x08,0x00,0x0C,0x0C,0x00,0x08,0x0C,0x00,0x1C,0x0C,0x00,0x7F,0x0C,0x00,0x7F,0x0C,0x00,0x06,0xFF,0x80,0x0C,0xFF,0x80,0x0C,0x1C,0x00,0x1E,0x0C,0x00,0x7F,0x0C,0x00,0xE9,0x0C,0x00,0x48,0x0C,0x00,0x08,0x0C,0x00,0x08,0x0C,0x00,0x09,0xFF,0x80,0x0D,0xFF,0xC0,0x08,0x00,0x00,0x00,0x00,0x00}},
/*-- char: 祖 --*/
{{"\xD7\xE6"},{0x00,0x00,0x00,0x00,0x00,0x00,0x08,0x00,0x00,0x18,0x7F,0x00,0x18,0xFF,0x00,0x18,0xC3,0x00,0x7E,0xC3,0x00,0x7E,0xC3,0x00,0x06,0xFF,0x00,0x0C,0xFF,0x00,0x1C,0xC3,0x00,0x3E,0xC3,0x00,0x7F,0xFB,0x00,0xD9,0xFF,0x00,0x18,0xC3,0x00,0x18,0xC3,0x00,0x18,0xC3,0x00,0x19,0xFF,0x80,0x1B,0xFF,0xC0,0x08,0x00,0x00,0x00,0x00,0x00}},
/*-- char: 神 --*/
{{"\xC9\xF1"},{0x00,0x00,0x00,0x00,0x00,0x00,0x08,0x08,0x00,0x18,0x18,0x00,0x18,0x18,0x00,0x18,0xFF,0x80,0x7F,0xFF,0x80,0x77,0x99,0x80,0x05,0x99,0x80,0x0D,0xFF,0x80,0x1D,0xFF,0x80,0x3F,0x99,0x80,0x7B,0xD9,0x80,0xD9,0xFF,0x80,0x19,0xFF,0x80,0x18,0x18,0x00,0x18,0x18,0x00,0x18,0x18,0x00,0x18,0x18,0x00,0x08,0x08,0x00,0x00,0x00,0x00}},
/*-- char: 票 --*/
{{"\xC6\xB1"},{0x00,0x00,0x00,0x00,0x00,0x00,0x00,0x00,0x00,0x7F,0xFF,0x80,0x7F,0xFF,0x80,0x03,0x30,0x00,0x3F,0xFF,0x00,0x33,0x33,0x00,0x33,0x33,0x00,0x3F,0xFF,0x00,0x00,0x00,0x00,0x1F,0xFE,0x00,0x1F,0xFE,0x00,0x7F,0xFF,0x80,0x7F,0xFF,0x80,0x0C,0xC8,0x00,0x1C,0xCE,0x00,0x38,0xC7,0x00,0x63,0xC1,0x80,0x03,0x80,0x00,0x00,0x00,0x00}},
/*-- char: 祸 --*/
{{"\xBB\xF6"},{0x00,0x00,0x00,0x00,0x00,0x00,0x00,0x00,0x00,0x30,0xFF,0x00,0x19,0xFF,0x00,0x7D,0x81,0x00,0x7E,0x83,0x00,0x0C,0xFF,0x00,0x0C,0x18,0x00,0x18,0x18,0x00,0x19,0xFF,0x80,0x3D,0xB9,0x80,0x7F,0x99,0x80,0x5B,0xBD,0x80,0x19,0xB7,0x80,0x19,0xE7,0x80,0x19,0xC1,0x80,0x19,0x81,0x80,0x19,0x87,0x80,0x11,0x03,0x00,0x00,0x00,0x00}},
/*-- char: 禁 --*/
{{"\xBD\xFB"},{0x00,0x00,0x00,0x00,0x00,0x00,0x0C,0x08,0x00,0x0C,0x0C,0x00,0x7F,0x7F,0x80,0x7F,0x7F,0x80,0x1E,0x1E,0x00,0x3F,0x3F,0x00,0x6D,0xED,0x80,0x6C,0xCD,0x80,0x0C,0x0C,0x00,0x1F,0xFE,0x00,0x00,0x00,0x00,0x7F,0xFF,0x80,0x7F,0xFF,0x80,0x08,0xC8,0x00,0x18,0xCE,0x00,0x30,0xC7,0x00,0x63,0xC1,0x80,0x03,0x80,0x00,0x00,0x00,0x00}},
/*-- char: 秋 --*/
{{"\xC7\xEF"},{0x00,0x00,0x00,0x00,0x00,0x00,0x00,0x08,0x00,0x1F,0x18,0x00,0x7C,0x18,0x00,0x0C,0x18,0x00,0x0C,0x58,0x00,0x7F,0x59,0x80,0x7F,0xD9,0x80,0x1C,0xDB,0x00,0x1C,0xDB,0x00,0x3E,0x9E,0x00,0x3F,0x1C,0x00,0x6C,0x3C,0x00,0x6C,0x34,0x00,0xCC,0x36,0x00,0x0C,0x63,0x00,0x0C,0xC3,0x80,0x0D,0x81,0x80,0x08,0x00,0x00,0x00,0x00,0x00}},
/*-- char: 移 --*/
{{"\xD2\xC6"},{0x00,0x00,0x00,0x00,0x00,0x00,0x00,0x08,0x00,0x1E,0x18,0x00,0x7C,0x3F,0x00,0x48,0x7F,0x00,0x09,0xE3,0x00,0x7F,0xBE,0x00,0x7F,0x1C,0x00,0x18,0x7C,0x00,0x1D,0xFC,0x00,0x3E,0x9F,0x80,0x3F,0x3F,0x80,0x69,0xE1,0x80,0x49,0xBB,0x00,0x48,0x0E,0x00,0x08,0x1C,0x00,0x08,0x78,0x00,0x19,0xE0,0x00,0x08,0x00,0x00,0x00,0x00,0x00}},
/*-- char: 程 --*/
{{"\xB3\xCC"},{0x00,0x00,0x00,0x00,0x00,0x00,0x00,0x00,0x00,0x1E,0xFF,0x80,0x7C,0xFF,0x80,0x48,0xC1,0x80,0x08,0xC1,0x80,0x7E,0xC3,0x80,0x7F,0xFF,0x80,0x18,0x00,0x00,0x1C,0xFF,0x80,0x3F,0xFF,0x80,0x3F,0x18,0x00,0x68,0x18,0x00,0x48,0xFF,0x80,0x48,0xFF,0x80,0x08,0x18,0x00,0x09,0xDF,0x80,0x19,0xFF,0xC0,0x08,0x00,0x00,0x00,0x00,0x00}},
/*-- char: 空 --*/
{{"\xBF\xD5"},{0x00,0x00,0x00,0x00,0x00,0x00,0x00,0xC0,0x00,0x00,0xC0,0x00,0x7F,0xFF,0x80,0x7F,0xFF,0x80,0x63,0x31,0x80,0x63,0x31,0x80,0x06,0x30,0x00,0x0E,0x31,0x80,0x3C,0x3F,0x00,0x70,0x00,0x00,0x1F,0xFE,0x00,0x1F,0xFF,0x00,0x00,0xC0,0x00,0x00,0xC0,0x00,0x00,0xC0,0x00,0x7F,0xFF,0x80,0x7F,0xFF,0x80,0x00,0x00,0x00,0x00,0x00,0x00}},
/*-- char: 穿 --*/
{{"\xB4\xA9"},{0x00,0x00,0x00,0x00,0x00,0x00,0x00,0xC0,0x00,0x00,0xC0,0x00,0x7F,0xFF,0x80,0x7F,0xFF,0x80,0x63,0x31,0x80,0x06,0x33,0x00,0x3C,0x3E,0x00,0x38,0x1C,0x00,0x3F,0xFF,0x00,0x18,0x18,0x00,0x18,0x18,0x00,0x1F,0xFF,0x80,0x1F,0xFF,0x80,0x01,0xD8,0x00,0x07,0x98,0x00,0x7E,0x18,0x00,0x70,0x78,0x00,0x00,0x70,0x00,0x00,0x00,0x00}},
/*-- char: 突 --*/
{{"\xCD\xBB"},{0x00,0x00,0x00,0x00,0x00,0x00,0x00,0x80,0x00,0x00,0xC0,0x00,0x7F,0xFF,0x80,0x7F,0xFF,0x80,0x63,0x31,0x80,0x66,0x31,0x00,0x06,0x31,0x80,0x1C,0x3F,0x80,0x78,0xDF,0x00,0x00,0xC0,0x00,0x7F,0xFF,0x80,0x7F,0xFF,0x80,0x01,0xE0,0x00,0x01,0xE0,0x00,0x07,0x38,0x00,0x1E,0x1E,0x00,0x78,0x07,0x80,0x20,0x01,0x00,0x00,0x00,0x00}},
/*-- char: 窗 --*/
{{"\xB4\xB0"},{0x00,0x00,0x00,0x00,0x00,0x00,0x00,0xC0,0x00,0x00,0xC0,0x00,0x7F,0xFF,0x80,0x63,0x31,0x80,0x66,0x31,0x80,0x0E,0x3F,0x00,0x79,0xBE,0x00,0x3F,0xFF,0x00,0x3F,0xFF,0x00,0x30,0xC3,0x00,0x37,0xFB,0x00,0x37,0x93,0x00,0x36,0xF3,0x00,0x30,0xF3,0x00,0x33,0x9B,0x00,0x3F,0xFF,0x00,0x3F,0xFF,0x00,0x20,0x01,0x00,0x00,0x00,0x00}},
/*-- char: 立 --*/
{{"\xC1\xA2"},{0x00,0x00,0x00,0x00,0x00,0x00,0x00,0xC0,0x00,0x00,0xC0,0x00,0x00,0xC0,0x00,0x00,0xC0,0x00,0x7F,0xFF,0x80,0x7F,0xFF,0x80,0x08,0x04,0x00,0x0C,0x0C,0x00,0x0C,0x0C,0x00,0x04,0x0C,0x00,0x06,0x18,0x00,0x06,0x18,0x00,0x06,0x18,0x00,0x06,0x30,0x00,0x00,0x30,0x00,0x7F,0xFF,0x80,0x7F,0xFF,0x80,0x00,0x00,0x00,0x00,0x00,0x00}},
/*-- char: 站 --*/
{{"\xD5\xBE"},{0x00,0x00,0x00,0x00,0x00,0x00,0x00,0x18,0x00,0x08,0x18,0x00,0x08,0x18,0x00,0x08,0x18,0x00,0x7F,0x1F,0xC0,0x7F,0x1F,0xC0,0x22,0x18,0x00,0x26,0x18,0x00,0x36,0x18,0x00,0x36,0xFF,0x80,0x36,0xFF,0x80,0x36,0xC1,0x80,0x37,0xC1,0x80,0x3F,0xC1,0x80,0xFC,0xC1,0x80,0x40,0xFF,0x80,0x00,0xFF,0x80,0x00,0xC1,0x00,0x00,0x00,0x00}},
/*-- char: 竟 --*/
{{"\xBE\xB9"},{0x00,0x00,0x00,0x00,0x00,0x00,0x00,0xC0,0x00,0x00,0xC0,0x00,0x3F,0xFF,0x00,0x0E,0x1C,0x00,0x06,0x18,0x00,0x7F,0xFF,0x80,0x7F,0xFF,0x80,0x1F,0xFE,0x00,0x1F,0xFE,0x00,0x1F,0xFE,0x00,0x1F,0xFE,0x00,0x10,0x06,0x00,0x1F,0xFE,0x00,0x1F,0xFE,0x00,0x06,0x30,0x80,0x1E,0x30,0xC0,0x78,0x3F,0x80,0x60,0x0F,0x00,0x00,0x00,0x00}},
/*-- char: 章 --*/
{{"\xD5\xC2"},{0x00,0x00,0x00,0x00,0x00,0x00,0x00,0xC0,0x00,0x00,0xC0,0x00,0x3F,0xFF,0x00,0x0E,0x1C,0x00,0x06,0x18,0x00,0x7F,0xFF,0x80,0x7F,0xFF,0x80,0x1F,0xFE,0x00,0x1F,0xFE,0x00,0x1F,0xFE,0x00,0x1F,0xFE,0x00,0x18,0x06,0x00,0x1F,0xFE,0x00,0x1F,0xFE,0x00,0x7F,0xFF,0x80,0x00,0xC0,0x00,0x00,0xC0,0x00,0x00,0xC0,0x00,0x00,0x00,0x00}},
/*-- char: 笑 --*/
{{"\xD0\xA6"},{0x00,0x00,0x00,0x00,0x00,0x00,0x10,0x00,0x00,0x18,0x30,0x00,0x1F,0xFF,0x80,0x3F,0xFF,0x80,0x64,0xCC,0x00,0x66,0xC4,0x00,0x00,0x7F,0x00,0x3F,0xFE,0x00,0x3E,0xC0,0x00,0x00,0xC0,0x00,0x7F,0xFF,0x80,0x7F,0xFF,0x80,0x01,0xE0,0x00,0x03,0x30,0x00,0x06,0x18,0x00,0x1C,0x0E,0x00,0x78,0x07,0x80,0x00,0x01,0x00,0x00,0x00,0x00}},
/*-- char: 笔 --*/
{{"\xB1\xCA"},{0x00,0x00,0x00,0x00,0x00,0x00,0x10,0x20,0x00,0x18,0x30,0x00,0x3F,0xFF,0x80,0x3F,0xFF,0x80,0x64,0xCC,0x00,0x66,0x8E,0x00,0x07,0xFE,0x00,0x3F,0xF0,0x00,0x01,0x82,0x00,0x1F,0xFF,0x00,0x3F,0xE0,0x00,0x01,0x81,0x80,0x0F,0xFF,0x80,0x7F,0xF8,0x00,0x01,0x81,0x80,0x01,0x81,0x80,0x00,0xFF,0x00,0x00,0x3E,0x00,0x00,0x00,0x00}},
/*-- char: 第 --*/
{{"\xB5\xDA"},{0x00,0x00,0x00,0x00,0x00,0x00,0x10,0x20,0x00,0x18,0x30,0x00,0x3F,0xFF,0x80,0x3F,0xFF,0x80,0x6C,0xCC,0x00,0x7F,0xFE,0x00,0x3F,0xFF,0x00,0x00,0xC3,0x00,0x1F,0xFF,0x00,0x1F,0xFF,0x00,0x10,0xC0,0x00,0x3F,0xFF,0x80,0x3F,0xFF,0x80,0x23,0xC1,0x80,0x0E,0xC1,0x00,0x3C,0xCF,0x00,0x70,0xCE,0x00,0x00,0xC0,0x00,0x00,0x00,0x00}},
/*-- char: 等 --*/
{{"\xB5\xC8"},{0x00,0x00,0x00,0x00,0x00,0x00,0x10,0x20,0x00,0x18,0x30,0x00,0x3F,0xFF,0x80,0x7F,0xFF,0x80,0x6C,0xCC,0x00,0x44,0xC4,0x00,0x3F,0xFF,0x00,0x00,0xC0,0x00,0x00,0xC0,0x00,0x7F,0xFF,0xC0,0x00,0x0C,0x00,0x3F,0xFF,0x80,0x7F,0xFF,0x80,0x0C,0x0C,0x00,0x06,0x0C,0x00,0x03,0x0C,0x00,0x00,0x78,0x00,0x00,0x30,0x00,0x00,0x00,0x00}},
/*-- char: 答 --*/
{{"\xB4\xF0"},{0x00,0x00,0x00,0x00,0x00,0x00,0x18,0x30,0x00,0x18,0x30,0x00,0x3F,0xFF,0x80,0x3F,0xFF,0x80,0x6C,0xCC,0x00,0x45,0xC4,0x00,0x03,0xF0,0x00,0x07,0x38,0x00,0x0E,0x1C,0x00,0x3F,0xFF,0x00,0x70,0x03,0x80,0x0F,0xFC,0x00,0x1F,0xFE,0x00,0x08,0x06,0x00,0x08,0x06,0x00,0x0F,0xFE,0x00,0x1F,0xFE,0x00,0x08,0x04,0x00,0x00,0x00,0x00}},
/*-- char: 算 --*/
{{"\xCB\xE3"},{0x00,0x00,0x00,0x00,0x00,0x00,0x10,0x20,0x00,0x18,0x30,0x00,0x3F,0xFF,0x80,0x6C,0xCC,0x00,0x6F,0xFE,0x00,0x1F,0xFE,0x00,0x1F,0xFE,0x00,0x1F,0xFE,0x00,0x1F,0xFE,0x00,0x1F,0xFE,0x00,0x1F,0xFE,0x00,0x1F,0xFE,0x00,0x06,0x18,0x00,0x7F,0xFF,0x80,0x7F,0xFF,0x80,0x1C,0x18,0x00,0x78,0x18,0x00,0x20,0x08,0x00,0x00,0x00,0x00}},
/*-- char: 管 --*/
{{"\xB9\xDC"},{0x00,0x00,0x00,0x00,0x00,0x00,0x10,0x20,0x00,0x18,0x30,0x00,0x3F,0xFF,0xC0,0x6C,0xCC,0x00,0x44,0xC4,0x00,0x3F,0xFF,0x80,0x7F,0xFF,0x80,0x60,0x01,0x80,0x6F,0xFD,0x80,0x0C,0x0C,0x00,0x0F,0xFC,0x00,0x0F,0xFC,0x00,0x0C,0x00,0x00,0x0F,0xFE,0x00,0x0C,0x06,0x00,0x0F,0xFE,0x00,0x0F,0xFF,0x00,0x08,0x02,0x00,0x00,0x00,0x00}},
/*-- char: 箸 --*/
{{"\xF3\xE7"},{0x00,0x00,0x00,0x00,0x00,0x00,0x10,0x20,0x00,0x18,0x30,0x00,0x3F,0xFF,0x80,0x3F,0xFF,0x80,0x6C,0xCC,0x00,0x45,0x83,0x00,0x1F,0xFF,0x00,0x01,0x9C,0x00,0x7F,0xFF,0x80,0x7F,0xFF,0x80,0x03,0xD8,0x00,0x1F,0xFF,0x00,0x7F,0xFF,0x00,0x67,0xFF,0x00,0x07,0xFF,0x00,0x07,0xFF,0x00,0x07,0xFF,0x00,0x04,0x00,0x00,0x00,0x00,0x00}},
/*-- char: 簌 --*/
{{"\xF3\xF9"},{0x00,0x00,0x00,0x00,0x00,0x00,0x10,0x20,0x00,0x18,0x30,0x00,0x3F,0xFF,0xC0,0x7F,0xFF,0x80,0x6C,0xCC,0x00,0x4D,0xB0,0x00,0x7F,0xB0,0x00,0x0C,0x3F,0x80,0x7F,0xFD,0x80,0x7F,0xED,0x80,0x6D,0xCD,0x00,0x7F,0x8C,0x00,0x3F,0x1C,0x00,0x1E,0x1E,0x00,0x3F,0xB6,0x00,0x6C,0xE3,0x00,0x4C,0xC1,0x80,0x04,0x00,0x00,0x00,0x00,0x00}},
/*-- char: 类 --*/
{{"\xC0\xE0"},{0x00,0x00,0x00,0x00,0x00,0x00,0x00,0xC0,0x00,0x18,0xC6,0x00,0x0C,0xCC,0x00,0x06,0xDC,0x00,0x7F,0xFF,0x80,0x7F,0xFF,0x80,0x07,0xF0,0x00,0x0E,0xDE,0x00,0x78,0xC7,0x80,0x60,0xD9,0x80,0x00,0xCC,0x00,0x7F,0xFF,0x80,0x7F,0xFF,0x80,0x01,0xE0,0x00,0x03,0x30,0x00,0x1E,0x1E,0x00,0x7C,0x0F,0x80,0x20,0x01,0x00,0x00,0x00,0x00}},
/*-- char: 系 --*/
{{"\xCF\xB5"},{0x00,0x00,0x00,0x00,0x00,0x00,0x00,0x00,0x00,0x03,0xFF,0x00,0x7F,0xFE,0x00,0x23,0x00,0x00,0x07,0x18,0x00,0x3E,0x30,0x00,0x1C,0x60,0x00,0x0E,0xC8,0x00,0x03,0x8C,0x00,0x03,0x06,0x00,0x7F,0xFF,0x00,0x7F,0xFF,0x80,0x04,0xC8,0x80,0x0C,0xCC,0x00,0x18,0xC7,0x00,0x70,0xC3,0x80,0x60,0xC1,0x80,0x00,0xC0,0x00,0x00,0x00,0x00}},
/*-- char: 紧 --*/
{{"\xBD\xF4"},{0x00,0x00,0x00,0x00,0x00,0x00,0x00,0x00,0x00,0x26,0xFF,0x00,0x36,0xFF,0x00,0x36,0x66,0x00,0x36,0x3E,0x00,0x36,0x3C,0x00,0x36,0xFF,0x00,0x27,0xC7,0x80,0x07,0x10,0x00,0x1F,0xF0,0x00,0x1F,0xCC,0x00,0x0F,0x8E,0x00,0x3F,0xFF,0x00,0x3F,0xC1,0x80,0x0C,0xCC,0x00,0x38,0xC7,0x00,0x73,0xC3,0x00,0x01,0x80,0x00,0x00,0x00,0x00}},
/*-- char: 紫 --*/
{{"\xD7\xCF"},{0x00,0x00,0x00,0x00,0x00,0x00,0x04,0x20,0x00,0x04,0x21,0x00,0x27,0xEF,0x00,0x27,0xFE,0x00,0x24,0x30,0x00,0x27,0xE0,0x80,0x7F,0xBF,0x80,0x71,0x9F,0x00,0x03,0x18,0x00,0x1E,0x70,0x00,0x0F,0xCC,0x00,0x03,0x8E,0x00,0x7F,0xFF,0x80,0x7E,0xC1,0x80,0x0C,0xCC,0x00,0x38,0xC7,0x00,0x70,0xC3,0x80,0x00,0xC0,0x00,0x00,0x00,0x00}},
/*-- char: 絮 --*/
{{"\xD0\xF5"},{0x00,0x00,0x00,0x00,0x00,0x00,0x08,0x00,0x00,0x0C,0x00,0x00,0x7F,0xBF,0x80,0x7F,0xB1,0x80,0x31,0x31,0x80,0x7B,0x31,0x80,0x0E,0x3F,0x80,0x1F,0xBF,0x80,0x7B,0x90,0x00,0x2E,0x30,0x00,0x0E,0xEC,0x00,0x03,0xCE,0x00,0x7F,0xFF,0x00,0x7F,0xFD,0x80,0x0C,0xCC,0x00,0x38,0xC7,0x00,0x70,0xC1,0x80,0x00,0xC0,0x00,0x00,0x00,0x00}},
/*-- char: 红 --*/
{{"\xBA\xEC"},{0x00,0x00,0x00,0x00,0x00,0x00,0x00,0x00,0x00,0x0C,0x00,0x00,0x18,0xFF,0x80,0x19,0xFF,0x80,0x32,0x18,0x00,0x36,0x18,0x00,0x7E,0x18,0x00,0x7C,0x18,0x00,0x18,0x18,0x00,0x30,0x18,0x00,0x3E,0x18,0x00,0x7E,0x18,0x00,0x60,0x18,0x00,0x00,0x18,0x00,0x3E,0x18,0x00,0xFD,0xFF,0xC0,0x41,0xFF,0x80,0x00,0x00,0x00,0x00,0x00,0x00}},
/*-- char: 约 --*/
{{"\xD4\xBC"},{0x00,0x00,0x00,0x00,0x00,0x00,0x00,0x20,0x00,0x0C,0x30,0x00,0x18,0x60,0x00,0x18,0x60,0x00,0x30,0x7F,0x80,0x36,0xFF,0x80,0x7E,0xC1,0x80,0x7D,0x81,0x80,0x18,0x61,0x80,0x10,0x31,0x80,0x3E,0x19,0x80,0x7E,0x09,0x80,0x60,0x01,0x80,0x00,0x01,0x00,0x3F,0x03,0x00,0xFC,0x03,0x00,0x40,0x1F,0x00,0x00,0x0C,0x00,0x00,0x00,0x00}},
/*-- char: 级 --*/
{{"\xBC\xB6"},{0x00,0x00,0x00,0x00,0x00,0x00,0x00,0x00,0x00,0x09,0xFE,0x00,0x19,0xFE,0x00,0x18,0x66,0x00,0x32,0x66,0x00,0x26,0x64,0x00,0x7C,0x6D,0x00,0xFC,0x6F,0x80,0x18,0x61,0x80,0x32,0xF3,0x00,0x3E,0xF3,0x00,0x78,0xDA,0x00,0x40,0xDE,0x00,0x0F,0x8C,0x00,0x7D,0x9E,0x00,0x71,0xB3,0x00,0x03,0x61,0x80,0x00,0x00,0x00,0x00,0x00,0x00}},
/*-- char: 纪 --*/
{{"\xBC\xCD"},{0x00,0x00,0x00,0x00,0x00,0x00,0x00,0x00,0x00,0x0C,0xFF,0x00,0x18,0xFF,0x00,0x18,0x03,0x00,0x32,0x01,0x00,0x33,0x01,0x00,0x7E,0x01,0x00,0x7C,0x7F,0x00,0x18,0xFF,0x00,0x18,0xC3,0x00,0x7F,0xC0,0x00,0x7E,0xC0,0x00,0x40,0xC0,0x00,0x00,0xC0,0xC0,0x3F,0xC0,0xC0,0x7C,0xFF,0x80,0x40,0x7F,0x80,0x00,0x00,0x00,0x00,0x00,0x00}},
/*-- char: 线 --*/
{{"\xCF\xDF"},{0x00,0x00,0x00,0x00,0x00,0x00,0x00,0x10,0x00,0x0C,0x36,0x00,0x18,0x33,0x00,0x18,0x31,0x00,0x32,0x7F,0x80,0x36,0xFE,0x00,0x7E,0x30,0x00,0x7C,0x1F,0x80,0x18,0xFF,0x80,0x19,0xF8,0x00,0x3E,0x19,0x80,0x7E,0x1B,0x00,0x60,0x1E,0x00,0x06,0x1C,0x00,0x3E,0x3C,0x80,0x79,0xE6,0xC0,0x01,0xC7,0x80,0x00,0x01,0x00,0x00,0x00,0x00}},
/*-- char: 组 --*/
{{"\xD7\xE9"},{0x00,0x00,0x00,0x00,0x00,0x00,0x00,0x00,0x00,0x0C,0x7F,0x00,0x18,0xFF,0x00,0x18,0xC3,0x00,0x32,0xC3,0x00,0x36,0xC3,0x00,0x7E,0xFF,0x00,0x7C,0xFF,0x00,0x08,0xC3,0x00,0x18,0xC3,0x00,0x3E,0x43,0x00,0x7E,0xFF,0x00,0x60,0xFB,0x00,0x02,0xC3,0x00,0x7E,0x43,0x00,0x79,0xFF,0x80,0x01,0xFF,0xC0,0x00,0x00,0x00,0x00,0x00,0x00}},
/*-- char: 细 --*/
{{"\xCF\xB8"},{0x00,0x00,0x00,0x00,0x00,0x00,0x00,0x00,0x00,0x0C,0xFF,0x00,0x19,0xFF,0x80,0x19,0x99,0x80,0x31,0x99,0x80,0x33,0x99,0x80,0x7F,0x99,0x80,0x7C,0x99,0x80,0x1D,0xFF,0x80,0x18,0xFF,0x80,0x37,0x99,0x80,0x7F,0x99,0x80,0x60,0x99,0x80,0x01,0x99,0x80,0x3F,0xFF,0x80,0xFD,0xFF,0x80,0x41,0x81,0x80,0x00,0x00,0x00,0x00,0x00,0x00}},
/*-- char: 终 --*/
{{"\xD6\xD5"},{0x00,0x00,0x00,0x00,0x00,0x00,0x00,0x10,0x00,0x18,0x30,0x00,0x18,0x7F,0x00,0x18,0x7F,0x00,0x30,0xE3,0x00,0x27,0xB6,0x00,0x7D,0x1C,0x00,0x7C,0x1C,0x00,0x18,0x7E,0x00,0x31,0xE3,0x80,0x3F,0x91,0x80,0x7E,0x3C,0x00,0x40,0x0E,0x00,0x00,0x40,0x00,0x3E,0xF8,0x00,0xFC,0x3E,0x00,0x40,0x07,0x00,0x00,0x00,0x00,0x00,0x00,0x00}},
/*-- char: 经 --*/
{{"\xBE\xAD"},{0x00,0x00,0x00,0x00,0x00,0x00,0x00,0x00,0x00,0x0C,0xFE,0x00,0x19,0xFF,0x00,0x18,0x06,0x00,0x30,0x0E,0x00,0x26,0x1C,0x00,0x7E,0x3E,0x00,0x7C,0xE7,0x80,0x19,0xC1,0x80,0x18,0x00,0x00,0x3F,0xFF,0x80,0x7E,0xFB,0x00,0x60,0x18,0x00,0x02,0x18,0x00,0x7E,0x18,0x00,0x79,0xFF,0x80,0x03,0xFF,0xC0,0x00,0x00,0x00,0x00,0x00,0x00}},
/*-- char: 结 --*/
{{"\xBD\xE1"},{0x00,0x00,0x00,0x00,0x00,0x00,0x00,0x08,0x00,0x18,0x18,0x00,0x18,0x18,0x00,0x19,0xFF,0x80,0x31,0xFF,0x80,0x26,0x18,0x00,0x7E,0x18,0x00,0xFC,0xFF,0x80,0x18,0xFF,0x80,0x30,0x00,0x00,0x3E,0xFF,0x00,0x7E,0xFF,0x80,0x40,0xC1,0x80,0x00,0xC1,0x80,0x3F,0xC1,0x80,0xFC,0xFF,0x80,0x40,0xFF,0x80,0x00,0xC1,0x00,0x00,0x00,0x00}},
/*-- char: 给 --*/
{{"\xB8\xF8"},{0x00,0x00,0x00,0x00,0x00,0x00,0x00,0x00,0x00,0x18,0x18,0x00,0x18,0x38,0x00,0x18,0x3C,0x00,0x32,0x66,0x00,0x26,0xC7,0x00,0x7F,0xFF,0x80,0x7D,0xFF,0x80,0x18,0x00,0x00,0x30,0x00,0x00,0x3E,0xFF,0x00,0x7E,0xFF,0x00,0x60,0xC3,0x00,0x00,0xC3,0x00,0x3E,0xC3,0x00,0x7C,0xFF,0x00,0x40,0xFF,0x00,0x00,0x82,0x00,0x00,0x00,0x00}},
/*-- char: 绝 --*/
{{"\xBE\xF8"},{0x00,0x00,0x00,0x00,0x00,0x00,0x08,0x20,0x00,0x0C,0x60,0x00,0x18,0x7E,0x00,0x18,0xFE,0x00,0x30,0xC4,0x00,0x27,0xCD,0x00,0x7F,0xFF,0x80,0x7C,0xD9,0x80,0x18,0xD9,0x80,0x30,0x99,0x80,0x3E,0xFF,0x80,0x7E,0xFF,0x00,0x40,0x80,0x00,0x02,0xC0,0x00,0x3F,0xC0,0x80,0xF8,0xC1,0x80,0x40,0xFF,0x80,0x00,0x3E,0x00,0x00,0x00,0x00}},
/*-- char: 统 --*/
{{"\xCD\xB3"},{0x00,0x00,0x00,0x00,0x00,0x00,0x00,0x10,0x00,0x0C,0x18,0x00,0x18,0x18,0x00,0x19,0xFF,0x80,0x31,0xFF,0x80,0x26,0x32,0x00,0x7E,0x63,0x00,0x7C,0xCF,0x00,0x19,0xFF,0x80,0x31,0xED,0x80,0x3E,0x6C,0x00,0x7C,0x6C,0x00,0x40,0x6C,0x00,0x06,0xCC,0x80,0x7E,0xCC,0xC0,0x71,0x8F,0x80,0x03,0x07,0x80,0x00,0x00,0x00,0x00,0x00,0x00}},
/*-- char: 缩 --*/
{{"\xCB\xF5"},{0x00,0x00,0x00,0x00,0x00,0x00,0x00,0x10,0x00,0x08,0x18,0x00,0x19,0xFF,0x80,0x1B,0xFF,0x80,0x33,0x00,0x80,0x27,0xFF,0x80,0x7C,0xFF,0x80,0x79,0x8C,0x00,0x19,0xBF,0x80,0x33,0xBF,0x80,0x3F,0xB1,0x80,0x7D,0xB1,0x80,0x41,0xBF,0x80,0x0F,0xB1,0x80,0x7D,0xB1,0x80,0x61,0xBF,0x80,0x01,0xBF,0x80,0x00,0x20,0x00,0x00,0x00,0x00}},
/*-- char: 罢 --*/
{{"\xB0\xD5"},{0x00,0x00,0x00,0x00,0x00,0x00,0x00,0x00,0x00,0x3F,0xFF,0x00,0x7F,0xFF,0x80,0x63,0x31,0x80,0x63,0x31,0x80,0x7F,0xFF,0x80,0x3F,0xFF,0x00,0x00,0xC0,0x00,0x3F,0xFF,0x00,0x3F,0xFF,0x00,0x00,0xC0,0x00,0x7F,0xFF,0x80,0x7F,0xFF,0x80,0x06,0x0C,0x00,0x0C,0x0E,0x00,0x3F,0xFF,0x00,0x3F,0xFB,0x00,0x00,0x00,0x00,0x00,0x00,0x00}},
/*-- char: 美 --*/
{{"\xC3\xC0"},{0x00,0x00,0x00,0x00,0x00,0x00,0x00,0x00,0x00,0x0C,0x0C,0x00,0x06,0x18,0x00,0x7F,0xFF,0x80,0x3F,0xFF,0x00,0x00,0xC0,0x00,0x3F,0xFF,0x00,0x00,0xC0,0x00,0x7F,0xFF,0x80,0x7F,0xFF,0x80,0x00,0xC0,0x00,0x7F,0xFF,0x80,0x7F,0xFF,0x80,0x01,0xE0,0x00,0x07,0x30,0x00,0x1E,0x1E,0x00,0x78,0x0F,0x80,0x00,0x01,0x80,0x00,0x00,0x00}},
/*-- char: 翻 --*/
{{"\xB7\xAD"},{0x00,0x00,0x00,0x00,0x00,0x00,0x00,0x00,0x00,0x7F,0x7F,0x80,0x7D,0x7F,0x80,0x2D,0x19,0x80,0x3F,0x5D,0x80,0x7F,0xFF,0x80,0x1E,0x3B,0x80,0x3F,0x3B,0x80,0x6D,0x99,0x80,0x6C,0x19,0x80,0x7F,0xBB,0x80,0x6D,0xFF,0x80,0x7F,0xDD,0x80,0x7F,0x99,0x80,0x6D,0x99,0x80,0x7F,0x99,0x80,0x7F,0xBB,0x80,0x00,0x33,0x00,0x00,0x00,0x00}},
/*-- char: 老 --*/
{{"\xC0\xCF"},{0x00,0x00,0x00,0x00,0x00,0x00,0x01,0x00,0x00,0x01,0x81,0x00,0x01,0x83,0x00,0x3F,0xFE,0x00,0x1F,0xFC,0x00,0x01,0x98,0x00,0x7F,0xFF,0x80,0x7F,0xFF,0x80,0x01,0xC0,0x00,0x03,0x80,0x00,0x0E,0x0E,0x00,0x7E,0x7C,0x00,0x73,0xE0,0x00,0x07,0x01,0x00,0x06,0x01,0x80,0x07,0x03,0x80,0x03,0xFF,0x00,0x00,0xFC,0x00,0x00,0x00,0x00}},
/*-- char: 者 --*/
{{"\xD5\xDF"},{0x00,0x00,0x00,0x00,0x00,0x00,0x01,0x00,0x00,0x01,0x81,0x00,0x11,0x93,0x00,0x3F,0xFE,0x00,0x01,0x8C,0x00,0x01,0x98,0x00,0x7F,0xFF,0x80,0x7F,0xFF,0x80,0x03,0x80,0x00,0x07,0xFE,0x00,0x3F,0xFE,0x00,0x7C,0x06,0x00,0x4F,0xFE,0x00,0x0F,0xFE,0x00,0x0C,0x06,0x00,0x0F,0xFE,0x00,0x0F,0xFE,0x00,0x04,0x02,0x00,0x00,0x00,0x00}},
/*-- char: 而 --*/
{{"\xB6\xF8"},{0x00,0x00,0x00,0x00,0x00,0x00,0x00,0x00,0x00,0x7F,0xFF,0x80,0x7F,0xFF,0x80,0x01,0xC0,0x00,0x01,0x80,0x00,0x3F,0xFF,0x00,0x3F,0xFF,0x00,0x33,0x33,0x00,0x33,0x31,0x00,0x33,0x31,0x00,0x33,0x31,0x00,0x33,0x31,0x00,0x33,0x31,0x00,0x33,0x31,0x00,0x33,0x31,0x00,0x33,0x33,0x00,0x33,0x3F,0x00,0x20,0x06,0x00,0x00,0x00,0x00}},
/*-- char: 聪 --*/
{{"\xB4\xCF"},{0x00,0x00,0x00,0x00,0x00,0x00,0x00,0x00,0x00,0x7F,0x63,0x00,0x7F,0x26,0x00,0x26,0x36,0x00,0x26,0xFF,0x80,0x3E,0xFF,0x80,0x3E,0xC1,0x80,0x26,0xC1,0x80,0x26,0xFF,0x80,0x3E,0xFF,0x80,0x26,0x18,0x00,0x26,0x38,0x00,0x2F,0xED,0x00,0x7F,0xE5,0x80,0x67,0xE3,0x80,0x07,0xA2,0xC0,0x06,0x3E,0x00,0x04,0x00,0x00,0x00,0x00,0x00}},
/*-- char: 肝 --*/
{{"\xB8\xCE"},{0x00,0x00,0x00,0x00,0x00,0x00,0x00,0x00,0x00,0x3E,0x7F,0x00,0x3F,0xFF,0x80,0x23,0x1C,0x00,0x23,0x18,0x00,0x3F,0x18,0x00,0x3F,0x18,0x00,0x33,0x18,0x00,0x23,0xFF,0xC0,0x33,0xFF,0x80,0x3F,0x18,0x00,0x7F,0x18,0x00,0x63,0x18,0x00,0x63,0x18,0x00,0x63,0x18,0x00,0x63,0x18,0x00,0x4E,0x18,0x00,0x0C,0x08,0x00,0x00,0x00,0x00}},
/*-- char: 股 --*/
{{"\xB9\xC9"},{0x00,0x00,0x00,0x00,0x00,0x00,0x00,0x00,0x00,0x3E,0x7E,0x00,0x3E,0x7E,0x00,0x26,0x66,0x00,0x26,0x46,0x80,0x3E,0xC6,0xC0,0x3F,0xC7,0x80,0x27,0x83,0x00,0x26,0xFF,0x00,0x37,0xFF,0x00,0x3E,0x43,0x00,0x7E,0x66,0x00,0x66,0x36,0x00,0x66,0x3C,0x00,0x66,0x3C,0x00,0x66,0xFF,0x00,0x4F,0xC3,0x80,0x0C,0x00,0x00,0x00,0x00,0x00}},
/*-- char: 肥 --*/
{{"\xB7\xCA"},{0x00,0x00,0x00,0x00,0x00,0x00,0x00,0x00,0x00,0x3E,0xFF,0x80,0x3E,0xFF,0x80,0x26,0xC9,0x80,0x26,0xC9,0x80,0x3E,0xC9,0x80,0x3E,0xC9,0x80,0x26,0xD9,0x80,0x26,0xFF,0x80,0x3E,0xFF,0x80,0x7E,0xC1,0x00,0x66,0xC0,0x00,0x66,0xC0,0x80,0x66,0xC0,0xC0,0x66,0xC0,0x80,0x66,0xFF,0x80,0x4E,0x7F,0x80,0x0C,0x00,0x00,0x00,0x00,0x00}},
/*-- char: 肯 --*/
{{"\xBF\xCF"},{0x00,0x00,0x00,0x00,0x00,0x00,0x00,0xC0,0x00,0x08,0xC0,0x00,0x0C,0xFE,0x00,0x0C,0xFE,0x00,0x0C,0xC0,0x00,0x7F,0xFF,0x80,0x7F,0xFF,0x80,0x00,0x00,0x00,0x1F,0xFE,0x00,0x18,0x06,0x00,0x1F,0xFE,0x00,0x1F,0xFE,0x00,0x18,0x06,0x00,0x1F,0xFE,0x00,0x18,0x06,0x00,0x18,0x06,0x00,0x18,0x3E,0x00,0x18,0x18,0x00,0x00,0x00,0x00}},
/*-- char: 背 --*/
{{"\xB1\xB3"},{0x00,0x00,0x00,0x00,0x00,0x00,0x02,0x20,0x00,0x03,0x31,0x00,0x7F,0x3F,0x00,0x7F,0x3C,0x00,0x03,0x30,0x00,0x7F,0x31,0x80,0x73,0x3F,0x80,0x03,0x1E,0x00,0x1F,0xFE,0x00,0x18,0x06,0x00,0x1F,0xFE,0x00,0x1F,0xFE,0x00,0x18,0x06,0x00,0x1F,0xFE,0x00,0x1F,0xFE,0x00,0x18,0x06,0x00,0x18,0x3E,0x00,0x08,0x1C,0x00,0x00,0x00,0x00}},
/*-- char: 胖 --*/
{{"\xC5\xD6"},{0x00,0x00,0x00,0x00,0x00,0x00,0x00,0x08,0x00,0x3E,0x18,0x00,0x3E,0x6B,0x00,0x26,0xD9,0x00,0x26,0xD9,0x80,0x3F,0x98,0x80,0x3E,0xFF,0x00,0x36,0xFF,0x80,0x26,0x1C,0x00,0x36,0x08,0x00,0x3F,0xFF,0x80,0x7F,0xFF,0xC0,0x66,0x18,0x00,0x66,0x18,0x00,0x66,0x18,0x00,0x66,0x18,0x00,0x4E,0x18,0x00,0x0C,0x08,0x00,0x00,0x00,0x00}},
/*-- char: 能 --*/
{{"\xC4\xDC"},{0x00,0x00,0x00,0x00,0x00,0x00,0x08,0x20,0x00,0x18,0x30,0x00,0x1B,0x33,0x00,0x31,0x3F,0x00,0xFF,0xB8,0x00,0x7F,0xF0,0x80,0x00,0x30,0x80,0x3F,0x3F,0x80,0x7F,0x9F,0x00,0x61,0xA0,0x00,0x7F,0xB3,0x00,0x61,0xBF,0x00,0x7F,0xBC,0x00,0x7F,0xB0,0x00,0x61,0xB0,0xC0,0x61,0xB0,0xC0,0x67,0x3F,0x80,0x26,0x0F,0x00,0x00,0x00,0x00}},
/*-- char: 脑 --*/
{{"\xC4\xD4"},{0x00,0x00,0x00,0x00,0x00,0x00,0x00,0x00,0x00,0x7E,0x30,0x00,0x7E,0x18,0x00,0x67,0xFF,0x80,0x67,0xFF,0x80,0x7E,0x04,0x00,0x7F,0xED,0x80,0x67,0xED,0x80,0x67,0xBD,0x80,0x6F,0x99,0x80,0x7F,0x99,0x80,0x67,0xBD,0x80,0x67,0xA7,0x80,0x67,0xE5,0x80,0x67,0x81,0x80,0x47,0xFF,0x80,0xCC,0xFF,0x80,0x08,0x00,0x00,0x00,0x00,0x00}},
/*-- char: 脚 --*/
{{"\xBD\xC5"},{0x00,0x00,0x00,0x00,0x00,0x00,0x00,0x80,0x00,0x3C,0xCF,0x80,0x7C,0xCF,0x80,0x6F,0xFD,0x80,0x6F,0xFD,0x80,0x7C,0xCD,0x80,0x7C,0xCD,0x80,0x6F,0xFD,0x80,0x6F,0xFD,0x80,0x6D,0x8D,0x80,0x7D,0x8D,0x80,0x6D,0xED,0x80,0x6D,0x2D,0x80,0x6D,0xFF,0x80,0x6F,0xFD,0x00,0x4D,0x1C,0x00,0xDC,0x0C,0x00,0x18,0x08,0x00,0x00,0x00,0x00}},
/*-- char: 脸 --*/
{{"\xC1\xB3"},{0x00,0x00,0x00,0x00,0x00,0x00,0x00,0x10,0x00,0x3C,0x18,0x00,0x7E,0x38,0x00,0x66,0x6C,0x00,0x66,0xE6,0x00,0x7F,0xC3,0x00,0x7F,0xFF,0xC0,0x67,0x7E,0x80,0x66,0x00,0x00,0x66,0x99,0x80,0x7E,0x99,0x00,0x7E,0xDB,0x00,0x66,0xDA,0x00,0x66,0xC6,0x00,0x66,0x06,0x00,0x47,0xFF,0x80,0xDF,0xFF,0x80,0x08,0x00,0x00,0x00,0x00,0x00}},
/*-- char: 脾 --*/
{{"\xC6\xA2"},{0x00,0x00,0x00,0x00,0x00,0x00,0x00,0x08,0x00,0x3E,0x18,0x00,0x3E,0xFF,0x00,0x27,0xFF,0x80,0x27,0x99,0x80,0x3F,0xFF,0x80,0x3F,0xFF,0x80,0x27,0x99,0x80,0x27,0xFF,0x80,0x26,0xFF,0x00,0x7E,0x7C,0x00,0x7E,0xEC,0x00,0x67,0xFF,0x80,0x67,0xFF,0xC0,0x66,0x0C,0x00,0x66,0x0C,0x00,0xDE,0x0C,0x00,0x0C,0x04,0x00,0x00,0x00,0x00}},
/*-- char: 腿 --*/
{{"\xCD\xC8"},{0x00,0x00,0x00,0x00,0x00,0x00,0x00,0x00,0x00,0x3D,0xBF,0x80,0x7D,0xBF,0x80,0x64,0xB1,0x80,0x65,0x3F,0x80,0x7F,0xBF,0x80,0x7C,0xB1,0x80,0x64,0x3F,0x80,0x64,0x3C,0x00,0x6F,0xB5,0x80,0x7D,0xB7,0x80,0x7C,0xB2,0x00,0x64,0xBF,0x00,0x64,0xFD,0x80,0x65,0xC0,0x80,0x6F,0xF0,0x00,0xDF,0x3F,0xC0,0x08,0x00,0x00,0x00,0x00,0x00}},
/*-- char: 膀 --*/
{{"\xB0\xF2"},{0x00,0x00,0x00,0x00,0x00,0x00,0x00,0x08,0x00,0x3E,0x18,0x00,0x7F,0xFF,0x80,0x67,0xFF,0x80,0x66,0x66,0x00,0x7F,0xFF,0x80,0x7F,0xFF,0x80,0x67,0x98,0x80,0x67,0x18,0x80,0x67,0xFF,0xC0,0x7F,0xFF,0x80,0x7E,0x30,0x00,0x66,0x7F,0x00,0x66,0x63,0x00,0x66,0x63,0x00,0x66,0xC3,0x00,0xDF,0x8E,0x00,0x0C,0x0C,0x00,0x00,0x00,0x00}},
/*-- char: 膳 --*/
{{"\xC9\xC5"},{0x00,0x00,0x00,0x00,0x00,0x00,0x00,0x42,0x00,0x3E,0x46,0x00,0x7F,0xFF,0x80,0x67,0xFF,0x80,0x66,0x18,0x00,0x7E,0xFF,0x00,0x7E,0xFF,0x00,0x67,0xFF,0x80,0x66,0xDB,0x00,0x66,0xDB,0x00,0x7F,0xFF,0x80,0x7F,0xFF,0x80,0x66,0xFF,0x00,0x66,0xFF,0x80,0x66,0x81,0x00,0x66,0xFF,0x00,0xDD,0xFF,0x00,0x08,0x81,0x00,0x00,0x00,0x00}},
/*-- char: 自 --*/
{{"\xD7\xD4"},{0x00,0x00,0x00,0x00,0x00,0x00,0x00,0x80,0x00,0x00,0xC0,0x00,0x01,0x80,0x00,0x1F,0xFF,0x00,0x1F,0xFF,0x00,0x18,0x03,0x00,0x18,0x03,0x00,0x1F,0xFF,0x00,0x1F,0xFF,0x00,0x18,0x03,0x00,0x18,0x03,0x00,0x1F,0xFF,0x00,0x1F,0xFF,0x00,0x18,0x03,0x00,0x18,0x03,0x00,0x1F,0xFF,0x00,0x1F,0xFF,0x00,0x10,0x02,0x00,0x00,0x00,0x00}},
/*-- char: 般 --*/
{{"\xB0\xE3"},{0x00,0x00,0x00,0x00,0x00,0x00,0x08,0x00,0x00,0x0C,0x7E,0x00,0x18,0x7E,0x00,0x3F,0x66,0x00,0x23,0x66,0x80,0x2B,0x66,0xC0,0x2F,0x67,0xC0,0x23,0xC1,0x80,0x7F,0xFF,0x00,0xFF,0xFF,0x80,0x2B,0x63,0x00,0x2B,0x33,0x00,0x2B,0x36,0x00,0x6B,0x1C,0x00,0x6B,0x1C,0x00,0x63,0x7F,0x00,0x4F,0xE3,0x80,0x06,0x00,0x80,0x00,0x00,0x00}},
/*-- char: 艰 --*/
{{"\xBC\xE8"},{0x00,0x00,0x00,0x00,0x00,0x00,0x00,0x00,0x00,0x00,0xFF,0x00,0x7E,0xFF,0x00,0x7F,0xC1,0x00,0x07,0xC3,0x00,0x66,0xFF,0x00,0x66,0xC3,0x00,0x36,0xC3,0x00,0x1C,0xFF,0x00,0x1C,0xFF,0x00,0x0C,0xD9,0x80,0x1C,0xCB,0x80,0x1E,0xCE,0x00,0x36,0xC6,0x00,0x62,0xC6,0x00,0x40,0xFB,0x80,0x01,0xF1,0x80,0x00,0x00,0x00,0x00,0x00,0x00}},
/*-- char: 色 --*/
{{"\xC9\xAB"},{0x00,0x00,0x00,0x00,0x00,0x00,0x02,0x00,0x00,0x07,0x20,0x00,0x0F,0xF0,0x00,0x0C,0x30,0x00,0x18,0x60,0x00,0x7F,0xFF,0x00,0x7F,0xFF,0x00,0x10,0xC3,0x00,0x10,0xC3,0x00,0x1F,0xFF,0x00,0x1F,0xFF,0x00,0x18,0x03,0x00,0x10,0x00,0x00,0x10,0x00,0x80,0x10,0x01,0x80,0x18,0x01,0x80,0x1F,0xFF,0x80,0x07,0xFE,0x00,0x00,0x00,0x00}},
/*-- char: 花 --*/
{{"\xBB\xA8"},{0x00,0x00,0x00,0x00,0x00,0x00,0x06,0x18,0x00,0x06,0x18,0x00,0x7F,0xFF,0x80,0x7F,0xFF,0x80,0x06,0x18,0x00,0x06,0x58,0x00,0x06,0x60,0x00,0x0C,0x61,0x00,0x1C,0x67,0x00,0x1C,0x7E,0x00,0x3C,0x78,0x00,0x6C,0x60,0x00,0x4C,0x60,0x00,0x0C,0x60,0x80,0x0C,0x60,0xC0,0x0C,0x61,0x80,0x0C,0x7F,0x80,0x08,0x1F,0x00,0x00,0x00,0x00}},
/*-- char: 茫 --*/
{{"\xC3\xA3"},{0x00,0x00,0x00,0x00,0x00,0x00,0x04,0x08,0x00,0x06,0x18,0x00,0x7F,0xFF,0x80,0x7F,0xFF,0x80,0x06,0x18,0x00,0x30,0x08,0x00,0x38,0x18,0x00,0x0D,0xFF,0x80,0x41,0xFF,0x80,0x71,0x80,0x00,0x39,0x80,0x00,0x01,0x80,0x00,0x05,0x80,0x00,0x0D,0x80,0x00,0x19,0x80,0x00,0x31,0xFF,0x80,0x60,0xFF,0x80,0x00,0x00,0x00,0x00,0x00,0x00}},
/*-- char: 茶 --*/
{{"\xB2\xE8"},{0x00,0x00,0x00,0x00,0x00,0x00,0x04,0x08,0x00,0x06,0x18,0x00,0x7F,0xFF,0x80,0x7F,0xFF,0x80,0x04,0xD8,0x00,0x05,0xE8,0x00,0x03,0x30,0x00,0x0E,0x1C,0x00,0x1C,0xCF,0x00,0x70,0xC3,0x80,0x7F,0xFF,0x80,0x1F,0xFE,0x00,0x00,0xC8,0x00,0x0C,0xCC,0x00,0x18,0xC6,0x00,0x30,0xC3,0x00,0x20,0xC1,0x00,0x00,0xC0,0x00,0x00,0x00,0x00}},
/*-- char: 莹 --*/
{{"\xD3\xA8"},{0x00,0x00,0x00,0x00,0x00,0x00,0x04,0x08,0x00,0x06,0x18,0x00,0x7F,0xFF,0x80,0x7F,0xFF,0x80,0x06,0x18,0x00,0x7F,0xFF,0x80,0x7F,0xFF,0x80,0x60,0x01,0x80,0x7F,0xFE,0x00,0x1F,0xFE,0x00,0x00,0xC0,0x00,0x00,0xC0,0x00,0x1F,0xFE,0x00,0x00,0xDC,0x00,0x00,0xCC,0x00,0x7F,0xFF,0x80,0x7F,0xFF,0x80,0x00,0x00,0x00,0x00,0x00,0x00}},
/*-- char: 菊 --*/
{{"\xBE\xD5"},{0x00,0x00,0x00,0x00,0x00,0x00,0x04,0x08,0x00,0x06,0x18,0x00,0x7F,0xFF,0x80,0x7F,0xFF,0x80,0x0E,0x18,0x00,0x0D,0xFF,0x00,0x1F,0xFF,0x00,0x31,0x83,0x00,0x79,0x9B,0x00,0x4D,0xB3,0x00,0x0D,0xB3,0x00,0x3F,0xFF,0x00,0x1B,0xEB,0x00,0x07,0xE3,0x00,0x0D,0xBB,0x00,0x39,0x93,0x00,0x31,0x9E,0x00,0x01,0x0C,0x00,0x00,0x00,0x00}},
/*-- char: 落 --*/
{{"\xC2\xE4"},{0x00,0x00,0x00,0x00,0x00,0x00,0x04,0x18,0x00,0x3E,0xDB,0x00,0x7F,0xFF,0x80,0x06,0x18,0x00,0x26,0x58,0x00,0x38,0xFF,0x00,0x0D,0xFF,0x00,0x03,0xC6,0x00,0x66,0x7C,0x00,0x78,0x3C,0x00,0x11,0xEF,0x00,0x07,0xC7,0x80,0x0D,0xFF,0x00,0x19,0x83,0x00,0x31,0x83,0x00,0x31,0xFF,0x00,0x61,0xFF,0x00,0x01,0x03,0x00,0x00,0x00,0x00}},
/*-- char: 蒸 --*/
{{"\xD5\xF4"},{0x00,0x00,0x00,0x00,0x00,0x00,0x06,0x18,0x00,0x06,0x18,0x00,0x7F,0xFF,0x80,0x06,0x18,0x00,0x0F,0xF8,0x00,0x0F,0xF8,0x00,0x00,0x31,0x80,0x7E,0xF7,0x00,0x7E,0xDE,0x00,0x0C,0xCC,0x00,0x18,0xCE,0x00,0x33,0xC3,0x80,0x6F,0xFD,0x80,0x0F,0xFC,0x00,0x13,0x26,0x00,0x33,0x33,0x00,0x63,0x31,0x80,0x41,0x00,0x00,0x00,0x00,0x00}},
/*-- char: 薄 --*/
{{"\xB1\xA1"},{0x00,0x00,0x00,0x00,0x00,0x00,0x06,0x18,0x00,0x06,0x5B,0x00,0x7F,0xFF,0x80,0x06,0x1F,0x00,0x36,0x3F,0x00,0x3F,0xFF,0x80,0x08,0xB6,0x00,0x43,0xFF,0x00,0x73,0x33,0x00,0x3B,0xFF,0x00,0x03,0x33,0x00,0x03,0xFF,0x00,0x18,0x0C,0x00,0x1F,0xFF,0x80,0x31,0x8C,0x00,0x30,0xCC,0x00,0x60,0x5C,0x00,0x00,0x18,0x00,0x00,0x00,0x00}},
/*-- char: 藉 --*/
{{"\xBD\xE5"},{0x00,0x00,0x00,0x00,0x00,0x00,0x06,0x18,0x00,0x36,0xDB,0x00,0x7F,0xFF,0x80,0x06,0x18,0x00,0x0E,0x3A,0x00,0x7F,0x36,0x00,0x7C,0xFF,0x80,0x7E,0x76,0x00,0x7F,0x36,0x00,0x08,0xFF,0x80,0x7F,0x3F,0x00,0x7F,0x7F,0x00,0x1C,0x63,0x00,0x3E,0x7F,0x00,0x6B,0x7F,0x00,0x48,0x7F,0x00,0x08,0x7F,0x00,0x08,0x41,0x00,0x00,0x00,0x00}},
/*-- char: 藏 --*/
{{"\xB2\xD8"},{0x00,0x00,0x00,0x00,0x00,0x00,0x06,0x18,0x00,0x06,0x18,0x00,0x7F,0xFF,0x80,0x06,0x1B,0x00,0x06,0x1B,0x00,0x6F,0xFF,0x80,0x6C,0x1C,0x00,0x6F,0xF9,0x00,0x7F,0xFD,0x00,0x7F,0xEF,0x00,0x0F,0xFF,0x00,0xFF,0x3E,0x00,0x6F,0xF6,0x00,0x6B,0xCC,0x00,0x7B,0xFE,0x80,0x7B,0xFE,0xC0,0x5A,0x33,0x80,0x00,0x21,0x80,0x00,0x00,0x00}},
/*-- char: 虚 --*/
{{"\xD0\xE9"},{0x00,0x00,0x00,0x00,0x00,0x00,0x00,0x80,0x00,0x00,0xC0,0x00,0x00,0xFF,0x00,0x00,0xC0,0x00,0x3F,0xFF,0x80,0x3F,0xFF,0x80,0x30,0xFD,0x00,0x3F,0xFD,0x00,0x34,0xC1,0x80,0x30,0xFF,0x80,0x30,0x30,0x00,0x35,0xB2,0x00,0x3D,0xB3,0x00,0x37,0xB6,0x00,0x67,0xBC,0x00,0x61,0xB8,0x00,0x7F,0xFF,0x80,0x00,0x00,0x00,0x00,0x00,0x00}},
/*-- char: 虫 --*/
{{"\xB3\xE6"},{0x00,0x00,0x00,0x00,0x00,0x00,0x00,0xC0,0x00,0x00,0xC0,0x00,0x00,0xC0,0x00,0x3F,0xFF,0x00,0x3F,0xFF,0x00,0x30,0xC3,0x00,0x30,0xC3,0x00,0x30,0xC3,0x00,0x30,0xC3,0x00,0x3F,0xFF,0x00,0x3F,0xFF,0x00,0x00,0xC0,0x00,0x00,0xCC,0x00,0x00,0xC6,0x00,0x00,0xC7,0x00,0x7F,0xFF,0x80,0x7F,0xE1,0x80,0x00,0x00,0x80,0x00,0x00,0x00}},
/*-- char: 融 --*/
{{"\xC8\xDA"},{0x00,0x00,0x00,0x00,0x00,0x00,0x00,0x04,0x00,0x7F,0xCC,0x00,0x7F,0xCC,0x00,0x3F,0x0C,0x00,0x3F,0xBF,0x80,0x21,0xBF,0x80,0x3F,0xA5,0x80,0x3F,0xBD,0x80,0x7F,0xF5,0x80,0x7F,0xFD,0x80,0x4A,0xFF,0x80,0x73,0xDE,0x00,0x7F,0xCD,0x00,0x7F,0xCD,0x80,0x6C,0xCD,0x80,0x6C,0xFF,0x80,0x6F,0xFE,0xC0,0x01,0x00,0x00,0x00,0x00,0x00}},
/*-- char: 血 --*/
{{"\xD1\xAA"},{0x00,0x00,0x00,0x00,0x00,0x00,0x00,0x80,0x00,0x01,0xC0,0x00,0x01,0x80,0x00,0x01,0x80,0x00,0x3F,0xFF,0x00,0x3F,0xFF,0x00,0x33,0x33,0x00,0x33,0x33,0x00,0x33,0x33,0x00,0x33,0x33,0x00,0x33,0x33,0x00,0x33,0x33,0x00,0x33,0x33,0x00,0x33,0x33,0x00,0x33,0x33,0x00,0xFF,0xFF,0xC0,0x7F,0xFF,0x80,0x00,0x00,0x00,0x00,0x00,0x00}},
/*-- char: 行 --*/
{{"\xD0\xD0"},{0x00,0x00,0x00,0x00,0x00,0x00,0x00,0x00,0x00,0x0C,0xFF,0x80,0x18,0xFF,0x80,0x30,0x00,0x00,0x64,0x00,0x00,0x46,0x00,0x00,0x0D,0xFF,0x80,0x19,0xFF,0xC0,0x38,0x06,0x00,0x78,0x06,0x00,0x58,0x06,0x00,0x18,0x06,0x00,0x18,0x06,0x00,0x18,0x06,0x00,0x18,0x06,0x00,0x18,0x06,0x00,0x18,0x3E,0x00,0x18,0x38,0x00,0x00,0x00,0x00}},
/*-- char: 衣 --*/
{{"\xD2\xC2"},{0x00,0x00,0x00,0x00,0x00,0x00,0x00,0xC0,0x00,0x00,0xC0,0x00,0x00,0xC0,0x00,0x7F,0xFF,0x80,0x7F,0xFF,0x80,0x01,0xE0,0x00,0x03,0x61,0x00,0x06,0x63,0x00,0x1C,0x26,0x00,0x7C,0x3C,0x00,0x6C,0x38,0x00,0x0C,0x18,0x00,0x0C,0x18,0x00,0x0C,0x0C,0x00,0x0D,0xE6,0x00,0x3F,0xE3,0x80,0x3E,0x01,0x80,0x00,0x00,0x00,0x00,0x00,0x00}},
/*-- char: 表 --*/
{{"\xB1\xED"},{0x00,0x00,0x00,0x00,0x00,0x00,0x00,0xC0,0x00,0x00,0xC0,0x00,0x3F,0xFF,0x80,0x3F,0xFF,0x00,0x00,0xC0,0x00,0x3F,0xFF,0x00,0x00,0xC0,0x00,0x7F,0xFF,0x80,0x7F,0xFF,0x80,0x03,0xE1,0x00,0x0F,0x63,0x00,0x3E,0x3E,0x00,0x76,0x3C,0x00,0x46,0x18,0x00,0x06,0xEC,0x00,0x0F,0xE7,0x00,0x3F,0x03,0x80,0x10,0x00,0x00,0x00,0x00,0x00}},
/*-- char: 袍 --*/
{{"\xC5\xDB"},{0x00,0x00,0x00,0x00,0x00,0x00,0x10,0x00,0x00,0x18,0x60,0x00,0x18,0x40,0x00,0x18,0xFF,0x80,0x7E,0xFF,0x80,0x7F,0x81,0x80,0x0F,0xFD,0x80,0x0C,0xFD,0x80,0x1A,0xCD,0x80,0x3E,0xCD,0x80,0x3E,0xFD,0x80,0x7A,0xFD,0x80,0x58,0xC7,0x80,0x18,0xC7,0x00,0x18,0xC0,0xC0,0x18,0xC0,0xC0,0x18,0xFF,0x80,0x00,0x22,0x00,0x00,0x00,0x00}},
/*-- char: 被 --*/
{{"\xB1\xBB"},{0x00,0x00,0x00,0x00,0x00,0x00,0x00,0x08,0x00,0x18,0x18,0x00,0x18,0x08,0x00,0x18,0xFF,0x80,0x7E,0xFF,0x80,0x7E,0xC9,0x80,0x04,0xC9,0x80,0x0D,0xDD,0x00,0x1B,0xFF,0x80,0x3E,0xE3,0x00,0x7F,0xE3,0x00,0xDB,0xB3,0x00,0x19,0x9E,0x00,0x19,0x9C,0x00,0x19,0x9C,0x00,0x1B,0x3F,0x00,0x1B,0xE3,0x80,0x18,0x00,0x80,0x00,0x00,0x00}},
/*-- char: 裸 --*/
{{"\xC2\xE3"},{0x00,0x00,0x00,0x00,0x00,0x00,0x10,0x00,0x00,0x18,0xFF,0x80,0x18,0xFF,0x80,0x18,0x99,0x80,0x7E,0xFF,0x80,0x7E,0xFF,0x80,0x0C,0x99,0x80,0x0D,0xFF,0x80,0x1B,0xFF,0x80,0x3E,0x18,0x00,0x3F,0xFF,0x80,0x7B,0xFF,0x80,0x58,0x3C,0x00,0x18,0x7E,0x00,0x18,0xDB,0x00,0x19,0x99,0x80,0x19,0x18,0x80,0x18,0x18,0x00,0x00,0x00,0x00}},
/*-- char: 褂 --*/
{{"\xB9\xD3"},{0x00,0x00,0x00,0x00,0x00,0x00,0x10,0x46,0x00,0x10,0xC6,0x00,0x10,0xC6,0x00,0x33,0xFE,0x00,0x7C,0xE6,0x00,0x6C,0x46,0x00,0x0B,0xFE,0x00,0x1B,0xFF,0x00,0x1C,0x47,0x80,0x3C,0x46,0xC0,0x7D,0xF6,0x00,0xFF,0xF6,0x00,0x50,0xC6,0x00,0x10,0x46,0x00,0x10,0xFE,0x00,0x13,0xFE,0x00,0x13,0x06,0x00,0x10,0x04,0x00,0x00,0x00,0x00}},
/*-- char: 西 --*/
{{"\xCE\xF7"},{0x00,0x00,0x00,0x00,0x00,0x00,0x00,0x00,0x00,0x7F,0xFF,0x80,0x7F,0xFF,0x80,0x03,0x30,0x00,0x03,0x30,0x00,0x3F,0xFF,0x00,0x3F,0xFF,0x80,0x33,0x33,0x80,0x23,0x31,0x80,0x23,0x33,0x80,0x26,0x3F,0x80,0x3C,0x3F,0x80,0x38,0x01,0x80,0x20,0x01,0x80,0x30,0x03,0x80,0x3F,0xFF,0x80,0x3F,0xFF,0x80,0x20,0x01,0x00,0x00,0x00,0x00}},
/*-- char: 要 --*/
{{"\xD2\xAA"},{0x00,0x00,0x00,0x00,0x00,0x00,0x00,0x00,0x00,0x7F,0xFF,0x80,0x7F,0xFF,0x80,0x03,0x30,0x00,0x3F,0xFF,0x00,0x3F,0xFF,0x00,0x33,0x31,0x00,0x3F,0xFF,0x00,0x3F,0xFF,0x00,0x03,0x00,0x00,0x7F,0xFF,0x80,0x7F,0xFF,0x80,0x0C,0x18,0x00,0x1F,0x38,0x00,0x1F,0xF0,0x00,0x07,0xFE,0x00,0x7F,0x0F,0x80,0x20,0x00,0x00,0x00,0x00,0x00}},
/*-- char: 覆 --*/
{{"\xB8\xB2"},{0x00,0x00,0x00,0x00,0x00,0x00,0x00,0x00,0x00,0x7F,0xFF,0x80,0x7F,0xFF,0x80,0x3F,0xFF,0x00,0x3F,0xF7,0x00,0x3F,0xFF,0x00,0x1D,0xFF,0x00,0x19,0xFF,0x80,0x73,0xFF,0x00,0x6F,0xFF,0x00,0x19,0xFF,0x00,0x39,0xFF,0x00,0x78,0xFE,0x00,0x19,0xFE,0x00,0x1B,0xEE,0x00,0x18,0x7C,0x00,0x1B,0xFF,0x80,0x12,0x01,0x80,0x00,0x00,0x00}},
/*-- char: 见 --*/
{{"\xBC\xFB"},{0x00,0x00,0x00,0x00,0x00,0x00,0x00,0x00,0x00,0x0F,0xFC,0x00,0x1F,0xFE,0x00,0x18,0x06,0x00,0x18,0x86,0x00,0x18,0xC6,0x00,0x18,0xC6,0x00,0x18,0xC6,0x00,0x18,0xC6,0x00,0x18,0xC6,0x00,0x19,0xE6,0x00,0x19,0xE6,0x00,0x01,0xE0,0x00,0x03,0x61,0x80,0x06,0x61,0x80,0x1C,0x7F,0x80,0x78,0x3F,0x00,0x00,0x00,0x00,0x00,0x00,0x00}},
/*-- char: 觉 --*/
{{"\xBE\xF5"},{0x00,0x00,0x00,0x00,0x00,0x00,0x00,0x00,0x00,0x19,0x86,0x00,0x18,0xC6,0x00,0x2D,0xFD,0x00,0x7F,0xFF,0x80,0x60,0x01,0x80,0x60,0x01,0x80,0x3F,0xFF,0x80,0x18,0xCE,0x00,0x18,0xC6,0x00,0x18,0xC6,0x00,0x18,0xC6,0x00,0x18,0xE6,0x00,0x09,0xE4,0x00,0x03,0x60,0x80,0x1E,0x75,0x80,0x78,0x3F,0x80,0x20,0x00,0x00,0x00,0x00,0x00}},
/*-- char: 角 --*/
{{"\xBD\xC7"},{0x00,0x00,0x00,0x00,0x00,0x00,0x02,0x00,0x00,0x07,0xF0,0x00,0x07,0xF8,0x00,0x0C,0x30,0x00,0x1F,0x7E,0x00,0x3F,0xFF,0x00,0x78,0xC3,0x00,0x18,0xC3,0x00,0x1F,0xFF,0x00,0x1F,0xFF,0x00,0x18,0xC3,0x00,0x18,0xC3,0x00,0x1F,0xFF,0x00,0x1F,0xFF,0x00,0x30,0x03,0x00,0x60,0x03,0x00,0x60,0x1F,0x00,0x00,0x1C,0x00,0x00,0x00,0x00}},
/*-- char: 解 --*/
{{"\xBD\xE2"},{0x00,0x00,0x00,0x00,0x00,0x00,0x00,0x00,0x00,0x18,0x7F,0x80,0x1E,0x7F,0x80,0x3E,0x19,0x80,0x36,0x11,0x80,0x7F,0xB1,0x80,0x7F,0xE7,0x00,0x2D,0xEC,0x00,0x3F,0xAC,0x00,0x3F,0xBF,0x80,0x2D,0xFF,0x80,0x3F,0xCC,0x00,0x3F,0xFF,0x80,0x61,0xFF,0xC0,0x61,0x8C,0x00,0x61,0x8C,0x00,0x47,0x8C,0x00,0x07,0x04,0x00,0x00,0x00,0x00}},
/*-- char: 触 --*/
{{"\xB4\xA5"},{0x00,0x00,0x00,0x00,0x00,0x00,0x00,0x08,0x00,0x18,0x0C,0x00,0x3E,0x0C,0x00,0x3E,0x0C,0x00,0x26,0x7F,0x80,0x7F,0xFF,0x80,0x7F,0xED,0x80,0x2D,0xED,0x80,0x3F,0xED,0x80,0x3F,0xED,0x80,0x2D,0xFF,0x80,0x3F,0x8D,0x00,0x7F,0x0F,0x00,0x61,0x8D,0x00,0x61,0x0D,0x80,0x61,0xFF,0x80,0x47,0xFE,0xC0,0x06,0x00,0x00,0x00,0x00,0x00}},
/*-- char: 警 --*/
{{"\xBE\xAF"},{0x00,0x00,0x00,0x00,0x00,0x00,0x10,0x10,0x00,0x7F,0xD8,0x00,0x7F,0xBF,0x80,0x3F,0xF3,0x00,0x7D,0xFE,0x00,0x7D,0x8C,0x00,0x3F,0xBF,0x00,0x3F,0x73,0x80,0x0F,0xFC,0x00,0x7F,0xFF,0x80,0x7F,0xFF,0x80,0x0F,0xFC,0x00,0x1F,0xFE,0x00,0x0F,0xFC,0x00,0x1F,0xFE,0x00,0x18,0x06,0x00,0x1F,0xFE,0x00,0x08,0x04,0x00,0x00,0x00,0x00}},
/*-- char: 计 --*/
{{"\xBC\xC6"},{0x00,0x00,0x00,0x00,0x00,0x00,0x00,0x00,0x00,0x10,0x18,0x00,0x18,0x18,0x00,0x0C,0x18,0x00,0x04,0x18,0x00,0x00,0x18,0x00,0x79,0xFF,0x80,0x7B,0xFF,0xC0,0x18,0x18,0x00,0x18,0x18,0x00,0x18,0x18,0x00,0x18,0x18,0x00,0x18,0x18,0x00,0x1B,0x18,0x00,0x1E,0x18,0x00,0x1C,0x18,0x00,0x18,0x18,0x00,0x00,0x18,0x00,0x00,0x00,0x00}},
/*-- char: 认 --*/
{{"\xC8\xCF"},{0x00,0x00,0x00,0x00,0x00,0x00,0x00,0x10,0x00,0x10,0x18,0x00,0x18,0x18,0x00,0x0C,0x18,0x00,0x00,0x18,0x00,0x00,0x18,0x00,0x78,0x18,0x00,0x7C,0x18,0x00,0x08,0x18,0x00,0x08,0x38,0x00,0x08,0x3C,0x00,0x08,0x3C,0x00,0x09,0x24,0x00,0x0F,0x66,0x00,0x0E,0xE3,0x00,0x18,0xC3,0x80,0x11,0x81,0x80,0x00,0x00,0x00,0x00,0x00,0x00}},
/*-- char: 让 --*/
{{"\xC8\xC3"},{0x00,0x00,0x00,0x00,0x00,0x00,0x00,0x10,0x00,0x30,0x30,0x00,0x18,0x30,0x00,0x0C,0x30,0x00,0x04,0x30,0x00,0x00,0x30,0x00,0x78,0x3F,0x00,0x78,0x3F,0x00,0x18,0x30,0x00,0x18,0x30,0x00,0x18,0x30,0x00,0x18,0x30,0x00,0x18,0x30,0x00,0x1F,0x30,0x00,0x1E,0x30,0x00,0x1F,0xFF,0x80,0x13,0xFF,0xC0,0x00,0x00,0x00,0x00,0x00,0x00}},
/*-- char: 记 --*/
{{"\xBC\xC7"},{0x00,0x00,0x00,0x00,0x00,0x00,0x00,0x00,0x00,0x30,0x00,0x00,0x39,0xFF,0x00,0x0C,0xFF,0x00,0x0C,0x03,0x00,0x00,0x03,0x00,0x78,0x03,0x00,0x78,0x03,0x00,0x18,0xFF,0x00,0x18,0xFF,0x00,0x18,0xC1,0x00,0x18,0xC0,0x00,0x18,0xC0,0x00,0x1B,0xC0,0xC0,0x1F,0xC0,0xC0,0x1C,0xFF,0x80,0x10,0xFF,0x80,0x00,0x00,0x00,0x00,0x00,0x00}},
/*-- char: 讲 --*/
{{"\xBD\xB2"},{0x00,0x00,0x00,0x00,0x00,0x00,0x00,0x46,0x00,0x30,0x66,0x00,0x38,0x46,0x00,0x08,0xE6,0x00,0x03,0xFF,0x80,0x03,0xFF,0x80,0xF8,0x46,0x00,0xF8,0x66,0x00,0x18,0x46,0x00,0x1B,0xFF,0x80,0x1B,0xFF,0xC0,0x18,0xC6,0x00,0x18,0xC6,0x00,0x1E,0xC6,0x00,0x1C,0xC6,0x00,0x39,0x86,0x00,0x13,0x06,0x00,0x00,0x04,0x00,0x00,0x00,0x00}},
/*-- char: 许 --*/
{{"\xD0\xED"},{0x00,0x00,0x00,0x00,0x00,0x00,0x00,0x40,0x00,0x30,0xC0,0x00,0x38,0xC0,0x00,0x1C,0xFF,0x80,0x0D,0xFF,0x80,0x01,0x98,0x00,0x7B,0x18,0x00,0x79,0x18,0x00,0x18,0x18,0x00,0x1B,0xFF,0xC0,0x1B,0xFF,0xC0,0x18,0x18,0x00,0x18,0x18,0x00,0x1A,0x18,0x00,0x1E,0x18,0x00,0x1C,0x18,0x00,0x18,0x18,0x00,0x00,0x18,0x00,0x00,0x00,0x00}},
/*-- char: 论 --*/
{{"\xC2\xDB"},{0x00,0x00,0x00,0x00,0x00,0x00,0x00,0x10,0x00,0x30,0x18,0x00,0x38,0x38,0x00,0x1C,0x6C,0x00,0x0C,0x66,0x00,0x00,0xC3,0x00,0xFB,0x83,0x80,0xFB,0xC0,0xC0,0x18,0xC2,0x00,0x18,0xCE,0x00,0x18,0xFC,0x00,0x18,0xF0,0x00,0x18,0xC0,0x00,0x1E,0xC1,0x80,0x1E,0xC1,0x80,0x18,0xFF,0x80,0x10,0x7F,0x00,0x00,0x00,0x00,0x00,0x00,0x00}},
/*-- char: 设 --*/
{{"\xC9\xE8"},{0x00,0x00,0x00,0x00,0x00,0x00,0x00,0x00,0x00,0x30,0x7E,0x00,0x18,0x7E,0x00,0x0C,0x46,0x00,0x00,0xC6,0x00,0x00,0xC6,0x00,0x79,0x87,0x80,0x7B,0x03,0x80,0x19,0xFE,0x00,0x19,0xFF,0x00,0x18,0x83,0x00,0x18,0xC6,0x00,0x18,0x66,0x00,0x1E,0x3C,0x00,0x1E,0x38,0x00,0x18,0xFE,0x00,0x13,0xC7,0x80,0x00,0x00,0x80,0x00,0x00,0x00}},
/*-- char: 诀 --*/
{{"\xBE\xF7"},{0x00,0x00,0x00,0x00,0x00,0x00,0x00,0x10,0x00,0x30,0x30,0x00,0x18,0x30,0x00,0x0D,0xFF,0x00,0x01,0xFF,0x00,0x00,0x33,0x00,0xF8,0x33,0x00,0xF8,0x33,0x00,0x18,0x33,0x00,0x1B,0xFF,0x80,0x19,0xFF,0x80,0x18,0x38,0x00,0x18,0x6C,0x00,0x1E,0x6C,0x00,0x1C,0xC6,0x00,0x19,0x83,0x00,0x13,0x01,0x80,0x00,0x00,0x00,0x00,0x00,0x00}},
/*-- char: 识 --*/
{{"\xCA\xB6"},{0x00,0x00,0x00,0x00,0x00,0x00,0x00,0x00,0x00,0x20,0x00,0x00,0x30,0xFF,0x00,0x18,0xFF,0x00,0x08,0xC3,0x00,0x00,0xC3,0x00,0x78,0xC3,0x00,0x78,0xC3,0x00,0x18,0xFF,0x00,0x18,0xFF,0x00,0x18,0x00,0x00,0x18,0x00,0x00,0x18,0x66,0x00,0x1E,0xC3,0x00,0x1C,0xC3,0x00,0x19,0x81,0x80,0x11,0x81,0x80,0x00,0x00,0x00,0x00,0x00,0x00}},
/*-- char: 诉 --*/
{{"\xCB\xDF"},{0x00,0x00,0x00,0x00,0x00,0x00,0x00,0x00,0x00,0x30,0x1F,0x00,0x38,0xFC,0x00,0x1C,0xC0,0x00,0x0C,0xC0,0x00,0x00,0xC0,0x00,0xF8,0xFF,0x80,0xF8,0xFF,0x80,0x18,0xCC,0x00,0x18,0xCC,0x00,0x19,0xFC,0x00,0x19,0x9E,0x00,0x19,0x8F,0x00,0x1F,0x8D,0x80,0x1F,0x8C,0x00,0x1B,0x0C,0x00,0x13,0x0C,0x00,0x00,0x04,0x00,0x00,0x00,0x00}},
/*-- char: 话 --*/
{{"\xBB\xB0"},{0x00,0x00,0x00,0x00,0x00,0x00,0x00,0x00,0x00,0x20,0x3F,0x00,0x31,0xFE,0x00,0x19,0xD8,0x00,0x08,0x18,0x00,0x00,0x18,0x00,0x7B,0xFF,0xC0,0x7B,0xFF,0xC0,0x18,0x18,0x00,0x18,0x18,0x00,0x18,0xFF,0x00,0x19,0xFF,0x80,0x19,0x83,0x80,0x1F,0x81,0x80,0x1D,0x81,0x80,0x39,0xFF,0x80,0x31,0xFF,0x80,0x00,0x81,0x00,0x00,0x00,0x00}},
/*-- char: 说 --*/
{{"\xCB\xB5"},{0x00,0x00,0x00,0x00,0x00,0x00,0x00,0x00,0x00,0x30,0xC6,0x00,0x38,0xC6,0x00,0x1C,0x64,0x00,0x09,0xFF,0x00,0x01,0xFF,0x00,0x79,0x83,0x00,0x79,0x83,0x00,0x19,0xFF,0x00,0x19,0xFF,0x00,0x18,0x6C,0x00,0x18,0x6C,0x00,0x1A,0x4C,0x00,0x1E,0xCC,0x00,0x1C,0xCC,0xC0,0x39,0x8C,0x80,0x17,0x0F,0x80,0x02,0x07,0x00,0x00,0x00,0x00}},
/*-- char: 诸 --*/
{{"\xD6\xEE"},{0x00,0x00,0x00,0x00,0x00,0x00,0x00,0x20,0x00,0x20,0x31,0x80,0x31,0xFD,0x80,0x19,0xFF,0x00,0x08,0x36,0x00,0x00,0x36,0x00,0x7B,0xFF,0xC0,0x7B,0xFF,0x80,0x18,0x70,0x00,0x19,0xFF,0x00,0x1B,0xFF,0x00,0x1E,0xC1,0x00,0x18,0xFF,0x00,0x1E,0xFF,0x00,0x1C,0xC1,0x00,0x38,0xFF,0x00,0x30,0xFF,0x00,0x00,0x01,0x00,0x00,0x00,0x00}},
/*-- char: 读 --*/
{{"\xB6\xC1"},{0x00,0x00,0x00,0x00,0x00,0x00,0x00,0x10,0x00,0x30,0x18,0x00,0x39,0xFF,0x00,0x1D,0xFF,0x00,0x08,0x18,0x00,0x03,0xFF,0x80,0xF9,0xFF,0x80,0xF8,0xD9,0x00,0x18,0x79,0x00,0x19,0x98,0x00,0x18,0xD8,0x00,0x1B,0xFF,0x80,0x1B,0xFF,0x80,0x1E,0x3C,0x00,0x1C,0x66,0x00,0x19,0xC3,0x00,0x13,0x81,0x80,0x00,0x00,0x00,0x00,0x00,0x00}},
/*-- char: 谁 --*/
{{"\xCB\xAD"},{0x00,0x00,0x00,0x00,0x00,0x00,0x00,0x00,0x00,0x30,0x48,0x00,0x38,0xCC,0x00,0x18,0xCC,0x00,0x09,0xFF,0x80,0x01,0xFF,0x00,0x7B,0x8C,0x00,0x7B,0xFF,0x80,0x19,0xFF,0x80,0x19,0x8C,0x00,0x19,0x8C,0x00,0x19,0xFF,0x80,0x19,0xFF,0x00,0x1F,0x8C,0x00,0x1D,0xFF,0x80,0x39,0xFF,0xC0,0x31,0xC0,0x00,0x00,0x80,0x00,0x00,0x00,0x00}},
/*-- char: 谋 --*/
{{"\xC4\xB1"},{0x00,0x00,0x00,0x00,0x00,0x00,0x00,0x82,0x00,0x20,0xC2,0x00,0x33,0xFF,0x80,0x1F,0xFF,0x80,0x08,0xC2,0x00,0x00,0xFE,0x00,0xF8,0xFE,0x00,0xF8,0xC2,0x00,0x18,0xFE,0x00,0x18,0xFE,0x00,0x18,0x18,0x00,0x1B,0xFF,0x80,0x1A,0x7C,0x00,0x1E,0x7E,0x00,0x1D,0xDB,0x00,0x1B,0x9B,0x80,0x33,0x18,0x80,0x00,0x10,0x00,0x00,0x00,0x00}},
/*-- char: 谢 --*/
{{"\xD0\xBB"},{0x00,0x00,0x00,0x00,0x00,0x00,0x00,0x01,0x00,0x20,0xC1,0x00,0x33,0xE1,0x00,0x1B,0xE1,0x00,0x0B,0x6F,0x80,0x03,0xFF,0xC0,0x73,0x21,0x00,0x73,0xE9,0x00,0x13,0xE9,0x00,0x13,0x2D,0x00,0x17,0xED,0x00,0x17,0xE5,0x00,0x10,0xE1,0x00,0x1D,0xA1,0x00,0x1F,0x21,0x00,0x36,0x21,0x00,0x34,0xE7,0x00,0x00,0xC6,0x00,0x00,0x00,0x00}},
/*-- char: 谷 --*/
{{"\xB9\xC8"},{0x00,0x00,0x00,0x00,0x00,0x00,0x00,0x00,0x00,0x06,0x18,0x00,0x0E,0x1C,0x00,0x1C,0x06,0x00,0x38,0xC3,0x00,0x71,0xE1,0x00,0x03,0x30,0x00,0x07,0x38,0x00,0x0E,0x1C,0x00,0x1C,0x0F,0x00,0x7F,0xFF,0x80,0x6F,0xFD,0x80,0x08,0x0C,0x00,0x0C,0x0C,0x00,0x08,0x0C,0x00,0x0F,0xFC,0x00,0x0F,0xFC,0x00,0x08,0x04,0x00,0x00,0x00,0x00}},
/*-- char: 豆 --*/
{{"\xB6\xB9"},{0x00,0x00,0x00,0x00,0x00,0x00,0x00,0x00,0x00,0x3F,0xFF,0x00,0x7F,0xFF,0x80,0x00,0x00,0x00,0x00,0x00,0x00,0x1F,0xFE,0x00,0x1B,0xF6,0x00,0x18,0x06,0x00,0x18,0x06,0x00,0x1B,0xFE,0x00,0x1F,0xFE,0x00,0x0C,0x0C,0x00,0x06,0x18,0x00,0x06,0x18,0x00,0x02,0x10,0x00,0x7F,0xFF,0x80,0x7F,0xFF,0x80,0x00,0x00,0x00,0x00,0x00,0x00}},
/*-- char: 豌 --*/
{{"\xCD\xE3"},{0x00,0x00,0x00,0x00,0x00,0x00,0x00,0x08,0x00,0x00,0x18,0x00,0x7F,0x58,0x00,0x01,0xFF,0x80,0x01,0x81,0x80,0x7F,0xC0,0x80,0x66,0xC7,0x80,0x66,0xFF,0x80,0x7E,0xDD,0x80,0x7F,0x9D,0x80,0x05,0xFD,0x80,0x27,0x7D,0x80,0x24,0x2F,0x80,0x3C,0x6C,0x00,0x3F,0x6C,0x80,0x7F,0xCC,0xC0,0x41,0x87,0x80,0x00,0x03,0x00,0x00,0x00,0x00}},
/*-- char: 象 --*/
{{"\xCF\xF3"},{0x00,0x00,0x00,0x00,0x00,0x00,0x02,0x00,0x00,0x06,0x00,0x00,0x0F,0xF0,0x00,0x18,0x60,0x00,0x7F,0xFF,0x00,0x7F,0xFF,0x00,0x10,0xC3,0x00,0x1F,0xFF,0x00,0x1F,0xFF,0x00,0x0F,0x63,0x80,0x79,0xB6,0x00,0x07,0xFC,0x00,0x3C,0xD8,0x00,0x71,0xEC,0x00,0x07,0x66,0x00,0x3C,0x63,0x80,0x73,0xC1,0x80,0x03,0x80,0x00,0x00,0x00,0x00}},
/*-- char: 质 --*/
{{"\xD6\xCA"},{0x00,0x00,0x00,0x00,0x00,0x00,0x00,0x02,0x00,0x0F,0xFF,0x00,0x3F,0xF8,0x00,0x30,0x60,0x00,0x3F,0xFF,0x80,0x3F,0xFF,0x80,0x30,0x60,0x00,0x37,0xFF,0x00,0x37,0xFF,0x00,0x36,0x23,0x00,0x36,0x63,0x00,0x36,0x63,0x00,0x36,0x63,0x00,0x36,0x63,0x00,0x60,0xDC,0x00,0x63,0x8F,0x00,0x4F,0x03,0x80,0x00,0x00,0x00,0x00,0x00,0x00}},
/*-- char: 费 --*/
{{"\xB7\xD1"},{0x00,0x00,0x00,0x00,0x00,0x00,0x03,0x10,0x00,0x3F,0xFF,0x00,0x3F,0xFF,0x00,0x03,0x33,0x00,0x3F,0xFF,0x00,0x33,0x30,0x00,0x3F,0xFF,0x80,0x3F,0xFF,0x80,0x1C,0x33,0x80,0x78,0x37,0x00,0x1F,0xFE,0x00,0x18,0xC6,0x00,0x18,0xC6,0x00,0x18,0xC6,0x00,0x19,0xBE,0x00,0x0F,0x3E,0x00,0x7C,0x07,0x80,0x60,0x00,0x00,0x00,0x00,0x00}},
/*-- char: 资 --*/
{{"\xD7\xCA"},{0x00,0x00,0x00,0x00,0x00,0x00,0x00,0x40,0x00,0x20,0xC0,0x00,0x38,0xFF,0x80,0x0D,0xFF,0x00,0x03,0x33,0x00,0x0E,0x78,0x00,0x7C,0xEE,0x00,0x73,0xC7,0x80,0x03,0x01,0x80,0x1F,0xFE,0x00,0x1F,0xFE,0x00,0x18,0xC6,0x00,0x18,0xC6,0x00,0x19,0xA6,0x00,0x03,0xFC,0x00,0x0F,0x1F,0x00,0x7C,0x03,0x80,0x20,0x00,0x00,0x00,0x00,0x00}},
/*-- char: 赋 --*/
{{"\xB8\xB3"},{0x00,0x00,0x00,0x00,0x00,0x00,0x00,0x04,0x00,0x3E,0x07,0x00,0x7E,0xFF,0x80,0x66,0x06,0x80,0x7E,0x06,0x00,0x7F,0xFF,0xC0,0x7E,0x36,0x00,0x7E,0x36,0x00,0x7E,0xB6,0x00,0x7E,0xB6,0x00,0x7E,0xBE,0x00,0x7E,0xB6,0x00,0x7A,0xB6,0x00,0x1C,0xB2,0xC0,0x34,0xBF,0xC0,0x67,0xFF,0xC0,0x61,0xC1,0x80,0x00,0x00,0x00,0x00,0x00,0x00}},
/*-- char: 赤 --*/
{{"\xB3\xE0"},{0x00,0x00,0x00,0x00,0x00,0x00,0x00,0xC0,0x00,0x00,0xC0,0x00,0x1F,0xFE,0x00,0x1F,0xFF,0x00,0x00,0xC0,0x00,0x00,0xC0,0x00,0x7F,0xFF,0x80,0x7F,0xFF,0x80,0x03,0x30,0x00,0x1B,0x32,0x00,0x1B,0x37,0x00,0x33,0x33,0x00,0x73,0x31,0x80,0x66,0x31,0x80,0x06,0x30,0x80,0x0C,0x30,0x00,0x18,0xF0,0x00,0x00,0x60,0x00,0x00,0x00,0x00}},
/*-- char: 走 --*/
{{"\xD7\xDF"},{0x00,0x00,0x00,0x00,0x00,0x00,0x00,0x00,0x00,0x00,0xC0,0x00,0x1F,0xFE,0x00,0x3F,0xFF,0x00,0x00,0xC0,0x00,0x00,0xC0,0x00,0x7F,0xFF,0x80,0x7F,0xFF,0x80,0x00,0xC0,0x00,0x08,0xC0,0x00,0x18,0xFE,0x00,0x18,0xFF,0x00,0x18,0xC0,0x00,0x1C,0xC0,0x00,0x36,0xC0,0x00,0x33,0xC0,0x00,0x61,0xFF,0x80,0x40,0x1F,0x80,0x00,0x00,0x00}},
/*-- char: 赶 --*/
{{"\xB8\xCF"},{0x00,0x00,0x00,0x00,0x00,0x00,0x0C,0x00,0x00,0x0C,0x3F,0x80,0x2D,0x7F,0x80,0x7F,0x8C,0x00,0x0C,0x0C,0x00,0x0C,0x0C,0x00,0x7F,0x8C,0x00,0x7F,0xFF,0x80,0x0C,0x7F,0x80,0x6C,0x0C,0x00,0x6F,0x8C,0x00,0x6F,0x8C,0x00,0x6C,0x0C,0x00,0x7C,0x0C,0x00,0x7C,0x0C,0x00,0x6F,0xFF,0x80,0xC7,0xFF,0x80,0x40,0x00,0x00,0x00,0x00,0x00}},
/*-- char: 起 --*/
{{"\xC6\xF0"},{0x00,0x00,0x00,0x00,0x00,0x00,0x0C,0x00,0x00,0x0C,0x3F,0x00,0x7F,0x7F,0x80,0x7F,0x81,0x80,0x0C,0x01,0x80,0x0C,0x01,0x80,0x7F,0xBF,0x80,0x7F,0xBF,0x80,0x04,0x20,0x00,0x6C,0x20,0x00,0x67,0xA0,0x00,0x6F,0xA0,0xC0,0x64,0x20,0xC0,0x7C,0x3F,0x80,0x7C,0x1F,0x00,0x6F,0xFF,0x80,0xC7,0xFF,0x80,0x40,0x00,0x00,0x00,0x00,0x00}},
/*-- char: 跑 --*/
{{"\xC5\xDC"},{0x00,0x00,0x00,0x00,0x00,0x00,0x00,0x00,0x00,0x7E,0x60,0x00,0x7E,0x7F,0x00,0x62,0xFF,0x80,0x66,0xC1,0x80,0x67,0x81,0x80,0x7F,0xFD,0x80,0x18,0xCD,0x80,0x28,0xCD,0x80,0x6E,0xCD,0x00,0x6E,0xFD,0x00,0x68,0xFF,0x00,0x68,0xCF,0x00,0x6A,0xC0,0x00,0x7F,0xC0,0xC0,0x7C,0xC0,0xC0,0x40,0xFF,0x80,0x00,0x00,0x00,0x00,0x00,0x00}},
/*-- char: 跚 --*/
{{"\xF5\xC7"},{0x00,0x00,0x00,0x00,0x00,0x00,0x00,0x00,0x00,0x7F,0xFF,0x00,0x7F,0xFF,0x00,0x67,0xAD,0x00,0x67,0xAD,0x00,0x67,0xAD,0x00,0x7F,0xAD,0x00,0x19,0xBD,0x80,0x1B,0xFF,0xC0,0x7F,0xFF,0x80,0x7F,0xAD,0x00,0x79,0xAD,0x80,0x79,0xAD,0x00,0x7B,0xAD,0x00,0x7F,0xAD,0x00,0xF9,0xAD,0x80,0x01,0xAF,0x00,0x00,0xA2,0x00,0x00,0x00,0x00}},
/*-- char: 跟 --*/
{{"\xB8\xFA"},{0x00,0x00,0x00,0x00,0x00,0x00,0x00,0x00,0x00,0x7E,0x7F,0x80,0x7E,0x7F,0x80,0x62,0x41,0x80,0x62,0x6B,0x80,0x66,0x7F,0x80,0x7E,0x41,0x80,0x0C,0xC1,0x80,0x08,0xFF,0x80,0x6F,0x7F,0x00,0x6F,0x49,0x80,0x68,0xCF,0x80,0x68,0xCE,0x00,0x6F,0xC6,0x00,0x7F,0xCE,0x00,0x78,0xFB,0x80,0x41,0xE1,0x80,0x00,0x00,0x00,0x00,0x00,0x00}},
/*-- char: 跨 --*/
{{"\xBF\xE7"},{0x00,0x00,0x00,0x00,0x00,0x00,0x00,0x00,0x00,0x7E,0x18,0x00,0x7F,0xFF,0x80,0x63,0xFF,0xC0,0x62,0x36,0x00,0x66,0x63,0x00,0x7E,0xFF,0x80,0x19,0xBF,0x80,0x29,0x00,0x00,0x6F,0xFF,0x80,0x6F,0xFF,0x80,0x68,0x60,0x00,0x68,0x7F,0x00,0x69,0x63,0x00,0x7F,0x03,0x00,0x7C,0x03,0x00,0x40,0x1E,0x00,0x00,0x1C,0x00,0x00,0x00,0x00}},
/*-- char: 路 --*/
{{"\xC2\xB7"},{0x00,0x00,0x00,0x00,0x00,0x00,0x00,0x10,0x00,0x7F,0x30,0x00,0x7F,0x3F,0x00,0x63,0x7F,0x00,0x63,0x63,0x00,0x63,0xF6,0x00,0x7F,0x9E,0x00,0x0C,0x1C,0x00,0x0C,0x3E,0x00,0x6F,0x77,0x00,0x6F,0xE3,0x80,0x6D,0xFF,0x80,0x6C,0x63,0x00,0x6D,0x61,0x00,0x7F,0x61,0x00,0xFC,0x7F,0x00,0x40,0x7F,0x00,0x00,0x41,0x00,0x00,0x00,0x00}},
/*-- char: 跳 --*/
{{"\xCC\xF8"},{0x00,0x00,0x00,0x00,0x00,0x00,0x00,0x24,0x00,0x3E,0x6C,0x00,0x7E,0x2C,0x00,0x67,0xAD,0x80,0x67,0xAD,0x80,0x66,0xEF,0x00,0x7E,0xEF,0x00,0x1C,0x6E,0x00,0x18,0x2C,0x00,0x7E,0x6E,0x00,0x7E,0xEF,0x00,0x79,0xED,0x80,0x79,0x6C,0x80,0x6A,0x6C,0x00,0x7E,0xCC,0xC0,0xF9,0xCC,0xC0,0x03,0x87,0x80,0x00,0x03,0x00,0x00,0x00,0x00}},
/*-- char: 踌 --*/
{{"\xB3\xEC"},{0x00,0x00,0x00,0x00,0x00,0x00,0x00,0x10,0x00,0x7E,0x18,0x00,0x7F,0xFF,0x80,0x67,0xFF,0x80,0x66,0x10,0x00,0x66,0xFF,0x80,0x7E,0x30,0x00,0x18,0x30,0x00,0x19,0xFF,0xC0,0x7E,0x33,0x00,0x7F,0xFF,0x80,0x79,0xFF,0xC0,0x78,0x63,0x00,0x6A,0xF3,0x00,0x7F,0x9B,0x00,0x7B,0x03,0x00,0x40,0x0F,0x00,0x00,0x0C,0x00,0x00,0x00,0x00}},
/*-- char: 踩 --*/
{{"\xB2\xC8"},{0x00,0x00,0x00,0x00,0x00,0x00,0x00,0x00,0x00,0x7E,0x0F,0x80,0x7F,0xFF,0x00,0x66,0xF1,0x00,0x66,0x99,0x80,0x7E,0xDB,0x00,0x7E,0xDB,0x00,0x18,0x5A,0x00,0x18,0x18,0x00,0x7F,0xFF,0x80,0x7F,0xFF,0x80,0x78,0x3C,0x00,0x78,0x7E,0x00,0x78,0x7B,0x00,0x7E,0xD9,0x80,0x79,0x99,0x80,0x40,0x18,0x00,0x00,0x08,0x00,0x00,0x00,0x00}},
/*-- char: 蹒 --*/
{{"\xF5\xE7"},{0x00,0x00,0x00,0x00,0x00,0x00,0x00,0x64,0x00,0x7C,0x66,0x00,0x7F,0xFF,0x80,0x64,0x66,0x00,0x64,0x66,0x00,0x7D,0xFF,0x80,0x7C,0x3C,0x00,0x18,0x3C,0x00,0x59,0xFF,0x80,0x7D,0xBD,0x80,0x7D,0xAD,0x80,0x79,0xBD,0x80,0x79,0xFF,0x80,0x79,0xEB,0x80,0x7F,0xD9,0x80,0x79,0x81,0x80,0x41,0x87,0x80,0x00,0x03,0x00,0x00,0x00,0x00}},
/*-- char: 躇 --*/
{{"\xB3\xF9"},{0x00,0x00,0x00,0x00,0x00,0x00,0x00,0x22,0x00,0x7E,0x66,0x00,0x7F,0xFF,0xC0,0x67,0xFF,0x80,0x66,0x36,0x00,0x66,0xFD,0x80,0x7E,0xFF,0x00,0x18,0x36,0x00,0x19,0xFF,0xC0,0x7F,0xFF,0x80,0x7E,0x73,0x00,0x78,0xFF,0x00,0x7B,0xFF,0x80,0x7B,0x7F,0x00,0x7E,0x7F,0x00,0xF8,0x61,0x00,0x00,0x7F,0x00,0x00,0x61,0x00,0x00,0x00,0x00}},
/*-- char: 身 --*/
{{"\xC9\xED"},{0x00,0x00,0x00,0x00,0x00,0x00,0x00,0x80,0x00,0x00,0xC0,0x00,0x0F,0xFC,0x00,0x1F,0xFC,0x00,0x18,0x0C,0x00,0x1F,0xFC,0x00,0x1F,0xFC,0x00,0x18,0x0F,0x80,0x1F,0xFF,0x00,0x18,0x0E,0x00,0x08,0x3C,0x00,0x7F,0xFC,0x00,0x7E,0xFC,0x00,0x01,0xEC,0x00,0x07,0x8C,0x00,0x3E,0x0C,0x00,0x78,0x7C,0x00,0x00,0x38,0x00,0x00,0x00,0x00}},
/*-- char: 躲 --*/
{{"\xB6\xE3"},{0x00,0x00,0x00,0x00,0x00,0x00,0x08,0x00,0x00,0x18,0x3E,0x00,0x3E,0x7E,0x00,0x3F,0x66,0x00,0x23,0x66,0x00,0x3F,0x66,0x00,0x23,0xC7,0x80,0x3F,0xCB,0x80,0x3F,0x18,0x00,0x23,0xFF,0x80,0x7F,0x7D,0x00,0x7F,0x3C,0x00,0x0F,0x3E,0x00,0x3B,0x7B,0x00,0x73,0xDB,0x80,0x63,0xD9,0x80,0x0E,0x18,0x00,0x04,0x08,0x00,0x00,0x00,0x00}},
/*-- char: 躺 --*/
{{"\xCC\xC9"},{0x00,0x00,0x00,0x00,0x00,0x00,0x08,0x08,0x00,0x08,0x8C,0x80,0x3E,0xCD,0x80,0x3E,0x4D,0x80,0x22,0x6B,0x00,0x3E,0x4D,0x00,0x3E,0xFF,0x80,0x3F,0xC1,0x80,0x3F,0xDD,0x80,0x23,0xFF,0x80,0x7E,0xF7,0x80,0xFE,0xF7,0x80,0x0E,0xFF,0x80,0x1A,0xFD,0x80,0x72,0xD1,0x80,0x62,0xC1,0x80,0x0E,0xC3,0x80,0x0C,0xC3,0x00,0x00,0x00,0x00}},
/*-- char: 车 --*/
{{"\xB3\xB5"},{0x00,0x00,0x00,0x00,0x00,0x00,0x01,0x00,0x00,0x03,0x00,0x00,0x03,0x00,0x00,0x7F,0xFF,0x80,0x7F,0xFF,0x80,0x06,0x40,0x00,0x0C,0x60,0x00,0x18,0x60,0x00,0x1F,0xFF,0x00,0x1F,0xFF,0x00,0x00,0x60,0x00,0x00,0x60,0x00,0x7F,0xFF,0x80,0x7F,0xFF,0x80,0x00,0x60,0x00,0x00,0x60,0x00,0x00,0x60,0x00,0x00,0x40,0x00,0x00,0x00,0x00}},
/*-- char: 转 --*/
{{"\xD7\xAA"},{0x00,0x00,0x00,0x00,0x00,0x00,0x08,0x08,0x00,0x18,0x0C,0x00,0x7E,0x7F,0x00,0xFF,0xFF,0x80,0x30,0x18,0x00,0x3C,0x18,0x00,0x3D,0xFF,0xC0,0x2C,0xFF,0x80,0x7F,0x30,0x00,0x7F,0x7F,0x00,0x0C,0x7F,0x00,0x0D,0x03,0x00,0x7F,0x06,0x00,0x7C,0x3C,0x00,0x0C,0x3C,0x00,0x0C,0x0E,0x00,0x0C,0x06,0x00,0x00,0x00,0x00,0x00,0x00,0x00}},
/*-- char: 轮 --*/
{{"\xC2\xD6"},{0x00,0x00,0x00,0x00,0x00,0x00,0x00,0x08,0x00,0x18,0x18,0x00,0x7E,0x3C,0x00,0x7F,0x3C,0x00,0x30,0x66,0x00,0x38,0xE3,0x00,0x3D,0xC3,0x80,0x2D,0xE1,0x80,0x7E,0x62,0x00,0x7E,0x6F,0x00,0x0C,0x7C,0x00,0x0C,0x78,0x00,0x7F,0x60,0x00,0x7C,0x61,0x80,0x0C,0x61,0x80,0x0C,0x7F,0x80,0x0C,0x3F,0x00,0x08,0x00,0x00,0x00,0x00,0x00}},
/*-- char: 轻 --*/
{{"\xC7\xE1"},{0x00,0x00,0x00,0x00,0x00,0x00,0x00,0x00,0x00,0x18,0x7E,0x00,0x7E,0xFF,0x00,0x7F,0x03,0x00,0x30,0x06,0x00,0x34,0x0C,0x00,0x3C,0x3E,0x00,0x2C,0x77,0x80,0x7F,0xC1,0x80,0x7F,0x00,0x00,0x0C,0xFF,0x80,0x0C,0x7F,0x00,0x3F,0x08,0x00,0x7C,0x18,0x00,0x0C,0x08,0x00,0x0C,0xFF,0x80,0x0D,0xFF,0x80,0x00,0x00,0x00,0x00,0x00,0x00}},
/*-- char: 较 --*/
{{"\xBD\xCF"},{0x00,0x00,0x00,0x00,0x00,0x00,0x00,0x10,0x00,0x18,0x18,0x00,0x7E,0x0C,0x00,0x7F,0xFF,0x80,0x30,0xFF,0x80,0x34,0x22,0x00,0x3C,0x63,0x00,0x2C,0x41,0x80,0x7E,0xE3,0x80,0x7E,0xE6,0x80,0x0C,0x36,0x00,0x0C,0x3E,0x00,0x7F,0x1C,0x00,0x7E,0x1C,0x00,0x0C,0x3E,0x00,0x0C,0x77,0x00,0x0C,0xC1,0x80,0x00,0x00,0x00,0x00,0x00,0x00}},
/*-- char: 边 --*/
{{"\xB1\xDF"},{0x00,0x00,0x00,0x00,0x00,0x00,0x00,0x00,0x00,0x20,0x30,0x00,0x30,0x30,0x00,0x18,0x70,0x00,0x0B,0xFF,0x80,0x03,0xFF,0x80,0x70,0x61,0x80,0xF8,0x61,0x80,0x18,0x61,0x80,0x18,0x61,0x80,0x18,0xC1,0x80,0x18,0xC3,0x00,0x1B,0x83,0x00,0x1B,0x1F,0x00,0x3C,0x0C,0x00,0x6F,0x01,0x80,0xC3,0xFF,0xC0,0x00,0xFF,0x00,0x00,0x00,0x00}},
/*-- char: 迂 --*/
{{"\xD3\xD8"},{0x00,0x00,0x00,0x00,0x00,0x00,0x00,0x00,0x00,0x33,0xFF,0x00,0x1B,0xFF,0x80,0x08,0x30,0x00,0x40,0x30,0x00,0x70,0x30,0x00,0x3B,0xFF,0x80,0x07,0xFF,0x80,0x00,0x30,0x00,0x78,0x30,0x00,0x78,0x30,0x00,0x18,0x30,0x00,0x18,0x30,0x00,0x18,0xF0,0x00,0x3C,0xE0,0x00,0x7F,0x87,0x80,0x63,0xFF,0x80,0x00,0x00,0x00,0x00,0x00,0x00}},
/*-- char: 过 --*/
{{"\xB9\xFD"},{0x00,0x00,0x00,0x00,0x00,0x00,0x00,0x04,0x00,0x20,0x06,0x00,0x30,0x06,0x00,0x18,0x06,0x00,0x1B,0xFF,0x80,0x03,0xFF,0x80,0x00,0x06,0x00,0x79,0x86,0x00,0x78,0xC6,0x00,0x18,0xC6,0x00,0x18,0x46,0x00,0x18,0x06,0x00,0x18,0x06,0x00,0x18,0x3C,0x00,0x3C,0x38,0x00,0x67,0xFF,0x80,0x41,0xFF,0x80,0x00,0x00,0x00,0x00,0x00,0x00}},
/*-- char: 运 --*/
{{"\xD4\xCB"},{0x00,0x00,0x00,0x00,0x00,0x00,0x00,0x00,0x00,0x31,0xFF,0x00,0x39,0xFF,0x00,0x08,0x00,0x00,0x00,0x00,0x00,0x70,0x00,0x00,0x3F,0xFF,0xC0,0x03,0xFF,0x80,0x00,0x64,0x00,0x78,0xC6,0x00,0x78,0xC3,0x00,0x18,0x87,0x00,0x1B,0xFF,0x80,0x1B,0xF1,0x80,0x3C,0x00,0x00,0x6F,0xC7,0x80,0x43,0xFF,0x80,0x00,0x00,0x00,0x00,0x00,0x00}},
/*-- char: 近 --*/
{{"\xBD\xFC"},{0x00,0x00,0x00,0x00,0x00,0x00,0x00,0x00,0x00,0x60,0x3F,0x00,0x31,0xFC,0x00,0x19,0x80,0x00,0x09,0x80,0x00,0x01,0x80,0x00,0x01,0xFF,0x80,0x71,0xFF,0x80,0x79,0x8C,0x00,0x19,0x8C,0x00,0x19,0x8C,0x00,0x1B,0x0C,0x00,0x1B,0x0C,0x00,0x1E,0x0C,0x00,0x3C,0x0C,0x00,0x7F,0xCF,0x80,0x63,0xFF,0x80,0x00,0x00,0x00,0x00,0x00,0x00}},
/*-- char: 返 --*/
{{"\xB7\xB5"},{0x00,0x00,0x00,0x00,0x00,0x00,0x00,0x00,0x00,0x61,0xFF,0x80,0x31,0xFF,0x80,0x19,0x00,0x00,0x19,0x00,0x00,0x01,0xFF,0x00,0x01,0xFF,0x00,0x71,0x63,0x00,0x7B,0x66,0x00,0x1B,0x36,0x00,0x1B,0x3C,0x00,0x1B,0x1C,0x00,0x1E,0x7E,0x00,0x1E,0xE7,0x80,0x3C,0x81,0x80,0x6F,0xA7,0x80,0x43,0xFF,0x80,0x00,0x00,0x00,0x00,0x00,0x00}},
/*-- char: 还 --*/
{{"\xBB\xB9"},{0x00,0x00,0x00,0x00,0x00,0x00,0x00,0x00,0x00,0x20,0x00,0x00,0x33,0xFF,0x80,0x1B,0xFF,0x80,0x08,0x30,0x00,0x00,0x30,0x00,0x70,0x7C,0x00,0xF8,0xFE,0x00,0x19,0xB7,0x00,0x1B,0x33,0x80,0x1E,0x31,0x80,0x18,0x30,0x00,0x18,0x30,0x00,0x18,0x30,0x00,0x38,0x30,0x00,0x6F,0x01,0x80,0xC7,0xFF,0xC0,0x00,0xFF,0x00,0x00,0x00,0x00}},
/*-- char: 这 --*/
{{"\xD5\xE2"},{0x00,0x00,0x00,0x00,0x00,0x00,0x00,0x20,0x00,0x60,0x70,0x00,0x70,0x30,0x00,0x3F,0xFF,0x80,0x1F,0xFF,0x80,0x00,0x06,0x00,0x03,0x0C,0x00,0x79,0xCC,0x00,0x78,0xF8,0x00,0x18,0x38,0x00,0x18,0x7C,0x00,0x18,0xEE,0x00,0x1B,0xC7,0x00,0x1F,0x03,0x00,0x3C,0x00,0x00,0x7F,0xFF,0x80,0x63,0xFF,0x80,0x00,0x00,0x00,0x00,0x00,0x00}},
/*-- char: 进 --*/
{{"\xBD\xF8"},{0x00,0x00,0x00,0x00,0x00,0x00,0x00,0x00,0x00,0x20,0xC6,0x00,0x30,0xC6,0x00,0x18,0xC6,0x00,0x0B,0xFF,0x80,0x03,0xFF,0x80,0x00,0x46,0x00,0x78,0xC6,0x00,0x7B,0xFF,0x80,0x1B,0xFF,0x80,0x18,0xC6,0x00,0x18,0xC6,0x00,0x19,0x86,0x00,0x1B,0x06,0x00,0x3C,0x04,0x00,0x67,0xFF,0x80,0x43,0xFF,0x80,0x00,0x00,0x00,0x00,0x00,0x00}},
/*-- char: 远 --*/
{{"\xD4\xB6"},{0x00,0x00,0x00,0x00,0x00,0x00,0x00,0x00,0x00,0x01,0xFE,0x00,0x73,0xFF,0x00,0x38,0x00,0x00,0x18,0x00,0x00,0x03,0xFF,0x80,0x07,0xFF,0x80,0xF8,0xCC,0x00,0x78,0xCC,0x00,0x18,0xCC,0x00,0x18,0xCC,0x00,0x19,0x8C,0x80,0x1B,0x8D,0x80,0x1F,0x0F,0x80,0x3C,0x02,0x00,0x7F,0x00,0x80,0x63,0xFF,0x80,0x00,0x7C,0x00,0x00,0x00,0x00}},
/*-- char: 迷 --*/
{{"\xC3\xD4"},{0x00,0x00,0x00,0x00,0x00,0x00,0x00,0x00,0x00,0x60,0x31,0x00,0x33,0x33,0x00,0x19,0xB3,0x00,0x09,0xB6,0x00,0x00,0xB4,0x00,0x07,0xFF,0x80,0x77,0xFF,0x80,0x78,0x78,0x00,0x18,0xFC,0x00,0x18,0xF6,0x00,0x19,0xB3,0x00,0x1B,0x33,0x80,0x1A,0x31,0x80,0x3C,0x30,0x00,0x7F,0xF7,0x80,0x63,0xFF,0x80,0x00,0x00,0x00,0x00,0x00,0x00}},
/*-- char: 迹 --*/
{{"\xBC\xA3"},{0x00,0x00,0x00,0x00,0x00,0x00,0x00,0x10,0x00,0x30,0x10,0x00,0x18,0x30,0x00,0x0B,0xFF,0x80,0x63,0xFF,0x80,0x70,0x6C,0x00,0x39,0x6F,0x00,0x03,0x6D,0x00,0x03,0x6D,0x80,0x7A,0x6D,0x80,0x7E,0x4C,0xC0,0x18,0xCC,0x00,0x18,0xCC,0x00,0x19,0x9C,0x00,0x39,0x18,0x00,0x6F,0xDB,0x80,0x43,0xFF,0x80,0x00,0x00,0x00,0x00,0x00,0x00}},
/*-- char: 送 --*/
{{"\xCB\xCD"},{0x00,0x00,0x00,0x00,0x00,0x00,0x00,0x00,0x00,0x61,0x83,0x00,0x30,0xC6,0x00,0x18,0xC4,0x00,0x0B,0xFF,0x80,0x03,0xFF,0x80,0x00,0x30,0x00,0x73,0xFF,0x80,0x7F,0xFF,0x80,0x18,0x38,0x00,0x18,0x38,0x00,0x18,0x6C,0x00,0x18,0xC6,0x00,0x1B,0x83,0x80,0x3F,0x01,0x80,0x7F,0xC7,0x80,0x63,0xFF,0x80,0x00,0x00,0x00,0x00,0x00,0x00}},
/*-- char: 逃 --*/
{{"\xCC\xD3"},{0x00,0x00,0x00,0x00,0x00,0x00,0x00,0x48,0x00,0x60,0xD8,0x00,0x76,0x59,0x00,0x1A,0x5B,0x00,0x1B,0xDB,0x00,0x01,0xDE,0x00,0x00,0x58,0x00,0x70,0xDC,0x00,0xF9,0xDF,0x00,0x1F,0xDB,0x80,0x1E,0xD9,0x80,0x18,0xD8,0x00,0x19,0x98,0x80,0x1B,0x0F,0x80,0x3E,0x07,0x00,0x6F,0xC1,0x80,0x47,0xFF,0x80,0x00,0x00,0x00,0x00,0x00,0x00}},
/*-- char: 通 --*/
{{"\xCD\xA8"},{0x00,0x00,0x00,0x00,0x00,0x00,0x00,0x00,0x00,0x63,0xFF,0x00,0x71,0xFF,0x00,0x18,0xEE,0x00,0x18,0x3C,0x00,0x03,0xFF,0x80,0x03,0xFF,0x80,0x73,0x11,0x80,0xFB,0xFF,0x80,0x1B,0x31,0x80,0x1B,0xFF,0x80,0x1B,0xFF,0x80,0x1B,0x11,0x80,0x1B,0x17,0x80,0x3F,0x17,0x00,0x77,0xC3,0x80,0x43,0xFF,0xC0,0x00,0x00,0x00,0x00,0x00,0x00}},
/*-- char: 逛 --*/
{{"\xB9\xE4"},{0x00,0x00,0x00,0x00,0x00,0x00,0x00,0x00,0x00,0x33,0xFF,0x80,0x1B,0xBF,0x80,0x09,0x8C,0x00,0x43,0x8C,0x00,0x76,0x8C,0x00,0x38,0x8C,0x00,0x01,0xFF,0x80,0x03,0xCC,0x00,0xFE,0xCC,0x00,0x7E,0xCC,0x00,0x18,0x8C,0x00,0x18,0xFF,0x80,0x1B,0xFF,0x80,0x3F,0x00,0x00,0x6F,0xFF,0x80,0x43,0xFF,0x80,0x00,0x00,0x00,0x00,0x00,0x00}},
/*-- char: 道 --*/
{{"\xB5\xC0"},{0x00,0x00,0x00,0x00,0x00,0x00,0x00,0x02,0x00,0x60,0x86,0x00,0x30,0xCC,0x00,0x1F,0xFF,0x80,0x08,0x30,0x00,0x01,0xFE,0x00,0x01,0xFF,0x00,0x71,0x83,0x00,0x79,0xFF,0x00,0x19,0x83,0x00,0x19,0xFF,0x00,0x19,0xFF,0x00,0x19,0x83,0x00,0x19,0xFF,0x00,0x3D,0xFE,0x00,0x7F,0x01,0x80,0x63,0xFF,0x80,0x00,0x00,0x00,0x00,0x00,0x00}},
/*-- char: 遭 --*/
{{"\xD4\xE2"},{0x00,0x00,0x00,0x00,0x00,0x00,0x00,0x48,0x00,0x60,0x6C,0x00,0x77,0xFF,0x80,0x3B,0xFF,0x00,0x1B,0xFF,0x80,0x03,0xFD,0x80,0x03,0xFF,0x80,0x73,0xFD,0x80,0xFB,0xFF,0x80,0x19,0xFE,0x00,0x19,0xFF,0x00,0x19,0xFF,0x00,0x19,0xFF,0x00,0x19,0xFF,0x00,0x39,0xFE,0x00,0x6F,0xC3,0x80,0x43,0xFF,0x80,0x00,0x00,0x00,0x00,0x00,0x00}},
/*-- char: 遮 --*/
{{"\xD5\xDA"},{0x00,0x00,0x00,0x00,0x00,0x00,0x00,0x10,0x00,0x60,0x30,0x00,0x73,0xFF,0x80,0x3B,0xFF,0x80,0x13,0x66,0x00,0x03,0xFF,0x80,0x03,0xFF,0x80,0x73,0x66,0x00,0xFB,0x66,0x00,0x1A,0x7E,0x00,0x1A,0x3E,0x00,0x1E,0xA9,0x00,0x1E,0xBD,0x80,0x1D,0xB4,0x80,0x39,0x24,0x80,0x6F,0x81,0x80,0x47,0xFF,0x80,0x00,0x00,0x00,0x00,0x00,0x00}},
/*-- char: 那 --*/
{{"\xC4\xC7"},{0x00,0x00,0x00,0x00,0x00,0x00,0x00,0x00,0x00,0x7F,0x9F,0x00,0x7F,0xBF,0x80,0x19,0xB1,0x80,0x19,0xB3,0x00,0x3D,0xB3,0x00,0x7F,0xB6,0x00,0x19,0xB6,0x00,0x19,0xB3,0x00,0x19,0xB3,0x00,0x7F,0xB1,0x80,0x7F,0xB1,0x80,0x11,0xB1,0x80,0x31,0xBF,0x80,0x31,0xBF,0x00,0x67,0xB0,0x00,0x67,0x30,0x00,0x00,0x10,0x00,0x00,0x00,0x00}},
/*-- char: 邻 --*/
{{"\xC1\xDA"},{0x00,0x00,0x00,0x00,0x00,0x00,0x00,0x00,0x00,0x06,0x1F,0x00,0x0E,0x1F,0x80,0x0F,0x19,0x80,0x19,0x99,0x00,0x34,0xDB,0x00,0x66,0x7B,0x00,0x42,0x1E,0x00,0x00,0x1B,0x00,0x3F,0xD9,0x00,0x1F,0x99,0x80,0x01,0x99,0x80,0x03,0x19,0x80,0x1B,0x1B,0x80,0x0E,0x1F,0x00,0x06,0x18,0x00,0x03,0x18,0x00,0x00,0x10,0x00,0x00,0x00,0x00}},
/*-- char: 郁 --*/
{{"\xD3\xF4"},{0x00,0x00,0x00,0x00,0x00,0x00,0x00,0x00,0x00,0x0C,0x1F,0x00,0x7F,0xDF,0x80,0x7F,0xF9,0x80,0x18,0x19,0x00,0x18,0x1B,0x00,0x3F,0xDB,0x00,0x79,0xDE,0x00,0xF0,0xDA,0x00,0xFF,0xDB,0x00,0x38,0xD9,0x80,0x30,0xD9,0x80,0x3F,0xD9,0x80,0x39,0xDF,0x80,0x30,0xDF,0x00,0x31,0xD8,0x00,0x33,0x98,0x00,0x00,0x10,0x00,0x00,0x00,0x00}},
/*-- char: 部 --*/
{{"\xB2\xBF"},{0x00,0x00,0x00,0x00,0x00,0x00,0x04,0x00,0x00,0x04,0x1F,0x00,0x7F,0xFF,0x80,0x7F,0xF1,0x80,0x31,0xB1,0x80,0x31,0xB3,0x00,0x11,0x33,0x00,0x7F,0xF6,0x00,0xFF,0xF3,0x00,0x00,0x31,0x00,0x3F,0xB1,0x80,0x3F,0x91,0x80,0x31,0x91,0x80,0x31,0x97,0x80,0x31,0x97,0x00,0x3F,0x90,0x00,0x3F,0xB0,0x00,0x20,0x90,0x00,0x00,0x00,0x00}},
/*-- char: 都 --*/
{{"\xB6\xBC"},{0x00,0x00,0x00,0x00,0x00,0x00,0x0C,0x00,0x00,0x0C,0x5F,0x00,0x3F,0xFF,0x80,0x7F,0xD9,0x80,0x0D,0x91,0x80,0x0F,0x1B,0x00,0xFF,0xF3,0x00,0x7F,0xD6,0x00,0x0C,0x13,0x00,0x3F,0x91,0x00,0x7F,0xD1,0x80,0x70,0xD1,0x80,0x3F,0xD0,0x80,0x30,0xDF,0x80,0x30,0xDF,0x00,0x3F,0xD0,0x00,0x3F,0xD8,0x00,0x10,0x10,0x00,0x00,0x00,0x00}},
/*-- char: 醒 --*/
{{"\xD0\xD1"},{0x00,0x00,0x00,0x00,0x00,0x00,0x00,0x00,0x00,0x7F,0xFF,0x80,0x7F,0x7F,0x80,0x14,0x61,0x80,0x1E,0x7F,0x80,0x7F,0xE1,0x80,0x7F,0xFF,0x80,0x7D,0xFF,0x80,0x75,0xAC,0x00,0x77,0xFF,0x80,0x63,0xFF,0x80,0x61,0xCC,0x00,0x7F,0xBF,0x00,0x61,0xFF,0x80,0x61,0x8C,0x00,0x7F,0x8C,0x00,0x61,0xFF,0xC0,0x00,0x00,0x00,0x00,0x00,0x00}},
/*-- char: 里 --*/
{{"\xC0\xEF"},{0x00,0x00,0x00,0x00,0x00,0x00,0x00,0x00,0x00,0x1F,0xFF,0x00,0x3F,0xFF,0x00,0x30,0xC3,0x00,0x38,0xC3,0x00,0x3F,0xFF,0x00,0x38,0xC3,0x00,0x30,0xC3,0x00,0x3F,0xFF,0x00,0x1F,0xFF,0x00,0x00,0xC0,0x00,0x3F,0xFF,0x00,0x3F,0xFF,0x00,0x00,0xC0,0x00,0x00,0xC0,0x00,0x7F,0xFF,0x80,0x7F,0xFF,0x80,0x00,0x00,0x00,0x00,0x00,0x00}},
/*-- char: 重 --*/
{{"\xD6\xD8"},{0x00,0x00,0x00,0x00,0x00,0x00,0x00,0x00,0x00,0x1F,0xFE,0x00,0x3F,0xF0,0x00,0x00,0xC0,0x00,0x7F,0xFF,0x80,0x1F,0xFE,0x00,0x1F,0xFF,0x00,0x18,0xC3,0x00,0x1F,0xFF,0x00,0x1F,0xFF,0x00,0x1F,0xFF,0x00,0x1F,0xFE,0x00,0x00,0xC0,0x00,0x3F,0xFF,0x00,0x00,0xC0,0x00,0x7F,0xFF,0x80,0x7F,0xFF,0x80,0x00,0x00,0x00,0x00,0x00,0x00}},
/*-- char: 量 --*/
{{"\xC1\xBF"},{0x00,0x00,0x00,0x00,0x00,0x00,0x00,0x00,0x00,0x1F,0xFE,0x00,0x1F,0xFE,0x00,0x1F,0xFE,0x00,0x1B,0xF6,0x00,0x1F,0xFE,0x00,0x7F,0xFF,0x80,0x7F,0xFF,0x80,0x1F,0xFE,0x00,0x1F,0xFF,0x00,0x1F,0xFF,0x00,0x1F,0xFF,0x00,0x1F,0xFF,0x00,0x00,0xC0,0x00,0x3F,0xFF,0x00,0x00,0xC0,0x00,0x7F,0xFF,0x80,0x00,0x00,0x00,0x00,0x00,0x00}},
/*-- char: 针 --*/
{{"\xD5\xEB"},{0x00,0x00,0x00,0x00,0x00,0x00,0x00,0x08,0x00,0x18,0x0C,0x00,0x3E,0x0C,0x00,0x3F,0x0C,0x00,0x60,0x0C,0x00,0x40,0x0C,0x00,0x3F,0xFF,0x80,0x3F,0xFF,0xC0,0x08,0x0C,0x00,0x7E,0x0C,0x00,0x7F,0x0C,0x00,0x18,0x0C,0x00,0x18,0x0C,0x00,0x18,0x0C,0x00,0x1F,0x0C,0x00,0x1E,0x0C,0x00,0x18,0x0C,0x00,0x00,0x08,0x00,0x00,0x00,0x00}},
/*-- char: 钱 --*/
{{"\xC7\xAE"},{0x00,0x00,0x00,0x00,0x00,0x00,0x00,0x10,0x00,0x10,0x36,0x00,0x3E,0x33,0x00,0x3F,0x31,0x00,0x60,0x7F,0x80,0x40,0xFE,0x00,0x3E,0x10,0x00,0x3E,0x1B,0x80,0x08,0xFF,0x80,0x7F,0xF8,0x00,0x7F,0x19,0x80,0x18,0x1B,0x00,0x18,0x0E,0x00,0x19,0x0C,0x00,0x1F,0x3C,0x80,0x1E,0xF6,0xC0,0x18,0xC7,0x80,0x00,0x01,0x00,0x00,0x00,0x00}},
/*-- char: 铁 --*/
{{"\xCC\xFA"},{0x00,0x00,0x00,0x00,0x00,0x00,0x00,0x08,0x00,0x10,0x4C,0x00,0x3F,0x6C,0x00,0x3F,0x6C,0x00,0x60,0xFF,0x80,0x40,0xFF,0x00,0x3F,0xCC,0x00,0x3E,0x88,0x00,0x08,0xFF,0x80,0x7F,0xFF,0x80,0x7F,0x1C,0x00,0x18,0x1C,0x00,0x18,0x1E,0x00,0x18,0x36,0x00,0x1F,0x63,0x00,0x1E,0xE3,0x80,0x19,0xC1,0x80,0x00,0x00,0x00,0x00,0x00,0x00}},
/*-- char: 铺 --*/
{{"\xC6\xCC"},{0x00,0x00,0x00,0x00,0x00,0x00,0x00,0x08,0x00,0x10,0x1F,0x00,0x3E,0x19,0x80,0x3F,0xFF,0x80,0x60,0xFF,0x80,0x40,0x1C,0x00,0x3E,0xFF,0x80,0x3C,0xD9,0x80,0x18,0xD9,0x80,0x7E,0xFF,0x80,0x7F,0xDD,0x80,0x18,0xD9,0x80,0x18,0xFF,0x80,0x18,0xFF,0x80,0x1F,0xD9,0x80,0x1C,0xD9,0x80,0x18,0xDB,0x80,0x00,0x8B,0x00,0x00,0x00,0x00}},
/*-- char: 长 --*/
{{"\xB3\xA4"},{0x00,0x00,0x00,0x00,0x00,0x00,0x04,0x00,0x00,0x0C,0x06,0x00,0x0C,0x0E,0x00,0x0C,0x18,0x00,0x0C,0x70,0x00,0x0D,0xE0,0x00,0x0C,0x80,0x00,0x7F,0xFF,0x80,0x7F,0xFF,0x80,0x0C,0x60,0x00,0x0C,0x60,0x00,0x0C,0x30,0x00,0x0C,0x38,0x00,0x0C,0x1C,0x00,0x0C,0xCE,0x00,0x0F,0xC7,0x80,0x0E,0x01,0x80,0x00,0x00,0x00,0x00,0x00,0x00}},
/*-- char: 门 --*/
{{"\xC3\xC5"},{0x00,0x00,0x00,0x00,0x00,0x00,0x00,0xC0,0x00,0x00,0xC0,0x00,0x00,0xC0,0x00,0x3F,0xFF,0x00,0x3F,0xFF,0x80,0x20,0xC1,0x80,0x20,0xC1,0x80,0x20,0xC1,0x80,0x20,0x01,0x80,0x20,0x01,0x80,0x20,0x01,0x80,0x20,0x01,0x80,0x20,0x01,0x80,0x20,0x01,0x80,0x20,0x01,0x80,0x20,0x03,0x80,0x60,0x0F,0x00,0x20,0x06,0x00,0x00,0x00,0x00}},
/*-- char: 闪 --*/
{{"\xC9\xC1"},{0x00,0x00,0x00,0x00,0x00,0x00,0x00,0x00,0x00,0x33,0xFF,0x80,0x1B,0xFF,0x80,0x0C,0x01,0x80,0x2C,0x41,0x80,0x60,0xC1,0x80,0x60,0xC1,0x80,0x60,0xC1,0x80,0x61,0xC1,0x80,0x61,0xE1,0x80,0x63,0x31,0x80,0x67,0x19,0x80,0x6E,0x0D,0x80,0x6C,0x0D,0x80,0x60,0x01,0x80,0x60,0x01,0x80,0x60,0x0F,0x80,0x20,0x06,0x00,0x00,0x00,0x00}},
/*-- char: 问 --*/
{{"\xCE\xCA"},{0x00,0x00,0x00,0x00,0x00,0x00,0x00,0x00,0x00,0x33,0xFF,0x00,0x3B,0xFF,0x80,0x18,0x01,0x80,0x28,0x01,0x80,0x60,0x01,0x80,0x63,0xF1,0x80,0x67,0xF1,0x80,0x66,0x11,0x80,0x66,0x31,0x80,0x66,0x11,0x80,0x67,0xF1,0x80,0x67,0xF1,0x80,0x66,0x01,0x80,0x60,0x01,0x80,0x60,0x01,0x80,0x60,0x0F,0x00,0x20,0x06,0x00,0x00,0x00,0x00}},
/*-- char: 闲 --*/
{{"\xCF\xD0"},{0x00,0x00,0x00,0x00,0x00,0x00,0x00,0x00,0x00,0x33,0xFF,0x80,0x1B,0xFF,0x80,0x0C,0x01,0x80,0x2C,0xC1,0x80,0x60,0xC1,0x80,0x60,0xC1,0x80,0x6F,0xFD,0x80,0x61,0xE1,0x80,0x61,0xF1,0x80,0x63,0xF1,0x80,0x66,0xD9,0x80,0x6C,0xCD,0x80,0x6C,0xC1,0x80,0x60,0xC1,0x80,0x60,0xC1,0x80,0x60,0x0F,0x80,0x60,0x06,0x00,0x00,0x00,0x00}},
/*-- char: 间 --*/
{{"\xBC\xE4"},{0x00,0x00,0x00,0x00,0x00,0x00,0x00,0x00,0x00,0x33,0xFF,0x00,0x3B,0xFF,0x80,0x18,0x01,0x80,0x20,0x01,0x80,0x60,0x01,0x80,0x67,0xF9,0x80,0x66,0x19,0x80,0x66,0x19,0x80,0x67,0xF9,0x80,0x67,0xF9,0x80,0x66,0x19,0x80,0x66,0x19,0x80,0x67,0xF9,0x80,0x60,0x01,0x80,0x60,0x01,0x80,0x60,0x07,0x80,0x20,0x02,0x00,0x00,0x00,0x00}},
/*-- char: 阳 --*/
{{"\xD1\xF4"},{0x00,0x00,0x00,0x00,0x00,0x00,0x00,0x00,0x00,0x7E,0xFF,0x00,0x7E,0xFF,0x80,0x66,0xC1,0x80,0x64,0xC1,0x80,0x6C,0xC1,0x80,0x68,0xC1,0x80,0x6C,0xC1,0x80,0x66,0xFF,0x80,0x66,0xFF,0x80,0x62,0xC1,0x80,0x6E,0xC1,0x80,0x7E,0xC1,0x80,0x60,0xC1,0x80,0x60,0xFF,0x80,0x60,0xFF,0x80,0x60,0xC1,0x80,0x20,0xC0,0x00,0x00,0x00,0x00}},
/*-- char: 阵 --*/
{{"\xD5\xF3"},{0x00,0x00,0x00,0x00,0x00,0x00,0x00,0x10,0x00,0x3E,0x30,0x00,0x7E,0xFF,0x80,0x67,0xFF,0x80,0x6C,0x60,0x00,0x6C,0x68,0x00,0x68,0x4C,0x00,0x6C,0xC8,0x00,0x64,0xFF,0x80,0x66,0xFF,0x80,0x66,0x0C,0x00,0x66,0x0C,0x00,0x7F,0xFF,0x80,0x69,0xFF,0xC0,0x60,0x0C,0x00,0x60,0x0C,0x00,0x60,0x0C,0x00,0x20,0x08,0x00,0x00,0x00,0x00}},
/*-- char: 阶 --*/
{{"\xBD\xD7"},{0x00,0x00,0x00,0x00,0x00,0x00,0x00,0x10,0x00,0x7E,0x18,0x00,0x7E,0x38,0x00,0x66,0x3C,0x00,0x6C,0x66,0x00,0x6C,0xC3,0x00,0x79,0x81,0x80,0x6D,0x00,0x80,0x66,0x66,0x00,0x66,0x66,0x00,0x66,0x66,0x00,0x6E,0x66,0x00,0x7C,0x46,0x00,0x60,0xC6,0x00,0x60,0xC6,0x00,0x61,0xC6,0x00,0x61,0x86,0x00,0x60,0x00,0x00,0x00,0x00,0x00}},
/*-- char: 院 --*/
{{"\xD4\xBA"},{0x00,0x00,0x00,0x00,0x00,0x00,0x00,0x10,0x00,0x7C,0x18,0x00,0x7F,0xFF,0x80,0x67,0xFF,0x80,0x6F,0x01,0x80,0x6B,0x01,0x80,0x78,0xFF,0x00,0x6C,0x42,0x00,0x6C,0x00,0x00,0x67,0xFF,0x80,0x67,0xFF,0x80,0x66,0x6C,0x00,0x7C,0x6C,0x00,0x60,0xCC,0x00,0x60,0xCC,0x80,0x61,0x8C,0x80,0x63,0x07,0x80,0x60,0x03,0x00,0x00,0x00,0x00}},
/*-- char: 除 --*/
{{"\xB3\xFD"},{0x00,0x00,0x00,0x00,0x00,0x00,0x00,0x10,0x00,0x7C,0x38,0x00,0x7E,0x6C,0x00,0x64,0x66,0x00,0x6C,0xC3,0x00,0x6F,0x83,0x80,0x7B,0xFF,0x80,0x6C,0x18,0x00,0x6C,0x18,0x00,0x67,0xFF,0x80,0x67,0xFF,0x80,0x66,0x18,0x00,0x7C,0x9B,0x00,0x61,0x9B,0x00,0x63,0x19,0x80,0x63,0x18,0x80,0x60,0x70,0x00,0x20,0x60,0x00,0x00,0x00,0x00}},
/*-- char: 陪 --*/
{{"\xC5\xE3"},{0x00,0x00,0x00,0x00,0x00,0x00,0x00,0x00,0x00,0x7C,0x18,0x00,0x7E,0xFF,0x00,0x65,0xFF,0x80,0x6C,0xC3,0x00,0x6C,0xC2,0x00,0x78,0x66,0x00,0x6D,0xFF,0x80,0x6F,0xFF,0xC0,0x66,0x00,0x00,0x66,0xFF,0x00,0x66,0xFF,0x00,0x7C,0x83,0x00,0x69,0x83,0x00,0x61,0x83,0x00,0x61,0xFF,0x00,0x61,0xFF,0x00,0x20,0x81,0x00,0x00,0x00,0x00}},
/*-- char: 难 --*/
{{"\xC4\xD1"},{0x00,0x00,0x00,0x00,0x00,0x00,0x00,0x00,0x00,0x00,0x6C,0x00,0x7C,0x6C,0x00,0x7E,0x66,0x00,0x06,0xFF,0x80,0x46,0xFF,0x80,0x67,0xCC,0x00,0x37,0xFF,0x80,0x1D,0xFF,0x80,0x1C,0xCC,0x00,0x0C,0xCC,0x00,0x1E,0xFF,0x80,0x36,0xFF,0x80,0x32,0xCC,0x00,0x60,0xFF,0x80,0x40,0xFF,0xC0,0x00,0xC0,0x00,0x00,0x40,0x00,0x00,0x00,0x00}},
/*-- char: 雁 --*/
{{"\xD1\xE3"},{0x00,0x00,0x00,0x00,0x00,0x00,0x00,0x00,0x00,0x3F,0xFF,0x80,0x3F,0xFF,0x80,0x33,0x26,0x00,0x33,0x66,0x00,0x36,0x6C,0x00,0x36,0xFF,0x80,0x3E,0xED,0x00,0x3F,0xCC,0x00,0x3F,0xFF,0x80,0x36,0xFF,0x00,0x36,0xCC,0x00,0x26,0xFF,0x80,0x66,0xFF,0x00,0x66,0xCC,0x00,0x66,0xFF,0x80,0x46,0xFF,0x80,0x00,0x40,0x00,0x00,0x00,0x00}},
/*-- char: 雅 --*/
{{"\xD1\xC5"},{0x00,0x00,0x00,0x00,0x00,0x00,0x00,0x00,0x00,0x7F,0x32,0x00,0x7F,0xB6,0x00,0x36,0x66,0x00,0x36,0x7F,0x80,0x36,0xFF,0x80,0x37,0xE4,0x00,0x7F,0xEE,0x00,0x7F,0xFF,0x80,0x0E,0x66,0x00,0x0E,0x64,0x00,0x1E,0x7F,0x80,0x36,0x7F,0x80,0x66,0x66,0x00,0xE6,0x66,0x00,0x46,0x7F,0x80,0x1E,0x7F,0x80,0x0C,0x40,0x00,0x00,0x00,0x00}},
/*-- char: 雾 --*/
{{"\xCE\xED"},{0x00,0x00,0x00,0x00,0x00,0x00,0x00,0x00,0x00,0x3F,0xFF,0x00,0x3F,0xFF,0x00,0x7F,0xFF,0x80,0x7E,0xFF,0x80,0x7E,0xDD,0x80,0x7E,0xFF,0x80,0x06,0xDC,0x00,0x0F,0xFE,0x00,0x3E,0x1E,0x00,0x27,0xF8,0x00,0x7F,0xFF,0x80,0x7C,0x83,0x80,0x1F,0xFC,0x00,0x3F,0xFE,0x00,0x07,0x06,0x00,0x3E,0x3E,0x00,0x30,0x1C,0x00,0x00,0x00,0x00}},
/*-- char: 青 --*/
{{"\xC7\xE0"},{0x00,0x00,0x00,0x00,0x00,0x00,0x00,0x40,0x00,0x00,0xC0,0x00,0x3F,0xFF,0x00,0x1F,0xFE,0x00,0x1F,0xFE,0x00,0x00,0xC0,0x00,0x7F,0xFF,0x80,0x7F,0xFF,0x80,0x0F,0xFC,0x00,0x1F,0xFE,0x00,0x18,0x06,0x00,0x1F,0xFE,0x00,0x18,0x06,0x00,0x1F,0xFE,0x00,0x1F,0xFE,0x00,0x18,0x06,0x00,0x18,0x3E,0x00,0x08,0x1C,0x00,0x00,0x00,0x00}},
/*-- char: 静 --*/
{{"\xBE\xB2"},{0x00,0x00,0x00,0x00,0x00,0x00,0x08,0x10,0x00,0x0C,0x30,0x00,0x7F,0xBE,0x00,0x7F,0x7E,0x00,0x7F,0xE6,0x00,0x3F,0xFF,0x00,0x7D,0x7F,0x80,0xFF,0x99,0x80,0x3E,0x7F,0x80,0x7F,0xFF,0xC0,0x63,0x19,0x80,0x7F,0x1D,0x80,0x63,0x7F,0x80,0x7F,0x19,0x80,0x7F,0x18,0x00,0x63,0x18,0x00,0x67,0x78,0x00,0x26,0x30,0x00,0x00,0x00,0x00}},
/*-- char: 非 --*/
{{"\xB7\xC7"},{0x00,0x00,0x00,0x00,0x00,0x00,0x02,0x30,0x00,0x03,0x30,0x00,0x03,0x30,0x00,0x7F,0x3F,0x80,0x7F,0x3F,0x80,0x03,0x30,0x00,0x03,0x30,0x00,0x3F,0x3F,0x80,0x7F,0x3F,0x80,0x03,0x30,0x00,0x03,0x30,0x00,0x3F,0xBF,0x80,0x7F,0x3F,0xC0,0x46,0x30,0x00,0x0C,0x30,0x00,0x18,0x30,0x00,0x30,0x30,0x00,0x20,0x30,0x00,0x00,0x00,0x00}},
/*-- char: 靠 --*/
{{"\xBF\xBF"},{0x00,0x00,0x00,0x00,0x00,0x00,0x08,0xC0,0x00,0x1F,0xFE,0x00,0x1F,0xFF,0x00,0x30,0xC0,0x00,0x7F,0xFF,0x80,0x1F,0xFF,0x00,0x1F,0xFF,0x00,0x18,0x03,0x00,0x1F,0xFE,0x00,0x1F,0x3E,0x00,0x7F,0x3F,0x80,0x3F,0x37,0x00,0x3F,0x3F,0x00,0x03,0x30,0x00,0x7F,0x3F,0xC0,0x4E,0x30,0x00,0x3C,0x30,0x00,0x30,0x30,0x00,0x00,0x00,0x00}},
/*-- char: 面 --*/
{{"\xC3\xE6"},{0x00,0x00,0x00,0x00,0x00,0x00,0x00,0x00,0x00,0x7F,0xFF,0x80,0x7F,0xFF,0x80,0x01,0xC0,0x00,0x01,0x80,0x00,0x3F,0xFF,0x00,0x3F,0xFF,0x00,0x26,0x13,0x00,0x27,0xF3,0x00,0x27,0xF3,0x00,0x26,0x13,0x00,0x26,0x33,0x00,0x27,0xF3,0x00,0x27,0x33,0x00,0x36,0x33,0x00,0x3F,0xFF,0x00,0x3F,0xFF,0x00,0x20,0x01,0x00,0x00,0x00,0x00}},
/*-- char: 革 --*/
{{"\xB8\xEF"},{0x00,0x00,0x00,0x00,0x00,0x00,0x04,0x08,0x00,0x06,0x18,0x00,0x7F,0xFF,0x80,0x7F,0xFF,0x80,0x06,0x18,0x00,0x07,0xF8,0x00,0x00,0xC0,0x00,0x1F,0xFE,0x00,0x1F,0xFF,0x00,0x18,0xC2,0x00,0x1F,0xFF,0x00,0x1F,0xFE,0x00,0x00,0xC0,0x00,0x7F,0xFF,0x80,0x7F,0xFF,0x80,0x00,0xC0,0x00,0x00,0xC0,0x00,0x00,0xC0,0x00,0x00,0x00,0x00}},
/*-- char: 音 --*/
{{"\xD2\xF4"},{0x00,0x00,0x00,0x00,0x00,0x00,0x00,0xC0,0x00,0x00,0xC0,0x00,0x3F,0xFF,0x00,0x3F,0xFF,0x00,0x04,0x0C,0x00,0x06,0x18,0x00,0x7F,0xFF,0x80,0x7F,0xFF,0x80,0x00,0x00,0x00,0x0F,0xFE,0x00,0x1F,0xFE,0x00,0x18,0x06,0x00,0x1F,0xFE,0x00,0x1F,0xFE,0x00,0x18,0x06,0x00,0x1F,0xFE,0x00,0x1F,0xFE,0x00,0x08,0x06,0x00,0x00,0x00,0x00}},
/*-- char: 须 --*/
{{"\xD0\xEB"},{0x00,0x00,0x00,0x00,0x00,0x00,0x00,0x00,0x00,0x0D,0xFF,0x80,0x1D,0xFF,0x80,0x38,0x10,0x00,0x61,0xFF,0x00,0x01,0xFF,0x00,0x0D,0x83,0x00,0x1D,0x9B,0x00,0x39,0x9B,0x00,0x71,0x9B,0x00,0x01,0x9B,0x00,0x07,0x9B,0x00,0x0D,0x9B,0x00,0x1C,0xB4,0x00,0x38,0x36,0x00,0x70,0xE3,0x80,0x43,0x81,0x80,0x01,0x00,0x00,0x00,0x00,0x00}},
/*-- char: 顾 --*/
{{"\xB9\xCB"},{0x00,0x00,0x00,0x00,0x00,0x00,0x00,0x00,0x00,0x3F,0xFF,0x80,0x7F,0xFF,0x80,0x60,0x0C,0x00,0x6F,0x3F,0x80,0x6F,0xBF,0x80,0x6D,0xA1,0x80,0x6D,0xAD,0x80,0x6D,0xAD,0x80,0x7D,0xAD,0x80,0x6F,0xAD,0x80,0x6F,0x6D,0x80,0x6C,0x6D,0x80,0x6C,0x0C,0x00,0x6F,0x1E,0x00,0x6E,0x33,0x80,0x48,0x61,0x80,0x00,0x00,0x00,0x00,0x00,0x00}},
/*-- char: 颇 --*/
{{"\xC6\xC4"},{0x00,0x00,0x00,0x00,0x00,0x00,0x04,0x00,0x00,0x0C,0x7F,0x80,0x0E,0x7F,0x80,0x7F,0x8C,0x00,0x6D,0xBF,0x00,0x6D,0xBF,0x80,0x6C,0x21,0x80,0x7F,0xAD,0x80,0x7F,0xAD,0x80,0x61,0x2D,0x80,0x7B,0x2D,0x80,0x6F,0x2D,0x80,0x66,0x6D,0x80,0x67,0x2C,0x00,0x6D,0x9E,0x00,0x79,0x33,0x80,0xF0,0xE1,0x80,0x00,0x00,0x00,0x00,0x00,0x00}},
/*-- char: 颓 --*/
{{"\xCD\xC7"},{0x00,0x00,0x00,0x00,0x00,0x00,0x00,0x00,0x00,0x3F,0xFF,0x80,0x3E,0x7F,0x80,0x0C,0x0C,0x00,0x7F,0xFF,0x00,0x1E,0x7F,0x80,0x1F,0x65,0x80,0x7D,0xED,0x80,0x6C,0x6D,0x80,0x0C,0x6D,0x80,0x3F,0x6D,0x80,0x37,0x6D,0x80,0x33,0x6D,0x80,0x33,0x18,0x00,0x33,0x9E,0x00,0x63,0x33,0x00,0x60,0xE1,0x80,0x00,0x00,0x00,0x00,0x00,0x00}},
/*-- char: 题 --*/
{{"\xCC\xE2"},{0x00,0x00,0x00,0x00,0x00,0x00,0x00,0x00,0x00,0x3F,0x7F,0x80,0x3F,0x7F,0x80,0x3F,0x08,0x00,0x3F,0x3F,0x80,0x33,0x7F,0x80,0x3F,0x6D,0x80,0x00,0x6D,0x80,0x7F,0xED,0x80,0x7F,0xED,0x80,0x2C,0x6D,0x80,0x3F,0x69,0x80,0x3F,0x9E,0x00,0x3C,0x33,0x00,0x7C,0xE1,0x80,0x6F,0xC0,0x80,0x47,0xFF,0x80,0x00,0x00,0x00,0x00,0x00,0x00}},
/*-- char: 风 --*/
{{"\xB7\xE7"},{0x00,0x00,0x00,0x00,0x00,0x00,0x00,0x00,0x00,0x1F,0xFE,0x00,0x1F,0xFE,0x00,0x18,0x06,0x00,0x18,0x16,0x00,0x1E,0x36,0x00,0x1B,0x36,0x00,0x19,0xE6,0x00,0x19,0xE6,0x00,0x30,0xC6,0x00,0x30,0xE6,0x00,0x31,0xF2,0x00,0x33,0x32,0x00,0x37,0x1B,0x00,0x2E,0x1B,0xC0,0x60,0x03,0xC0,0x60,0x01,0x80,0x00,0x00,0x80,0x00,0x00,0x00}},
/*-- char: 飘 --*/
{{"\xC6\xAE"},{0x00,0x00,0x00,0x00,0x00,0x00,0x00,0x00,0x00,0x7F,0xBF,0x00,0x7F,0x7F,0x00,0x3F,0x63,0x00,0x7F,0xE7,0x00,0x5F,0xF7,0x00,0x7F,0xFF,0x00,0x7F,0xFF,0x00,0x3F,0x6F,0x00,0x3F,0x6F,0x00,0x00,0x6F,0x00,0x7F,0xFF,0x00,0x7F,0xDF,0x00,0x2E,0x77,0x00,0x6F,0xF7,0x80,0x6D,0xE1,0xC0,0x5C,0x81,0x80,0x18,0x00,0x00,0x00,0x00,0x00}},
/*-- char: 飞 --*/
{{"\xB7\xC9"},{0x00,0x00,0x00,0x00,0x00,0x00,0x00,0x00,0x00,0x7F,0xF0,0x00,0x7F,0xF0,0x00,0x00,0x31,0x80,0x00,0x33,0x00,0x00,0x36,0x00,0x00,0x3C,0x00,0x00,0x38,0x00,0x00,0x3E,0x00,0x00,0x1F,0x00,0x00,0x19,0x80,0x00,0x18,0x00,0x00,0x18,0x00,0x00,0x18,0xC0,0x00,0x0C,0xC0,0x00,0x0F,0x80,0x00,0x07,0x80,0x00,0x00,0x00,0x00,0x00,0x00}},
/*-- char: 饭 --*/
{{"\xB7\xB9"},{0x00,0x00,0x00,0x00,0x00,0x00,0x10,0x00,0x00,0x30,0x0F,0x80,0x30,0xFF,0x00,0x3E,0xF0,0x00,0x3E,0x80,0x00,0x66,0xC0,0x00,0x66,0xFF,0x00,0xDC,0xFF,0x00,0x18,0xF3,0x00,0x18,0xB3,0x00,0x19,0x92,0x00,0x19,0x9E,0x00,0x19,0x9C,0x00,0x1F,0x8C,0x00,0x1D,0x1E,0x00,0x3B,0x73,0x00,0x33,0xE1,0x80,0x00,0x00,0x00,0x00,0x00,0x00}},
/*-- char: 馆 --*/
{{"\xB9\xDD"},{0x00,0x00,0x00,0x00,0x00,0x00,0x10,0x10,0x00,0x30,0x18,0x00,0x31,0xFF,0x80,0x3F,0xFF,0x80,0x3F,0x81,0x80,0x67,0xFF,0x80,0x64,0xFF,0x00,0x7C,0xC3,0x00,0x58,0xC3,0x00,0x18,0xFF,0x00,0x18,0xC0,0x00,0x18,0xFF,0x00,0x18,0xFF,0x80,0x1E,0xC1,0x80,0x1E,0xC1,0x80,0x38,0xFF,0x80,0x30,0xFF,0x80,0x00,0x01,0x00,0x00,0x00,0x00}},
/*-- char: 马 --*/
{{"\xC2\xED"},{0x00,0x00,0x00,0x00,0x00,0x00,0x00,0x00,0x00,0x3F,0xFC,0x00,0x3F,0xFC,0x00,0x00,0x0C,0x00,0x08,0x0C,0x00,0x0C,0x0C,0x00,0x0C,0x0C,0x00,0x18,0x0C,0x00,0x1F,0xFF,0x00,0x1F,0xFF,0x80,0x00,0x01,0x80,0x00,0x01,0x80,0x7F,0xFB,0x00,0x7F,0xFB,0x00,0x00,0x03,0x00,0x00,0x03,0x00,0x00,0x3E,0x00,0x00,0x1C,0x00,0x00,0x00,0x00}},
/*-- char: 高 --*/
{{"\xB8\xDF"},{0x00,0x00,0x00,0x00,0x00,0x00,0x00,0xC0,0x00,0x00,0xC0,0x00,0x7F,0xFF,0x80,0x7F,0xFF,0x80,0x0F,0xFC,0x00,0x0F,0xFC,0x00,0x0C,0x0C,0x00,0x0F,0xFC,0x00,0x0F,0xFC,0x00,0x3F,0xFF,0x00,0x3F,0xFF,0x00,0x30,0x01,0x00,0x37,0xFB,0x00,0x36,0x1B,0x00,0x37,0xFB,0x00,0x37,0xFB,0x00,0x36,0x0F,0x00,0x20,0x0E,0x00,0x00,0x00,0x00}},
/*-- char: 鲜 --*/
{{"\xCF\xCA"},{0x00,0x00,0x00,0x00,0x00,0x00,0x00,0x00,0x00,0x18,0x21,0x00,0x1F,0x33,0x00,0x3F,0x32,0x00,0x22,0x7F,0x80,0x7F,0x7F,0x80,0x7F,0x0C,0x00,0x69,0x0C,0x00,0x7F,0x7F,0x80,0x7F,0x7F,0x80,0x6D,0x0C,0x00,0x6D,0x8C,0x00,0x7F,0xFF,0xC0,0x3F,0x7D,0x80,0x03,0x0C,0x00,0x7F,0x8C,0x00,0x70,0x0C,0x00,0x00,0x0C,0x00,0x00,0x00,0x00}},
/*-- char: 黄 --*/
{{"\xBB\xC6"},{0x00,0x00,0x00,0x00,0x00,0x00,0x06,0x18,0x00,0x06,0x18,0x00,0x3F,0xFF,0x00,0x3F,0xFF,0x00,0x06,0x18,0x00,0x7F,0xFF,0x80,0x7F,0xFF,0x80,0x1F,0xFE,0x00,0x1F,0xFF,0x00,0x18,0xC2,0x00,0x1F,0xFE,0x00,0x1F,0xFE,0x00,0x18,0xC7,0x00,0x1F,0xFE,0x00,0x06,0x18,0x00,0x1E,0x1E,0x00,0x78,0x07,0x80,0x20,0x00,0x00,0x00,0x00,0x00}},
/*-- char: 黑 --*/
{{"\xBA\xDA"},{0x00,0x00,0x00,0x00,0x00,0x00,0x00,0x00,0x00,0x1F,0xFE,0x00,0x3F,0xFE,0x00,0x36,0xDA,0x00,0x36,0xDA,0x00,0x32,0xD6,0x00,0x3F,0xFE,0x00,0x1F,0xFE,0x00,0x00,0xC0,0x00,0x3F,0xFF,0x00,0x00,0xC0,0x00,0x00,0xC0,0x00,0x7F,0xFF,0x80,0x00,0x00,0x00,0x12,0x22,0x00,0x33,0x33,0x00,0x63,0x31,0x80,0x00,0x00,0x00,0x00,0x00,0x00}},
/*-- char: 默 --*/
{{"\xC4\xAC"},{0x00,0x00,0x00,0x00,0x00,0x00,0x00,0x08,0x00,0x7F,0x8C,0x00,0x7F,0x8F,0x00,0x7D,0x8F,0x00,0x7F,0x8D,0x80,0x7F,0x8C,0x00,0x7F,0xFF,0x80,0x3F,0xBF,0x80,0x0C,0x0C,0x00,0x7F,0x8C,0x00,0x0C,0x1C,0x00,0x3F,0x9E,0x00,0x7F,0x9A,0x00,0x20,0x33,0x00,0x7F,0xB3,0x00,0x7A,0xE1,0x80,0x4A,0x60,0xC0,0x00,0x00,0x00,0x00,0x00,0x00}},
/*-- char: ！ --*/
{{"\xA3\xA1"},{0x00,0x00,0x00,0x00,0x00,0x00,0x00,0x00,0x00,0x00,0x00,0x00,0x00,0xC0,0x00,0x00,0xC0,0x00,0x00,0xC0,0x00,0x00,0xC0,0x00,0x00,0xC0,0x00,0x00,0xC0,0x00,0x00,0xC0,0x00,0x00,0xC0,0x00,0x00,0xC0,0x00,0x00,0xC0,0x00,0x00,0x00,0x00,0x00,0x00,0x00,0x00,0xC0,0x00,0x00,0xC0,0x00,0x00,0x00,0x00,0x00,0x00,0x00,0x00,0x00,0x00}},
/*-- char: （ --*/
{{"\xA3\xA8"},{0x00,0x00,0x00,0x00,0x00,0x00,0x00,0x00,0x80,0x00,0x01,0x80,0x00,0x03,0x00,0x00,0x03,0x00,0x00,0x06,0x00,0x00,0x06,0x00,0x00,0x04,0x00,0x00,0x0C,0x00,0x00,0x0C,0x00,0x00,0x0C,0x00,0x00,0x0C,0x00,0x00,0x0C,0x00,0x00,0x06,0x00,0x00,0x06,0x00,0x00,0x02,0x00,0x00,0x03,0x00,0x00,0x01,0x80,0x00,0x00,0x80,0x00,0x00,0x00}},
/*-- char: ） --*/
{{"\xA3\xA9"},{0x00,0x00,0x00,0x00,0x00,0x00,0x40,0x00,0x00,0x60,0x00,0x00,0x30,0x00,0x00,0x30,0x00,0x00,0x18,0x00,0x00,0x18,0x00,0x00,0x08,0x00,0x00,0x0C,0x00,0x00,0x0C,0x00,0x00,0x0C,0x00,0x00,0x0C,0x00,0x00,0x0C,0x00,0x00,0x18,0x00,0x00,0x18,0x00,0x00,0x10,0x00,0x00,0x30,0x00,0x00,0x60,0x00,0x00,0x40,0x00,0x00,0x00,0x00,0x00}},
/*-- char: ， --*/
{{"\xA3\xAC"},{0x00,0x00,0x00,0x00,0x00,0x00,0x00,0x00,0x00,0x00,0x00,0x00,0x00,0x00,0x00,0x00,0x00,0x00,0x00,0x00,0x00,0x00,0x00,0x00,0x00,0x00,0x00,0x00,0x00,0x00,0x00,0x00,0x00,0x00,0x00,0x00,0x00,0x00,0x00,0x08,0x00,0x00,0x1C,0x00,0x00,0x1C,0x00,0x00,0x0C,0x00,0x00,0x0C,0x00,0x00,0x18,0x00,0x00,0x30,0x00,0x00,0x00,0x00,0x00}},
/*-- char: ： --*/
{{"\xA3\xBA"},{0x00,0x00,0x00,0x00,0x00,0x00,0x00,0x00,0x00,0x00,0x00,0x00,0x00,0x00,0x00,0x00,0xC0,0x00,0x01,0xE0,0x00,0x00,0xC0,0x00,0x00,0x00,0x00,0x00,0x00,0x00,0x00,0x00,0x00,0x00,0x00,0x00,0x00,0x00,0x00,0x00,0x00,0x00,0x00,0xC0,0x00,0x01,0xE0,0x00,0x00,0xC0,0x00,0x00,0x00,0x00,0x00,0x00,0x00,0x00,0x00,0x00,0x00,0x00,0x00}},
/*-- char: ； --*/
{{"\xA3\xBB"},{0x00,0x00,0x00,0x00,0x00,0x00,0x00,0x00,0x00,0x00,0x00,0x00,0x00,0x00,0x00,0x00,0xC0,0x00,0x01,0xE0,0x00,0x00,0xC0,0x00,0x00,0x00,0x00,0x00,0x00,0x00,0x00,0x00,0x00,0x00,0x00,0x00,0x00,0x00,0x00,0x00,0xC0,0x00,0x01,0xE0,0x00,0x00,0xE0,0x00,0x00,0x60,0x00,0x00,0x40,0x00,0x01,0xC0,0x00,0x01,0x80,0x00,0x00,0x00,0x00}},
/*-- char: ？ --*/
{{"\xA3\xBF"},{0x00,0x00,0x00,0x00,0x00,0x00,0x00,0x00,0x00,0x00,0x00,0x00,0x03,0xF0,0x00,0x07,0xF8,0x00,0x04,0x18,0x00,0x00,0x0C,0x00,0x00,0x18,0x00,0x00,0x38,0x00,0x00,0x60,0x00,0x00,0xC0,0x00,0x00,0xC0,0x00,0x00,0xC0,0x00,0x00,0x00,0x00,0x00,0x80,0x00,0x00,0xC0,0x00,0x00,0xC0,0x00,0x00,0x00,0x00,0x00,0x00,0x00,0x00,0x00,0x00}},
};

cFONT Font12CN = {
    Font12CN_Table,
    sizeof(Font12CN_Table) / sizeof(CH_CN),
    8,
    18,
    21,
};
